Unnamed: 0,Formula,Num_Runs,Run_Names,Avg_Score,name,smiles
15289,C9H17N3O5S,13,"large, large, large, large, large, large, large, large, large, large, large, large, tiny",74.27076923076923,['[(2R)-2-amino-3-sulfanylpropanoyl] (2S)-2-amino-3-[(2S)-2-aminopropanoyl]oxypropanoate'],['C[C@@H](C(=O)OC[C@@H](C(=O)OC(=O)[C@H](CS)N)N)N']
6012,C35H52O4,9,"bigmed, large, large, large, large, large, large, med, tiny",85.70777777777778,"['(1R,5R,7S,8R)-4-hydroxy-8-methyl-3,5,7-tris(3-methylbut-2-enyl)-8-(4-methylpent-3-enyl)-1-(2-methylpropanoyl)bicyclo[3.3.1]non-3-ene-2,9-dione']",['CC(C)C(=O)[C@]12C(=O)C(=C([C@](C1=O)(C[C@@H]([C@@]2(C)CCC=C(C)C)CC=C(C)C)CC=C(C)C)O)CC=C(C)C']
7376,C40H64O6,8,"bigmed, large, large, large, large, large, med, tiny",74.0475,"['[(4S,4aR,5S,6R,6aR,6aS,6bR,8aR,10S,12aR,14bS)-5,6,10-trihydroxy-4a-(hydroxymethyl)-2,2,6a,6b,9,9,12a-heptamethyl-1,3,4,5,6,6a,7,8,8a,10,11,12,13,14b-tetradecahydropicen-4-yl] (2Z)-3,7-dimethylocta-2,6-dienoate']",['CC(=CCC/C(=C\\C(=O)O[C@H]1CC(C[C@@H]2[C@]1([C@@H]([C@@H]([C@@]3(C2=CC[C@H]4[C@]3(CC[C@@H]5[C@@]4(CC[C@@H](C5(C)C)O)C)C)C)O)O)CO)(C)C)/C)C']
4295,C28H57O7P,8,"bigmed, large, large, large, large, large, med, tiny",72.43125,['(2-hydroxy-3-phosphonooxypropyl) 22-methyltetracosanoate'],['CCC(C)CCCCCCCCCCCCCCCCCCCCC(=O)OCC(COP(=O)(O)O)O']
6092,C35H58O5,8,"bigmed, large, large, large, large, large, med, tiny",75.74125000000001,"['5-[[(1S,3aS,5aR,5bR,7aR,9S,11aR,11bR,13aR,13bR)-3a-(hydroxymethyl)-5a,5b,8,8,11a-pentamethyl-1-propan-2-yl-1,2,3,4,5,6,7,7a,9,10,11,11b,12,13,13a,13b-hexadecahydrocyclopenta[a]chrysen-9-yl]oxy]-5-oxopentanoic acid']",['CC(C)[C@@H]1CC[C@]2([C@H]1[C@H]3CC[C@@H]4[C@]5(CC[C@@H](C([C@@H]5CC[C@]4([C@@]3(CC2)C)C)(C)C)OC(=O)CCCC(=O)O)C)CO']
10179,C4H6O2,8,"bigmed, large, large, large, large, large, med, tiny",81.42375,"['butane-2,3-dione']",['CC(=O)C(=O)C']
856,C15H22O,8,"bigmed, large, large, large, large, large, med, tiny",77.43625,"['(4R,4aS,6R)-4,4a-dimethyl-6-prop-1-en-2-yl-3,4,5,6,7,8-hexahydronaphthalen-2-one']",['C[C@@H]1CC(=O)C=C2[C@]1(C[C@@H](CC2)C(=C)C)C']
5917,C34H65NO2,8,"bigmed, large, large, large, large, large, med, tiny",98.775,['N-[(Z)-octadec-9-enyl]-2-oxohexadecanamide'],['CCCCCCCCCCCCCCC(=O)C(=O)NCCCCCCCC/C=C\\CCCCCCCC']
12973,C62H122NO10P,7,"bigmed, large, large, large, large, med, tiny",76.68714285714285,"['(2S)-2-amino-3-[[(2R)-2,3-di(octacosanoyloxy)propoxy]-hydroxyphosphoryl]oxypropanoic acid']",['CCCCCCCCCCCCCCCCCCCCCCCCCCCC(=O)OC[C@H](COP(=O)(O)OC[C@@H](C(=O)O)N)OC(=O)CCCCCCCCCCCCCCCCCCCCCCCCCCC']
2928,C24H36O5,7,"bigmed, large, large, large, large, med, tiny",66.55285714285715,"['[(1S,3R,7S,8S,8aR)-8-[2-[(2R,4R)-4-hydroxy-6-oxooxan-2-yl]ethyl]-3,7-dimethyl-1,2,3,7,8,8a-hexahydronaphthalen-1-yl] (2S)-2-methylbutanoate']",['CC[C@H](C)C(=O)O[C@H]1C[C@H](C=C2[C@H]1[C@H]([C@H](C=C2)C)CC[C@@H]3C[C@H](CC(=O)O3)O)C']
6207,C35H67O9P,7,"bigmed, large, large, large, large, med, tiny",69.96285714285715,"['[(2R)-1-[[(2S)-2,3-dihydroxypropoxy]-hydroxyphosphoryl]oxy-3-[(Z)-pentadec-1-enoxy]propan-2-yl] (Z)-tetradec-9-enoate']",['CCCCCCCCCCCCC/C=C\\OC[C@H](COP(=O)(O)OC[C@H](CO)O)OC(=O)CCCCCCC/C=C\\CCCC']
7734,C41H73O7P,7,"bigmed, large, large, large, large, med, tiny",67.79428571428572,"['[(2R)-1-octadecoxy-3-phosphonooxypropan-2-yl] (5Z,8Z,11Z,14Z,17Z)-icosa-5,8,11,14,17-pentaenoate']",['CCCCCCCCCCCCCCCCCCOC[C@H](COP(=O)(O)O)OC(=O)CCC/C=C\\C/C=C\\C/C=C\\C/C=C\\C/C=C\\CC']
3681,C26H53N2O6P,7,"bigmed, large, large, large, large, med, tiny",79.1557142857143,"['2-azaniumylethyl [(E,2S,3R)-2-(hexanoylamino)-3-hydroxyoctadec-4-enyl] phosphate']",['CCCCCCCCCCCCC/C=C/[C@H]([C@H](COP(=O)([O-])OCC[NH3+])NC(=O)CCCCC)O']
6466,C36H69NO9,7,"bigmed, large, large, large, large, med, tiny",68.57857142857144,"['(2S,3S,4S,5R,6R)-3,4,5-trihydroxy-6-[(2S,3R)-3-hydroxy-2-(tetradecanoylamino)hexadecoxy]oxane-2-carboxylic acid']",['CCCCCCCCCCCCC[C@H]([C@H](CO[C@H]1[C@@H]([C@H]([C@@H]([C@H](O1)C(=O)O)O)O)O)NC(=O)CCCCCCCCCCCCC)O']
5002,C31H52N2O6,7,"bigmed, large, large, large, large, med, tiny",72.11571428571429,"['[2-(4-aminobutanoyloxy)-3-(4-aminohex-5-enoyloxy)propyl] (9Z,12Z,15Z)-octadeca-9,12,15-trienoate']",['CC/C=C\\C/C=C\\C/C=C\\CCCCCCCC(=O)OCC(COC(=O)CCC(C=C)N)OC(=O)CCCN']
7587,C41H58O6,7,"bigmed, large, large, large, large, med, tiny",75.73428571428572,"['4-[[(3S,4aR,6aR,6bS,8aS,11R,12S,12aS,14aR,14bR)-4,4,6a,6b,11,12,14b-heptamethyl-8a-phenylmethoxycarbonyl-2,3,4a,5,6,7,8,9,10,11,12,12a,14,14a-tetradecahydro-1H-picen-3-yl]oxy]-4-oxobutanoic acid']",['C[C@@H]1CC[C@@]2(CC[C@@]3(C(=CC[C@H]4[C@]3(CC[C@@H]5[C@@]4(CC[C@@H](C5(C)C)OC(=O)CCC(=O)O)C)C)[C@@H]2[C@H]1C)C)C(=O)OCC6=CC=CC=C6']
5545,C33H54O4,7,"bigmed, large, large, large, large, med, tiny",72.39428571428572,"['trans-(1R,3S,5Z)-5-[(2E)-2-[(1S,7aS)-1-[(1R,2R)-2-(3-hydroxy-3-methylbutyl)-1-(4-hydroxy-4-methylpentyl)cyclopropyl]-7a-methyl-2,3,3a,5,6,7-hexahydro-1H-inden-4-ylidene]ethylidene]-4-methylidenecyclohexane-1,3-diol']",['C[C@]12CCC/C(=C\\C=C/3\\C[C@H](C[C@@H](C3=C)O)O)/C1CC[C@@H]2[C@@]4(C[C@H]4CCC(C)(C)O)CCCC(C)(C)O']
15126,C8H14O4,7,"bigmed, large, large, large, large, med, tiny",74.94714285714285,['dimethyl hexanedioate'],['COC(=O)CCCCC(=O)OC']
5932,C34H66NO9P,7,"bigmed, large, large, large, large, med, tiny",77.26285714285714,['(2S)-2-amino-3-[[(2R)-2-dodecanoyloxy-3-[(Z)-hexadec-1-enoxy]propoxy]-hydroxyphosphoryl]oxypropanoic acid'],['CCCCCCCCCCCCCC/C=C\\OC[C@H](COP(=O)(O)OC[C@@H](C(=O)O)N)OC(=O)CCCCCCCCCCC']
15281,C9H16O,7,"bigmed, large, large, large, large, med, tiny",97.89428571428572,['(Z)-non-2-enal'],['CCCCCC/C=C\\C=O']
4715,C30H49NO7,7,"bigmed, large, large, large, large, med, tiny",64.23285714285714,"['tert-butyl N-[(1S,3S)-3-[[4-methoxy-3-(3-methoxypropoxy)phenyl]methyl]-4-methyl-1-[(2S,4S)-5-oxo-4-propan-2-yloxolan-2-yl]pentyl]carbamate']",['CC(C)[C@@H]1C[C@H](OC1=O)[C@H](C[C@H](CC2=CC(=C(C=C2)OC)OCCCOC)C(C)C)NC(=O)OC(C)(C)C']
4758,C30H52N2O6,7,"bigmed, large, large, large, large, med, tiny",62.39571428571429,"['6-amino-2-[4-(3,7,12-trihydroxy-10,13-dimethyl-2,3,4,5,6,7,8,9,11,12,14,15,16,17-tetradecahydro-1H-cyclopenta[a]phenanthren-17-yl)pentanoylamino]hexanoic acid']",['CC(CCC(=O)NC(CCCCN)C(=O)O)C1CCC2C1(C(CC3C2C(CC4C3(CCC(C4)O)C)O)O)C']
7820,C41H79O13P,7,"bigmed, large, large, large, large, med, tiny",74.56714285714285,"['[(2R)-2-hexadecanoyloxy-3-[hydroxy-[(5R)-2,3,4,5,6-pentahydroxycyclohexyl]oxyphosphoryl]oxypropyl] hexadecanoate']",['CCCCCCCCCCCCCCCC(=O)OC[C@H](COP(=O)(O)OC1C([C@@H](C(C(C1O)O)O)O)O)OC(=O)CCCCCCCCCCCCCCC']
8011,C42H76NO10P,7,"bigmed, large, large, large, large, med, tiny",63.98285714285714,"['(2S)-2-amino-3-[hydroxy-[(2R)-3-octadecanoyloxy-2-[(9Z,12Z,15Z)-octadeca-9,12,15-trienoyl]oxypropoxy]phosphoryl]oxypropanoic acid']",['CCCCCCCCCCCCCCCCCC(=O)OC[C@H](COP(=O)(O)OC[C@@H](C(=O)O)N)OC(=O)CCCCCCC/C=C\\C/C=C\\C/C=C\\CC']
5899,C34H63O9P,7,"bigmed, large, large, large, large, med, tiny",73.0,"['[1-[2,3-dihydroxypropoxy(hydroxy)phosphoryl]oxy-3-[(9Z,12Z,15Z)-octadeca-9,12,15-trienoxy]propan-2-yl] decanoate']",['CCCCCCCCCC(=O)OC(COCCCCCCCC/C=C\\C/C=C\\C/C=C\\CC)COP(=O)(O)OCC(CO)O']
2680,C23H36O4,6,"bigmed, large, large, large, med, tiny",75.87833333333333,"['(3S,4S)-3-decyl-4-[2-(3,4-dimethoxyphenyl)ethyl]oxetan-2-one']",['CCCCCCCCCC[C@H]1[C@@H](OC1=O)CCC2=CC(=C(C=C2)OC)OC']
5112,C31H58O10,6,"bigmed, large, large, large, med, tiny",74.80333333333333,"['[(3R,4R,5S,6S)-3-dodecanoyloxy-3,4,5-trihydroxy-2-(hydroxymethyl)-6-methoxyoxan-2-yl] dodecanoate']",['CCCCCCCCCCCC(=O)O[C@@]1([C@@H]([C@@H]([C@H](OC1(CO)OC(=O)CCCCCCCCCCC)OC)O)O)O']
11069,C53H82NO8P,6,"bigmed, large, large, large, med, tiny",97.36833333333334,"['[1-[2-aminoethoxy(hydroxy)phosphoryl]oxy-3-[(4Z,7Z,10Z,13Z)-hexadeca-4,7,10,13-tetraenoyl]oxypropan-2-yl] (8Z,11Z,14Z,17Z,20Z,23Z,26Z,29Z)-dotriaconta-8,11,14,17,20,23,26,29-octaenoate']",['CC/C=C\\C/C=C\\C/C=C\\C/C=C\\CCC(=O)OCC(COP(=O)(O)OCCN)OC(=O)CCCCCC/C=C\\C/C=C\\C/C=C\\C/C=C\\C/C=C\\C/C=C\\C/C=C\\C/C=C\\CC']
6997,C38H73NO9,6,"bigmed, large, large, large, med, tiny",64.78,"['(2S,3R,4S,5R,6S)-3,4,5-trihydroxy-6-[(2S,3R)-3-hydroxy-2-(tetradecanoylamino)octadecoxy]oxane-2-carboxylic acid']",['CCCCCCCCCCCCCCC[C@H]([C@H](CO[C@@H]1[C@@H]([C@H]([C@H]([C@H](O1)C(=O)O)O)O)O)NC(=O)CCCCCCCCCCCCC)O']
3031,C24H42O6,6,"bigmed, large, large, large, med, tiny",61.185,"['[(4E)-2-(hydroxymethyl)-4-(12-methoxydodecylidene)-5-oxooxolan-2-yl]methyl 2,2-dimethylpropanoate']",['CC(C)(C)C(=O)OCC1(C/C(=C\\CCCCCCCCCCCOC)/C(=O)O1)CO']
8094,C42H81O7P,6,"bigmed, large, large, large, med, tiny",70.45333333333333,['[(2R)-1-[(Z)-icos-1-enoxy]-3-phosphonooxypropan-2-yl] (Z)-nonadec-9-enoate'],['CCCCCCCCCCCCCCCCCC/C=C\\OC[C@H](COP(=O)(O)O)OC(=O)CCCCCCC/C=C\\CCCCCCCCC']
2868,C24H30O6,6,"bigmed, large, large, large, med, tiny",88.04333333333334,"[""methyl (1R,2S,9R,10R,11S,14R,15S,17R)-2,15-dimethyl-5,5'-dioxospiro[18-oxapentacyclo[8.8.0.01,17.02,7.011,15]octadec-6-ene-14,2'-oxolane]-9-carboxylate""]",['C[C@]12CCC(=O)C=C1C[C@H]([C@@H]3[C@]24[C@H](O4)C[C@]5([C@H]3CC[C@@]56CCC(=O)O6)C)C(=O)OC']
6766,C37H74NO9P,6,"bigmed, large, large, large, med, tiny",70.31833333333333,['(2S)-2-amino-3-[hydroxy-[(2R)-3-octadecoxy-2-tridecanoyloxypropoxy]phosphoryl]oxypropanoic acid'],['CCCCCCCCCCCCCCCCCCOC[C@H](COP(=O)(O)OC[C@@H](C(=O)O)N)OC(=O)CCCCCCCCCCCC']
6740,C37H71O9P,6,"bigmed, large, large, large, med, tiny",70.79666666666667,"['[(2R)-1-[[(2S)-2,3-dihydroxypropoxy]-hydroxyphosphoryl]oxy-3-[(Z)-hexadec-1-enoxy]propan-2-yl] (Z)-pentadec-9-enoate']",['CCCCCCCCCCCCCC/C=C\\OC[C@H](COP(=O)(O)OC[C@H](CO)O)OC(=O)CCCCCCC/C=C\\CCCCC']
6738,C37H71O7P,6,"bigmed, large, large, large, med, tiny",71.40666666666667,['[(2R)-3-hexadecoxy-2-[(Z)-octadec-9-enoyl]oxypropyl] phosphate'],['CCCCCCCCCCCCCCCCOC[C@H](COP(=O)([O-])[O-])OC(=O)CCCCCCC/C=C\\CCCCCCCC']
8581,C44H78NO7P,6,"bigmed, large, large, large, med, tiny",59.105,"['[2-[(1Z,11Z)-octadeca-1,11-dienoxy]-3-[(6Z,9Z,12Z,15Z)-octadeca-6,9,12,15-tetraenoyl]oxypropyl] 2-(trimethylazaniumyl)ethyl phosphate']",['CCCCCC/C=C\\CCCCCCCC/C=C\\OC(COC(=O)CCCC/C=C\\C/C=C\\C/C=C\\C/C=C\\CC)COP(=O)([O-])OCC[N+](C)(C)C']
12531,C5H8O2,6,"bigmed, large, large, large, med, tiny",97.635,['pentanedial'],['C(CC=O)CC=O']
1074,C16H26N6O5,6,"bigmed, large, large, large, med, tiny",75.13333333333334,['(2S)-2-[[(2S)-2-[(2-acetamidoacetyl)amino]-3-(1H-imidazol-5-yl)propanoyl]amino]-6-aminohexanoic acid'],['CC(=O)NCC(=O)N[C@@H](CC1=CN=CN1)C(=O)N[C@@H](CCCCN)C(=O)O']
5393,C32H62NO11P,6,"bigmed, large, large, large, med, tiny",66.55,"['[2-[hydroxy-[2-[[2-(3-methoxy-3-methylbutoxy)-2-methylpropanoyl]amino]ethoxy]phosphoryl]oxy-3-(2,2,4-trimethylpentanoyloxy)propyl] 2,2,4,4-tetramethylpentanoate']",['CC(C)CC(C)(C)C(=O)OCC(COC(=O)C(C)(C)CC(C)(C)C)OP(=O)(O)OCCNC(=O)C(C)(C)OCCC(C)(C)OC']
6578,C37H59NO8,6,"bigmed, large, large, large, med, tiny",86.20833333333333,"['[(1S,4R,5R,6R,8R,10S,11R,12S,13R,16R,18S,21R)-8-[(1S)-1-acetyloxy-2-hydroxy-2-methylpropyl]-11-hydroxy-4,6,12,17,17-pentamethyl-9-oxahexacyclo[11.9.0.01,21.04,12.05,10.016,21]docosan-18-yl] morpholine-4-carboxylate']",['C[C@@H]1C[C@@H](O[C@H]2[C@H]1[C@]3(CC[C@@]45C[C@@]46CC[C@@H](C([C@@H]6CC[C@H]5[C@@]3([C@H]2O)C)(C)C)OC(=O)N7CCOCC7)C)[C@@H](C(C)(C)O)OC(=O)C']
608,C13H9NO2,6,"bigmed, large, large, large, med, tiny",70.125,['2-nitro-9H-fluorene'],['C1C2=CC=CC=C2C3=C1C=C(C=C3)[N+](=O)[O-]']
1444,C18H26O4,6,"bigmed, large, large, large, med, tiny",67.755,"['dipentyl benzene-1,2-dicarboxylate']",['CCCCCOC(=O)C1=CC=CC=C1C(=O)OCCCCC']
7974,C42H73O10P,6,"bigmed, large, large, large, med, tiny",63.825,"['[(2R)-3-[[(2S)-2,3-dihydroxypropoxy]-hydroxyphosphoryl]oxy-2-[(6Z,9Z,12Z)-octadeca-6,9,12-trienoyl]oxypropyl] (9Z,12Z)-octadeca-9,12-dienoate']",['CCCCC/C=C\\C/C=C\\CCCCCCCC(=O)OC[C@H](COP(=O)(O)OC[C@H](CO)O)OC(=O)CCCC/C=C\\C/C=C\\C/C=C\\CCCCC']
2201,C21H33NO4,6,"bigmed, large, large, large, med, tiny",56.39166666666667,"['7-[(2R)-2-[(E,3S,4S)-3-hydroxy-4-methylnon-1-en-6-ynyl]-5-oxopyrrolidin-1-yl]heptanoic acid']",['CCC#CC[C@H](C)[C@@H](/C=C/[C@H]1CCC(=O)N1CCCCCCC(=O)O)O']
5547,C33H54O6,6,"bigmed, large, large, large, med, tiny",77.22666666666667,"['tris(2-ethylhexyl) benzene-1,2,4-tricarboxylate']",['CCCCC(CC)COC(=O)C1=CC(=C(C=C1)C(=O)OCC(CC)CCCC)C(=O)OCC(CC)CCCC']
13467,C65H127O8P,6,"bigmed, large, large, large, med, tiny",74.88333333333334,[],[]
158,C11H14N2O4,6,"bigmed, large, large, large, med, tiny",68.35666666666667,['(3-carbamoyloxy-2-phenylpropyl) carbamate'],['C1=CC=C(C=C1)C(COC(=O)N)COC(=O)N']
6395,C36H64NO9P,6,"bigmed, large, large, large, med, tiny",80.11666666666666,"['2-amino-3-[[2-dodecanoyloxy-3-[(6Z,9Z,12Z,15Z)-octadeca-6,9,12,15-tetraenoxy]propoxy]-hydroxyphosphoryl]oxypropanoic acid']",['CCCCCCCCCCCC(=O)OC(COCCCCC/C=C\\C/C=C\\C/C=C\\C/C=C\\CC)COP(=O)(O)OCC(C(=O)O)N']
7139,C39H67N2O6P,6,"bigmed, large, large, large, med, tiny",75.21666666666667,"['[(4E,8E,12E)-2-[[(4Z,7Z,10Z,13Z)-hexadeca-4,7,10,13-tetraenoyl]amino]-3-hydroxyoctadeca-4,8,12-trienyl] 2-(trimethylazaniumyl)ethyl phosphate']",['CCCCC/C=C/CC/C=C/CC/C=C/C(C(COP(=O)([O-])OCC[N+](C)(C)C)NC(=O)CC/C=C\\C/C=C\\C/C=C\\C/C=C\\CC)O']
10341,C50H88NO11P,6,"bigmed, large, large, large, med, tiny",77.62666666666667,"['(2S)-2-amino-3-[hydroxy-[(2R)-2-[(6E,8Z,11Z,14Z)-5-oxoicosa-6,8,11,14-tetraenoyl]oxy-3-tetracosanoyloxypropoxy]phosphoryl]oxypropanoic acid']",['CCCCCCCCCCCCCCCCCCCCCCCC(=O)OC[C@H](COP(=O)(O)OC[C@@H](C(=O)O)N)OC(=O)CCCC(=O)/C=C/C=C\\C/C=C\\C/C=C\\CCCCC']
7176,C39H69O7P,6,"bigmed, large, large, large, med, tiny",74.06166666666667,"['[(2R)-3-hexadecoxy-2-[(5Z,8Z,11Z,14Z)-icosa-5,8,11,14-tetraenoyl]oxypropyl] phosphate']",['CCCCCCCCCCCCCCCCOC[C@H](COP(=O)([O-])[O-])OC(=O)CCC/C=C\\C/C=C\\C/C=C\\C/C=C\\CCCCC']
7550,C40H78NO9P,6,"bigmed, large, large, large, med, tiny",73.71666666666665,['(2S)-2-amino-3-[[(2R)-2-[(Z)-hexadec-9-enoyl]oxy-3-octadecoxypropoxy]-hydroxyphosphoryl]oxypropanoic acid'],['CCCCCCCCCCCCCCCCCCOC[C@H](COP(=O)(O)OC[C@@H](C(=O)O)N)OC(=O)CCCCCCC/C=C\\CCCCCC']
4577,C29H57O7P,6,"bigmed, large, large, large, med, tiny",79.165,['(2-hydroxy-3-phosphonooxypropyl) (Z)-hexacos-15-enoate'],['CCCCCCCCCC/C=C\\CCCCCCCCCCCCCC(=O)OCC(COP(=O)(O)O)O']
1197,C17H19NO4,6,"bigmed, large, large, large, med, tiny",74.24166666666666,"['(4R,4aS,7aR,12bS)-4a,9-dihydroxy-3-methyl-2,4,5,6,7a,13-hexahydro-1H-4,12-methanobenzofuro[3,2-e]isoquinolin-7-one']",['CN1CC[C@]23[C@@H]4C(=O)CC[C@]2([C@H]1CC5=C3C(=C(C=C5)O)O4)O']
9057,C46H64O4,6,"bigmed, large, large, large, med, tiny",61.65,"['(8S,9S,10R,13S,14S,17S)-17-acetyl-1-[2-[(8S,9S,10R,13S,14S,17S)-17-acetyl-10,13-dimethyl-3-oxo-1,2,6,7,8,9,11,12,14,15,16,17-dodecahydrocyclopenta[a]phenanthren-1-yl]cyclobutyl]-10,13-dimethyl-1,2,6,7,8,9,11,12,14,15,16,17-dodecahydrocyclopenta[a]phenanthren-3-one']",['CC(=O)[C@H]1CC[C@@H]2[C@@]1(CC[C@H]3[C@H]2CCC4=CC(=O)CC([C@@]34C)C5CCC5C6CC(=O)C=C7[C@@]6([C@H]8CC[C@]9([C@H]([C@@H]8CC7)CC[C@@H]9C(=O)C)C)C)C']
9081,C46H70O4,6,"bigmed, large, large, large, med, tiny",66.51666666666667,"['ethyl (4Z,7Z,10Z,13Z,16Z,19Z)-docosa-4,7,10,13,16,19-hexaenoate;ethyl (5Z,8Z,11Z,14Z,17Z)-icosa-5,8,11,14,17-pentaenoate']",['CC/C=C\\C/C=C\\C/C=C\\C/C=C\\C/C=C\\CCCC(=O)OCC.CC/C=C\\C/C=C\\C/C=C\\C/C=C\\C/C=C\\C/C=C\\CCC(=O)OCC']
4296,C28H57O8P,6,"bigmed, large, large, large, med, tiny",76.73833333333333,"['2,3-dihydroxypropyl [3-[(Z)-docos-13-enoxy]-2-hydroxypropyl] hydrogen phosphate']",['CCCCCCCC/C=C\\CCCCCCCCCCCCOCC(COP(=O)(O)OCC(CO)O)O']
8446,C44H66O4,6,"bigmed, large, large, large, med, tiny",69.8,"['2-[(2E,6E,10E,14E,18E,22E)-3,7,11,15,19,23,27-heptamethyloctacosa-2,6,10,14,18,22,26-heptaenyl]-5,6-dimethoxy-3-methylcyclohexa-2,5-diene-1,4-dione']",['CC1=C(C(=O)C(=C(C1=O)OC)OC)C/C=C(\\C)/CC/C=C(\\C)/CC/C=C(\\C)/CC/C=C(\\C)/CC/C=C(\\C)/CC/C=C(\\C)/CCC=C(C)C']
9308,C46H90NO8P,6,"bigmed, large, large, large, med, tiny",62.25833333333333,['[(2R)-2-[(Z)-tetracos-15-enoyl]oxy-3-tetradecanoyloxypropyl] 2-(trimethylazaniumyl)ethyl phosphate'],['CCCCCCCCCCCCCC(=O)OC[C@H](COP(=O)([O-])OCC[N+](C)(C)C)OC(=O)CCCCCCCCCCCCC/C=C\\CCCCCCCC']
8388,C43H83O7P,6,"bigmed, large, large, large, med, tiny",70.54,"['[(2R)-1-octadecoxy-3-phosphonooxypropan-2-yl] (13Z,16Z)-docosa-13,16-dienoate']",['CCCCCCCCCCCCCCCCCCOC[C@H](COP(=O)(O)O)OC(=O)CCCCCCCCCCC/C=C\\C/C=C\\CCCCC']
4241,C28H52NO7P,6,"bigmed, large, large, large, med, tiny",68.49333333333333,"['[(2R)-2-hydroxy-3-[(5Z,8Z,11Z)-icosa-5,8,11-trienoyl]oxypropyl] 2-(trimethylazaniumyl)ethyl phosphate']",['CCCCCCCC/C=C\\C/C=C\\C/C=C\\CCCC(=O)OC[C@H](COP(=O)([O-])OCC[N+](C)(C)C)O']
1155,C16H32O,6,"bigmed, large, large, large, med, tiny",94.60666666666668,['hexadecanal'],['CCCCCCCCCCCCCCCC=O']
9574,C47H89O14P,6,"bigmed, large, large, large, med, tiny",70.37333333333333,"['[3-[[(2S,3R,4S,5S,6R)-6-(acetyloxymethyl)-3,4,5-trihydroxyoxan-2-yl]oxy-hydroxyphosphoryl]oxy-2-octadecanoyloxypropyl] octadecanoate']",['CCCCCCCCCCCCCCCCCC(=O)OCC(COP(=O)(O)O[C@H]1[C@@H]([C@H]([C@@H]([C@H](O1)COC(=O)C)O)O)O)OC(=O)CCCCCCCCCCCCCCCCC']
1171,C16H35N,6,"bigmed, large, large, large, med, tiny",92.86833333333334,['2-ethyl-N-(2-ethylhexyl)hexan-1-amine'],['CCCCC(CC)CNCC(CC)CCCC']
9624,C48H68O4,6,"bigmed, large, large, large, med, tiny",58.40166666666667,"['21-(furan-2-yl)henicosa-14,16-diynyl 19-(furan-2-yl)nonadeca-5,7-diynoate']",['C1=COC(=C1)CCCCCCCCCCCC#CC#CCCCC(=O)OCCCCCCCCCCCCCC#CC#CCCCCC2=CC=CO2']
1274,C17H30N6O4S,6,"bigmed, large, large, large, med, tiny",77.655,['(2S)-2-[[(2S)-6-amino-2-[[(2S)-2-amino-3-(1H-imidazol-5-yl)propanoyl]amino]hexanoyl]amino]-4-methylsulfanylbutanoic acid'],['CSCC[C@@H](C(=O)O)NC(=O)[C@H](CCCCN)NC(=O)[C@H](CC1=CN=CN1)N']
1488,C18H30O,6,"large, large, large, large, med, tiny",76.95666666666666,"['2,4,6-tritert-butylphenol']",['CC(C)(C)C1=CC(=C(C(=C1)C(C)(C)C)O)C(C)(C)C']
9829,C48H90NO11P,6,"bigmed, large, large, large, med, tiny",78.685,['(2S)-2-amino-3-[hydroxy-[(2R)-2-[8-[3-[(Z)-oct-2-enyl]oxiran-2-yl]octanoyloxy]-3-tetracosanoyloxypropoxy]phosphoryl]oxypropanoic acid'],['CCCCCCCCCCCCCCCCCCCCCCCC(=O)OC[C@H](COP(=O)(O)OC[C@@H](C(=O)O)N)OC(=O)CCCCCCCC1C(O1)C/C=C\\CCCCC']
9971,C49H81NO13,6,"bigmed, large, large, large, med, tiny",64.49666666666667,"['(6Z,9Z,12Z,15Z)-N-[(4E,8E,12E)-1-[3,4-dihydroxy-6-(hydroxymethyl)-5-[3,4,5-trihydroxy-6-(hydroxymethyl)oxan-2-yl]oxyoxan-2-yl]oxy-3-hydroxynonadeca-4,8,12-trien-2-yl]octadeca-6,9,12,15-tetraenamide']",['CCCCCC/C=C/CC/C=C/CC/C=C/C(C(COC1C(C(C(C(O1)CO)OC2C(C(C(C(O2)CO)O)O)O)O)O)NC(=O)CCCC/C=C\\C/C=C\\C/C=C\\C/C=C\\CC)O']
8120,C42H85N2O6P,6,"bigmed, large, large, large, med, tiny",61.415,"['[(E,2S,3R)-3-hydroxy-2-(nonadecanoylamino)octadec-4-enyl] 2-(trimethylazaniumyl)ethyl phosphate']",['CCCCCCCCCCCCCCCCCCC(=O)N[C@@H](COP(=O)([O-])OCC[N+](C)(C)C)[C@@H](/C=C/CCCCCCCCCCCCC)O']
3586,C26H45NO4,6,"bigmed, large, large, large, med, tiny",70.91166666666668,"['2-methyl-N-(2,4,6-trimethoxyphenyl)hexadecanamide']",['CCCCCCCCCCCCCCC(C)C(=O)NC1=C(C=C(C=C1OC)OC)OC']
7254,C39H75O7P,6,"bigmed, large, large, large, med, tiny",70.05166666666666,"['[(2R)-1-hexadecoxy-3-phosphonooxypropan-2-yl] (11Z,14Z)-icosa-11,14-dienoate']",['CCCCCCCCCCCCCCCCOC[C@H](COP(=O)(O)O)OC(=O)CCCCCCCCC/C=C\\C/C=C\\CCCCC']
10193,C4H9NO2,6,"bigmed, large, large, large, large, tiny",83.64333333333333,['4-aminobutanoic acid'],['C(CC(=O)O)CN']
10322,C50H85O11P,6,"bigmed, large, large, large, med, tiny",76.77833333333332,"['[3-[(2-dodecanoyloxy-3-hydroxypropoxy)-hydroxyphosphoryl]oxy-2-[(7Z,10Z,13Z)-hexadeca-7,10,13-trienoyl]oxypropyl] (7Z,10Z,13Z)-hexadeca-7,10,13-trienoate']",['CCCCCCCCCCCC(=O)OC(CO)COP(=O)(O)OCC(COC(=O)CCCCC/C=C\\C/C=C\\C/C=C\\CC)OC(=O)CCCCC/C=C\\C/C=C\\C/C=C\\CC']
13578,C66H124NO8P,6,"bigmed, large, large, large, med, tiny",68.27,"['[3-[2-aminoethoxy(hydroxy)phosphoryl]oxy-2-[(14Z,17Z,20Z,23Z)-hexacosa-14,17,20,23-tetraenoyl]oxypropyl] pentatriacontanoate']",['CCCCCCCCCCCCCCCCCCCCCCCCCCCCCCCCCCC(=O)OCC(COP(=O)(O)OCCN)OC(=O)CCCCCCCCCCCC/C=C\\C/C=C\\C/C=C\\C/C=C\\CC']
7964,C42H73N2O6P,6,"bigmed, large, large, large, med, tiny",65.63666666666667,"['[(4E,8E)-2-[[(7Z,10Z,13Z,16Z,19Z)-docosa-7,10,13,16,19-pentaenoyl]amino]-3-hydroxypentadeca-4,8-dienyl] 2-(trimethylazaniumyl)ethyl phosphate']",['CCCCCC/C=C/CC/C=C/C(C(COP(=O)([O-])OCC[N+](C)(C)C)NC(=O)CCCCC/C=C\\C/C=C\\C/C=C\\C/C=C\\C/C=C\\CC)O']
2013,C20H37NO4,6,"bigmed, large, large, large, med, tiny",61.165,['4-(2-oxohexadecanoylamino)butanoic acid'],['CCCCCCCCCCCCCCC(=O)C(=O)NCCCC(=O)O']
14031,C6H12,6,"bigmed, large, large, large, med, tiny",96.71666666666664,['cyclohexane'],['C1CCCCC1']
1492,C18H30O3S,6,"bigmed, large, large, large, med, tiny",77.58666666666666,['4-dodecylbenzenesulfonic acid'],['CCCCCCCCCCCCC1=CC=C(C=C1)S(=O)(=O)O']
1537,C18H35NO2,6,"bigmed, large, large, large, med, tiny",94.28333333333336,"['N-[(8-tert-butyl-1,4-dioxaspiro[4.5]decan-3-yl)methyl]-N-ethylpropan-1-amine']",['CCCN(CC)CC1COC2(O1)CCC(CC2)C(C)(C)C']
14108,C6H8O,6,"bigmed, large, large, large, med, tiny",86.15166666666666,"['2,5-dimethylfuran']",['CC1=CC=C(O1)C']
6236,C35H70NO9P,6,"bigmed, large, large, large, med, tiny",66.53500000000001,['(2S)-2-amino-3-[[(2R)-3-hexadecoxy-2-tridecanoyloxypropoxy]-hydroxyphosphoryl]oxypropanoic acid'],['CCCCCCCCCCCCCCCCOC[C@H](COP(=O)(O)OC[C@@H](C(=O)O)N)OC(=O)CCCCCCCCCCCC']
1536,C18H35NO,6,"bigmed, large, large, large, med, tiny",89.13499999999999,['(Z)-octadec-9-enamide'],['CCCCCCCC/C=C\\CCCCCCCC(=O)N']
6193,C35H67N2O6P,6,"bigmed, large, large, large, med, tiny",70.84333333333333,"['[(4E,8E,12E)-3-hydroxy-2-(tetradecanoylamino)hexadeca-4,8,12-trienyl] 2-(trimethylazaniumyl)ethyl phosphate']",['CCCCCCCCCCCCCC(=O)NC(COP(=O)([O-])OCC[N+](C)(C)C)C(/C=C/CC/C=C/CC/C=C/CCC)O']
15267,C9H15NO5,6,"bigmed, bigmed, large, large, med, tiny",68.81166666666667,['diethyl 2-acetamidopropanedioate'],['CCOC(=O)C(C(=O)OCC)NC(=O)C']
5008,C31H52O11,5,"bigmed, large, large, med, tiny",69.90599999999999,"['(2S,3R,4R,5R,6S)-2-[(2R,3R,4S,5S,6R)-2-[[(2R,3R,3aR,5aR,7S,9aR,9bR)-3-hydroxy-6,6,9a-trimethyl-2-prop-1-en-2-yl-2,3,3a,4,5,5a,7,8,9,9b-decahydro-1H-cyclopenta[a]naphthalen-7-yl]oxy]-4,5-dihydroxy-6-(hydroxymethyl)oxan-3-yl]oxy-6-methyloxane-3,4,5-triol']",['C[C@H]1[C@@H]([C@H]([C@H]([C@@H](O1)O[C@@H]2[C@H]([C@@H]([C@H](O[C@H]2O[C@H]3CC[C@]4([C@H](C3(C)C)CC[C@@H]5[C@H]4C[C@@H]([C@@H]5O)C(=C)C)C)CO)O)O)O)O)O']
3854,C27H45NO,5,"bigmed, large, large, med, tiny",63.848,"['(1S,2R,5S,7S,10S,11S,14S,15R,16S,17R,20S,23S)-10,14,16,20-tetramethyl-22-azahexacyclo[12.10.0.02,11.05,10.015,23.017,22]tetracosan-7-ol']",['C[C@H]1CC[C@@H]2[C@H]([C@H]3[C@@H](N2C1)C[C@@H]4[C@@]3(CC[C@H]5[C@H]4CC[C@@H]6[C@@]5(CC[C@@H](C6)O)C)C)C']
7400,C40H67NO6,5,"bigmed, large, large, med, tiny",73.048,"['2-[4-[12-hydroxy-10,13-dimethyl-3-[(Z)-tetradec-9-enoyl]oxy-2,3,4,5,6,7,8,9,11,12,14,15,16,17-tetradecahydro-1H-cyclopenta[a]phenanthren-17-yl]pentanoylamino]acetic acid']",['CCCC/C=C\\CCCCCCCC(=O)OC1CCC2(C(C1)CCC3C2CC(C4(C3CCC4C(C)CCC(=O)NCC(=O)O)C)O)C']
6175,C35H65NO4,5,"bigmed, large, large, med, tiny",54.55800000000001,"['(4S)-3-hexadecanoyl-4-[(E,1R)-1-hydroxyhexadec-2-enyl]-1,3-oxazolidin-2-one']",['CCCCCCCCCCCCCCCC(=O)N1[C@@H](COC1=O)[C@@H](/C=C/CCCCCCCCCCCCC)O']
9730,C48H81O8P,5,"large, large, large, large, tiny",54.368,"['[1-[ethoxy(hydroxy)phosphoryl]oxy-3-[(Z)-henicos-11-enoyl]oxypropan-2-yl] (4Z,7Z,10Z,13Z,16Z,19Z)-docosa-4,7,10,13,16,19-hexaenoate']",['CCCCCCCCC/C=C\\CCCCCCCCCC(=O)OCC(COP(=O)(O)OCC)OC(=O)CC/C=C\\C/C=C\\C/C=C\\C/C=C\\C/C=C\\C/C=C\\CC']
6128,C35H61NO5,5,"bigmed, large, large, med, tiny",76.882,"['[(3S,5R,8R,9R,10R,12R,13R,14R,17S)-12-hydroxy-17-[(2S,5S)-5-(2-hydroxypropan-2-yl)-2-methyloxolan-2-yl]-4,4,8,10,14-pentamethyl-2,3,5,6,7,9,11,12,13,15,16,17-dodecahydro-1H-cyclopenta[a]phenanthren-3-yl] (2S)-2-amino-3-methylbutanoate']",['CC(C)[C@@H](C(=O)O[C@H]1CC[C@]2([C@H](C1(C)C)CC[C@@]3([C@@H]2C[C@H]([C@H]4[C@]3(CC[C@@H]4[C@@]5(CC[C@H](O5)C(C)(C)O)C)C)O)C)C)N']
6181,C35H65O9P,5,"bigmed, large, large, med, tiny",57.86,"['[1-[2,3-dihydroxypropoxy(hydroxy)phosphoryl]oxy-3-[(Z)-tridec-9-enoxy]propan-2-yl] (9Z,12Z)-hexadeca-9,12-dienoate']",['CCC/C=C\\CCCCCCCCOCC(COP(=O)(O)OCC(CO)O)OC(=O)CCCCCCC/C=C\\C/C=C\\CCC']
3721,C27H34O4,5,"bigmed, large, large, med, tiny",72.64399999999999,"['(2R)-2-[(E)-5-[(2S)-6-hydroxy-2,8-dimethylchromen-2-yl]-2-methylpent-2-enyl]-4-(4-methylpent-3-enyl)-2H-furan-5-one']",['CC1=CC(=CC2=C1O[C@@](C=C2)(C)CC/C=C(\\C)/C[C@@H]3C=C(C(=O)O3)CCC=C(C)C)O']
7456,C40H71NO9,5,"bigmed, large, large, med, tiny",64.2,"['N-[(2S,3S,4R)-3,4-dihydroxy-1-[(2S,3R,4S,5R,6R)-3,4,5-trihydroxy-6-(hydroxymethyl)oxan-2-yl]oxyoctadecan-2-yl]-10-phenyldecanamide']",['CCCCCCCCCCCCCC[C@H]([C@H]([C@H](CO[C@@H]1[C@@H]([C@H]([C@H]([C@H](O1)CO)O)O)O)NC(=O)CCCCCCCCCC2=CC=CC=C2)O)O']
3989,C27H53O9P,5,"bigmed, large, large, med, tiny",67.616,"['[3-[2,3-dihydroxypropoxy(hydroxy)phosphoryl]oxy-2-hydroxypropyl] (Z)-henicos-11-enoate']",['CCCCCCCCC/C=C\\CCCCCCCCCC(=O)OCC(COP(=O)(O)OCC(CO)O)O']
1099,C16H28O4,5,"bigmed, large, large, med, tiny",72.494,['dihexyl (E)-but-2-enedioate'],['CCCCCCOC(=O)/C=C/C(=O)OCCCCCC']
5007,C31H52O10,5,"bigmed, large, large, med, tiny",76.032,"['(1S,5R,7S,8R,11S,13R)-1,7-dihydroxy-13-[(2R,3R,4R,5R,6S)-4-hydroxy-3,5-dimethoxy-6-methyloxan-2-yl]oxy-5,8-dimethyl-5-[(3E,5E)-octa-3,5-dienyl]-4,15-dioxabicyclo[9.3.1]pentadecan-3-one']",['CC/C=C/C=C/CC[C@@]1(C[C@@H]([C@@H](CC[C@H]2C[C@H](C[C@](O2)(CC(=O)O1)O)O[C@H]3[C@@H]([C@@H]([C@H]([C@@H](O3)C)OC)O)OC)C)O)C']
9910,C49H68O4,5,"bigmed, large, large, med, tiny",70.872,"['2-tert-butyl-5-methyl-4-[1,5,5-tris(5-tert-butyl-4-hydroxy-2-methylphenyl)pentyl]phenol']",['CC1=CC(=C(C=C1C(CCCC(C2=CC(=C(C=C2C)O)C(C)(C)C)C3=CC(=C(C=C3C)O)C(C)(C)C)C4=CC(=C(C=C4C)O)C(C)(C)C)C(C)(C)C)O']
7522,C40H76O10,5,"bigmed, large, large, large, tiny",60.612,"['[(2S)-1-tridecanoyloxy-3-[(2R,3R,4S,5R,6R)-3,4,5-trihydroxy-6-(hydroxymethyl)oxan-2-yl]oxypropan-2-yl] octadecanoate']",['CCCCCCCCCCCCCCCCCC(=O)O[C@@H](CO[C@H]1[C@@H]([C@H]([C@H]([C@H](O1)CO)O)O)O)COC(=O)CCCCCCCCCCCC']
4072,C28H40O6,5,"large, large, large, med, tiny",58.512,"['5-[(1R)-1-[(1aR,4R,4aR,7S,7aS,7bR)-4-hydroxy-1,1,4,7-tetramethyl-1a,2,3,4a,5,6,7a,7b-octahydrocyclopropa[h]azulen-7-yl]-3-methylbutyl]-2,4,6-trihydroxybenzene-1,3-dicarbaldehyde']",['CC(C)C[C@@H](C1=C(C(=C(C(=C1O)C=O)O)C=O)O)[C@]2(CC[C@@H]3[C@@H]2[C@H]4[C@H](C4(C)C)CC[C@@]3(C)O)C']
7524,C40H76O12S,5,"bigmed, large, large, med, tiny",61.568000000000005,"['[(2S,3S,4S,5R,6R)-6-[(2S)-2-hexadecanoyloxy-3-pentadecanoyloxypropoxy]-3,4,5-trihydroxyoxan-2-yl]methanesulfonic acid']",['CCCCCCCCCCCCCCCC(=O)O[C@@H](CO[C@H]1[C@@H]([C@H]([C@@H]([C@H](O1)CS(=O)(=O)O)O)O)O)COC(=O)CCCCCCCCCCCCCC']
699,C14H24O2,5,"bigmed, large, large, med, tiny",98.922,"['3,7-dimethylocta-1,6-dien-3-yl 2-methylpropanoate']",['CC(C)C(=O)OC(C)(CCC=C(C)C)C=C']
6121,C35H60O8,5,"bigmed, large, large, med, tiny",62.862,"['(2R,3R,4S,5S,6R)-2-[[(3S,5R,6R,8S,9S,10R,13R,14S,17R)-17-[(2R,5R)-5-ethyl-6-methylhept-6-en-2-yl]-5,6-dihydroxy-10,13-dimethyl-1,2,3,4,6,7,8,9,11,12,14,15,16,17-tetradecahydrocyclopenta[a]phenanthren-3-yl]oxy]-6-(hydroxymethyl)oxane-3,4,5-triol']",['CC[C@H](CC[C@@H](C)[C@H]1CC[C@@H]2[C@@]1(CC[C@H]3[C@H]2C[C@H]([C@@]4([C@@]3(CC[C@@H](C4)O[C@H]5[C@@H]([C@H]([C@@H]([C@H](O5)CO)O)O)O)C)O)O)C)C(=C)C']
1942,C20H31NO6,5,"bigmed, large, large, med, tiny",85.724,['butanedioic acid;4-[2-(dimethylamino)-1-(1-hydroxycyclohexyl)ethyl]phenol'],['CN(C)CC(C1=CC=C(C=C1)O)C2(CCCCC2)O.C(CC(=O)O)C(=O)O']
9478,C47H81O8P,5,"bigmed, large, large, med, tiny",67.73,"['[(2R)-2-[(4Z,7Z,10Z,13Z,16Z,19Z)-docosa-4,7,10,13,16,19-hexaenoyl]oxy-3-phosphonooxypropyl] docosanoate']",['CCCCCCCCCCCCCCCCCCCCCC(=O)OC[C@H](COP(=O)(O)O)OC(=O)CC/C=C\\C/C=C\\C/C=C\\C/C=C\\C/C=C\\C/C=C\\CC']
4183,C28H48O4,5,"bigmed, large, large, med, tiny",79.50399999999999,"['(3R,5S,8S,9S,10R,13S,14S,17R)-17-[(2S,3R,4R,5S)-3,4-dihydroxy-5,6-dimethylheptan-2-yl]-3-hydroxy-10,13-dimethyl-1,2,3,4,5,7,8,9,11,12,14,15,16,17-tetradecahydrocyclopenta[a]phenanthren-6-one']",['C[C@@H]([C@H]1CC[C@@H]2[C@@]1(CC[C@H]3[C@H]2CC(=O)[C@@H]4[C@@]3(CC[C@H](C4)O)C)C)[C@H]([C@@H]([C@@H](C)C(C)C)O)O']
1233,C17H24O3,5,"bigmed, large, large, med, tiny",72.796,"['(3,3,5-trimethylcyclohexyl) 2-hydroxy-2-phenylacetate']",['CC1CC(CC(C1)(C)C)OC(=O)C(C2=CC=CC=C2)O']
4217,C28H50O5,5,"bigmed, large, large, large, tiny",63.79600000000001,"['(2R,3S,5S,6S,8S,9S,10R,13S,14S,17R)-17-[(2S,3R,4R,5S)-3,4-dihydroxy-5,6-dimethylheptan-2-yl]-10,13-dimethyl-2,3,4,5,6,7,8,9,11,12,14,15,16,17-tetradecahydro-1H-cyclopenta[a]phenanthrene-2,3,6-triol']",['C[C@@H]([C@H]1CC[C@@H]2[C@@]1(CC[C@H]3[C@H]2C[C@@H]([C@@H]4[C@@]3(C[C@H]([C@H](C4)O)O)C)O)C)[C@H]([C@@H]([C@@H](C)C(C)C)O)O']
9841,C48H91NO9,5,"bigmed, large, large, large, med",53.524,"['(2R)-2-hydroxy-N-[(2S,3R,4E,8Z)-3-hydroxy-1-[(2R,3R,4S,5S,6R)-3,4,5-trihydroxy-6-(hydroxymethyl)oxan-2-yl]oxyoctadeca-4,8-dien-2-yl]tetracosanamide']",['CCCCCCCCCCCCCCCCCCCCCC[C@H](C(=O)N[C@@H](CO[C@H]1[C@@H]([C@H]([C@@H]([C@H](O1)CO)O)O)O)[C@@H](/C=C/CC/C=C\\CCCCCCCCC)O)O']
6390,C36H64N7O18P3S,5,"bigmed, large, large, med, tiny",83.76,"['S-[2-[3-[[(2R)-4-[[[(2R,3S,4R,5R)-5-(6-aminopurin-9-yl)-4-hydroxy-3-phosphonooxyoxolan-2-yl]methoxy-hydroxyphosphoryl]oxy-hydroxyphosphoryl]oxy-2-hydroxy-3,3-dimethylbutanoyl]amino]propanoylamino]ethyl] (3S)-3-hydroxy-13-methyltetradecanethioate']",['CC(C)CCCCCCCCC[C@@H](CC(=O)SCCNC(=O)CCNC(=O)[C@@H](C(C)(C)COP(=O)(O)OP(=O)(O)OC[C@@H]1[C@H]([C@H]([C@@H](O1)N2C=NC3=C(N=CN=C32)N)O)OP(=O)(O)O)O)O']
9941,C49H76O4,5,"bigmed, large, large, med, tiny",71.664,"['2,3-dimethoxy-5-methyl-6-[(2E,6E,10E,14E,18E,22E,26E)-3,7,11,15,19,23,27,31-octamethyldotriaconta-2,6,10,14,18,22,26,30-octaenyl]benzene-1,4-diol']",['CC1=C(C(=C(C(=C1O)OC)OC)O)C/C=C(\\C)/CC/C=C(\\C)/CC/C=C(\\C)/CC/C=C(\\C)/CC/C=C(\\C)/CC/C=C(\\C)/CC/C=C(\\C)/CCC=C(C)C']
727,C14H26O,5,"bigmed, large, large, med, tiny",86.244,['(E)-tetradec-2-enal'],['CCCCCCCCCCC/C=C/C=O']
1076,C16H26O3,5,"bigmed, large, large, large, med",59.248000000000005,"['methyl (2E,6E)-9-(3,3-dimethyloxiran-2-yl)-3,7-dimethylnona-2,6-dienoate']",['C/C(=C\\CC/C(=C/C(=O)OC)/C)/CCC1C(O1)(C)C']
3391,C25H51NO4,5,"bigmed, large, large, med, tiny",75.36600000000001,['N-(3-decoxy-2-hydroxypropyl)-N-(2-hydroxyethyl)decanamide'],['CCCCCCCCCCOCC(CN(CCO)C(=O)CCCCCCCCC)O']
7223,C39H73NO9,5,"bigmed, large, large, med, tiny",70.65,"['2-hydroxy-N-[(4Z,8Z)-3-hydroxy-1-[3,4,5-trihydroxy-6-(hydroxymethyl)oxan-2-yl]oxyoctadeca-4,8-dien-2-yl]pentadecanamide']",['CCCCCCCCCCCCCC(C(=O)NC(COC1C(C(C(C(O1)CO)O)O)O)C(/C=C\\CC/C=C\\CCCCCCCCC)O)O']
5682,C33H65NO8,5,"bigmed, large, large, large, large",63.448,"['N-[3-hydroxy-1-[3,4,5-trihydroxy-6-(hydroxymethyl)oxan-2-yl]oxytetradecan-2-yl]tridecanamide']",['CCCCCCCCCCCCC(=O)NC(COC1C(C(C(C(O1)CO)O)O)O)C(CCCCCCCCCCC)O']
10340,C50H87O9P,5,"bigmed, large, large, med, tiny",59.722,"['[1-[2,3-dihydroxypropoxy(hydroxy)phosphoryl]oxy-3-[(Z)-octadec-9-enoxy]propan-2-yl] (8Z,11Z,14Z,17Z,20Z,23Z)-hexacosa-8,11,14,17,20,23-hexaenoate']",['CCCCCCCC/C=C\\CCCCCCCCOCC(COP(=O)(O)OCC(CO)O)OC(=O)CCCCCC/C=C\\C/C=C\\C/C=C\\C/C=C\\C/C=C\\C/C=C\\CC']
14143,C70H118O13S,5,"bigmed, large, large, med, tiny",74.69800000000001,[],[]
3444,C26H34O6,5,"bigmed, large, large, med, tiny",73.17999999999999,"['[(1R,2S,4R,5R,6R,7R,10S,11S,14S,16R)-14-hydroxy-7,11-dimethyl-6-(6-oxopyran-3-yl)-3-oxapentacyclo[8.8.0.02,4.02,7.011,16]octadecan-5-yl] acetate']",['CC(=O)O[C@@H]1[C@@H]([C@]2(CC[C@H]3[C@H]([C@@]24[C@@H]1O4)CC[C@H]5[C@@]3(CC[C@@H](C5)O)C)C)C6=COC(=O)C=C6']
1302,C17H33N5O5,5,"bigmed, large, large, med, tiny",82.36800000000001,['(2S)-2-[[(2R)-2-acetamido-3-hydroxypropanoyl]amino]-6-amino-N-[(2S)-1-amino-4-methyl-1-oxopentan-2-yl]hexanamide'],['CC(C)C[C@@H](C(=O)N)NC(=O)[C@H](CCCCN)NC(=O)[C@@H](CO)NC(=O)C']
10251,C50H78O4,5,"bigmed, large, large, med, tiny",59.64,"['(1R,3aS,5aR,5bR,7aR,9S,11aR,11bR,13aR,13bR)-9-[(5Z,8Z,11Z,14Z)-icosa-5,8,11,14-tetraenoyl]oxy-5a,5b,8,8,11a-pentamethyl-1-prop-1-en-2-yl-1,2,3,4,5,6,7,7a,9,10,11,11b,12,13,13a,13b-hexadecahydrocyclopenta[a]chrysene-3a-carboxylic acid']",['CCCCC/C=C\\C/C=C\\C/C=C\\C/C=C\\CCCC(=O)O[C@H]1CC[C@@]2([C@H]3CC[C@@H]4[C@H]5[C@@H](CC[C@@]5(CC[C@]4([C@@]3(CC[C@H]2C1(C)C)C)C)C(=O)O)C(=C)C)C']
10245,C50H78NO8P,5,"bigmed, large, large, med, tiny",54.2,"['[(2R)-2-[(4Z,7Z,10Z,13Z,16Z,19Z)-docosa-4,7,10,13,16,19-hexaenoyl]oxy-3-[(5Z,8Z,11Z,14Z,17Z)-icosa-5,8,11,14,17-pentaenoyl]oxypropyl] 2-(trimethylazaniumyl)ethyl phosphate']",['CC/C=C\\C/C=C\\C/C=C\\C/C=C\\C/C=C\\CCCC(=O)OC[C@H](COP(=O)([O-])OCC[N+](C)(C)C)OC(=O)CC/C=C\\C/C=C\\C/C=C\\C/C=C\\C/C=C\\C/C=C\\CC']
389,C12H21N5O3,5,"bigmed, large, large, med, tiny",75.048,['ethyl N-[[6-[ethyl(2-hydroxypropyl)amino]pyridazin-3-yl]amino]carbamate'],['CCN(CC(C)O)C1=NN=C(C=C1)NNC(=O)OCC']
5580,C33H57NO6,5,"bigmed, large, large, med, tiny",78.756,"['[(3R)-3-[(3R,5S,6R,7R,8S,9S,10S,13R,14S,17R)-6-ethyl-3,7-dihydroxy-10,13-dimethyl-2,3,4,5,6,7,8,9,11,12,14,15,16,17-tetradecahydro-1H-cyclopenta[a]phenanthren-17-yl]butyl] 4,4-bis(hydroxymethyl)piperidine-1-carboxylate']",['CC[C@@H]1[C@@H]2C[C@@H](CC[C@@]2([C@H]3CC[C@]4([C@H]([C@@H]3[C@@H]1O)CC[C@@H]4[C@H](C)CCOC(=O)N5CCC(CC5)(CO)CO)C)C)O']
14229,C71H102O6,5,"bigmed, large, large, large, med",73.20599999999999,"['[3-[(3Z,6Z,9Z,12Z,15Z)-octadeca-3,6,9,12,15-pentaenoyl]oxy-2-[(6Z,9Z,12Z,15Z,18Z,21Z)-tetracosa-6,9,12,15,18,21-hexaenoyl]oxypropyl] (5Z,8Z,11Z,14Z,17Z,20Z,23Z)-hexacosa-5,8,11,14,17,20,23-heptaenoate']",['CC/C=C\\C/C=C\\C/C=C\\C/C=C\\C/C=C\\C/C=C\\CCCCC(=O)OC(COC(=O)CCC/C=C\\C/C=C\\C/C=C\\C/C=C\\C/C=C\\C/C=C\\C/C=C\\CC)COC(=O)C/C=C\\C/C=C\\C/C=C\\C/C=C\\C/C=C\\CC']
397,C12H21NO5,5,"bigmed, large, large, med, tiny",62.532,"['[(1S,6S,7S,8R,8aR)-1,7,8-trihydroxy-1,2,3,5,6,7,8,8a-octahydroindolizin-6-yl] butanoate']",['CCCC(=O)O[C@H]1CN2CC[C@@H]([C@@H]2[C@H]([C@@H]1O)O)O']
2004,C20H36O3,5,"bigmed, large, large, med, tiny",61.548,"['3-hexadecyloxolane-2,5-dione']",['CCCCCCCCCCCCCCCCC1CC(=O)OC1=O']
7286,C39H78NO9P,5,"bigmed, large, large, med, tiny",63.972,['(2S)-2-amino-3-[hydroxy-[(2R)-3-icosoxy-2-tridecanoyloxypropoxy]phosphoryl]oxypropanoic acid'],['CCCCCCCCCCCCCCCCCCCCOC[C@H](COP(=O)(O)OC[C@@H](C(=O)O)N)OC(=O)CCCCCCCCCCCC']
10114,C49H93NO9,5,"bigmed, large, large, large, tiny",56.098,"['(2R)-2-hydroxy-N-[(2S,3R,4E,8E)-3-hydroxy-9-methyl-1-[3,4,5-trihydroxy-6-(hydroxymethyl)oxan-2-yl]oxyoctadeca-4,8-dien-2-yl]tetracosanamide']",['CCCCCCCCCCCCCCCCCCCCCC[C@H](C(=O)N[C@@H](COC1C(C(C(C(O1)CO)O)O)O)[C@@H](/C=C/CC/C=C(\\C)/CCCCCCCCC)O)O']
3637,C26H48O3,5,"bigmed, large, large, med, tiny",64.17999999999999,['(E)-2-heptyl-10-oxononadec-11-enoic acid'],['CCCCCCC/C=C/C(=O)CCCCCCCC(CCCCCCC)C(=O)O']
3638,C26H48O4,5,"bigmed, large, large, large, large",64.33,"['bis(7-methyloctyl) cyclohexane-1,2-dicarboxylate']",['CC(C)CCCCCCOC(=O)C1CCCCC1C(=O)OCCCCCCC(C)C']
3678,C26H52NO9P,5,"bigmed, large, large, med, tiny",79.964,['(2S)-2-amino-3-[hydroxy-[(2R)-2-hydroxy-3-icosanoyloxypropoxy]phosphoryl]oxypropanoic acid'],['CCCCCCCCCCCCCCCCCCCC(=O)OC[C@H](COP(=O)(O)OC[C@@H](C(=O)O)N)O']
1986,C20H34O8,5,"bigmed, large, large, med, tiny",83.944,"['tributyl 2-acetyloxypropane-1,2,3-tricarboxylate']",['CCCCOC(=O)CC(CC(=O)OCCCC)(C(=O)OCCCC)OC(=O)C']
10014,C49H84O15,5,"bigmed, large, large, med, tiny",54.84,"['[1-[(Z)-hexadec-9-enoyl]oxy-3-[(2R,3R,4S,5R,6R)-3,4,5-trihydroxy-6-[[(2S,3R,4S,5R,6R)-3,4,5-trihydroxy-6-(hydroxymethyl)oxan-2-yl]oxymethyl]oxan-2-yl]oxypropan-2-yl] (9Z,12Z,15Z)-octadeca-9,12,15-trienoate']",['CCCCCC/C=C\\CCCCCCCC(=O)OCC(CO[C@H]1[C@@H]([C@H]([C@H]([C@H](O1)CO[C@@H]2[C@@H]([C@H]([C@H]([C@H](O2)CO)O)O)O)O)O)O)OC(=O)CCCCCCC/C=C\\C/C=C\\C/C=C\\CC']
3682,C26H53N2O7P,5,"bigmed, large, large, med, tiny",90.688,['[(2S)-2-carboxy-2-(octadecanoylamino)ethyl] 2-(trimethylazaniumyl)ethyl phosphate'],['CCCCCCCCCCCCCCCCCC(=O)N[C@@H](COP(=O)([O-])OCC[N+](C)(C)C)C(=O)O']
9994,C49H83NO13,5,"bigmed, large, large, med, tiny",65.398,"[""(8Z,22Z)-5'-[5-(dimethylamino)-6-methyloxan-2-yl]-15,16,17,18,20,21-hexahydroxy-6'-(2-hydroxybutyl)-5,5,15,19,21,30-hexamethylspiro[4,25,29-trioxatricyclo[24.3.1.03,7]triaconta-3(7),8,22-triene-28,2'-oxane]-24-one""]",['CCC(CC1C(CCC2(O1)CC3C(C(O2)CC4=C(CC(O4)(C)C)/C=C\\CCCCCC(C(C(C(C(C(C(/C=C\\C(=O)O3)(C)O)O)C)O)O)O)(C)O)C)C5CCC(C(O5)C)N(C)C)O']
911,C15H26O3,5,"bigmed, large, large, med, tiny",69.922,"['(2,6,10,10-tetramethyl-1-oxaspiro[4.5]decan-6-yl) acetate']",['CC1CCC2(O1)C(CCCC2(C)OC(=O)C)(C)C']
9960,C49H79O8P,5,"bigmed, large, large, large, med",72.714,"['[2-[(7Z,10Z,13Z,16Z,19Z)-docosa-7,10,13,16,19-pentaenoyl]oxy-3-[ethoxy(hydroxy)phosphoryl]oxypropyl] (10Z,13Z,16Z,19Z)-docosa-10,13,16,19-tetraenoate']",['CC/C=C\\C/C=C\\C/C=C\\C/C=C\\CCCCCCCCC(=O)OCC(COP(=O)(O)OCC)OC(=O)CCCCC/C=C\\C/C=C\\C/C=C\\C/C=C\\C/C=C\\CC']
9262,C46H86NO13P,5,"bigmed, large, large, med, tiny",74.524,"['(2S)-2-amino-3-[[(2R)-2-[7-[(1R,2R,3R,5S)-3,5-dihydroxy-2-[(E,3S)-3-hydroxyoct-1-enyl]cyclopentyl]heptanoyloxy]-3-icosanoyloxypropoxy]-hydroxyphosphoryl]oxypropanoic acid']",['CCCCCCCCCCCCCCCCCCCC(=O)OC[C@H](COP(=O)(O)OC[C@@H](C(=O)O)N)OC(=O)CCCCCC[C@H]1[C@H](C[C@H]([C@@H]1/C=C/[C@H](CCCCC)O)O)O']
4249,C28H52O5,5,"bigmed, large, large, med, tiny",65.426,['2-hydroxyethyl 2-methylprop-2-enoate;octadecyl 2-methylprop-2-enoate'],['CCCCCCCCCCCCCCCCCCOC(=O)C(=C)C.CC(=C)C(=O)OCCO']
8235,C43H73NO8,5,"bigmed, large, large, med, tiny",73.172,"['(6Z,9Z,12Z,15Z,18Z,21Z)-N-[3-hydroxy-1-[3,4,5-trihydroxy-6-(hydroxymethyl)oxan-2-yl]oxytridecan-2-yl]tetracosa-6,9,12,15,18,21-hexaenamide']",['CCCCCCCCCCC(C(COC1C(C(C(C(O1)CO)O)O)O)NC(=O)CCCC/C=C\\C/C=C\\C/C=C\\C/C=C\\C/C=C\\C/C=C\\CC)O']
8536,C44H75NO6,5,"bigmed, large, large, med, tiny",65.84200000000001,"['2-[4-[12-hydroxy-10,13-dimethyl-3-[(Z)-octadec-9-enoyl]oxy-2,3,4,5,6,7,8,9,11,12,14,15,16,17-tetradecahydro-1H-cyclopenta[a]phenanthren-17-yl]pentanoylamino]acetic acid']",['CCCCCCCC/C=C\\CCCCCCCC(=O)OC1CCC2(C(C1)CCC3C2CC(C4(C3CCC4C(C)CCC(=O)NCC(=O)O)C)O)C']
1126,C16H30O3,5,"bigmed, large, large, med, tiny",68.56800000000001,['3-oxohexadecanoic acid'],['CCCCCCCCCCCCCC(=O)CC(=O)O']
7761,C41H75O15P,5,"large, large, large, large, tiny",59.326,[],[]
1160,C16H33NO,5,"bigmed, large, large, med, tiny",83.936,['hexadecanamide'],['CCCCCCCCCCCCCCCC(=O)N']
1557,C18H37NO,5,"bigmed, large, large, med, tiny",84.272,['octadecanamide'],['CCCCCCCCCCCCCCCCCC(=O)N']
7801,C41H78O5,5,"bigmed, large, large, med, tiny",67.84400000000001,['[(2S)-1-hydroxy-3-[(Z)-octadec-9-enoyl]oxypropan-2-yl] icosanoate'],['CCCCCCCCCCCCCCCCCCCC(=O)O[C@@H](CO)COC(=O)CCCCCCC/C=C\\CCCCCCCC']
1761,C19H37NO3,5,"bigmed, large, large, med, tiny",70.166,['(2S)-2-(hexadecanoylamino)propanoic acid'],['CCCCCCCCCCCCCCCC(=O)N[C@@H](C)C(=O)O']
1156,C16H32O2,5,"bigmed, large, large, med, tiny",94.036,['hexadecanoic acid'],['CCCCCCCCCCCCCCCC(=O)O']
8361,C43H82NO7P,5,"bigmed, large, large, med, tiny",60.59,"['[(2R)-1-[2-aminoethoxy(hydroxy)phosphoryl]oxy-3-[(Z)-octadec-1-enoxy]propan-2-yl] (11Z,14Z)-icosa-11,14-dienoate']",['CCCCCCCCCCCCCCCC/C=C\\OC[C@H](COP(=O)(O)OCCN)OC(=O)CCCCCCCCC/C=C\\C/C=C\\CCCCC']
8304,C43H77O7P,5,"bigmed, large, large, med, tiny",65.84,"['[(2R)-1-icosoxy-3-phosphonooxypropan-2-yl] (5Z,8Z,11Z,14Z,17Z)-icosa-5,8,11,14,17-pentaenoate']",['CCCCCCCCCCCCCCCCCCCCOC[C@H](COP(=O)(O)O)OC(=O)CCC/C=C\\C/C=C\\C/C=C\\C/C=C\\C/C=C\\CC']
580,C13H26,5,"bigmed, large, large, med, tiny",91.806,['tridec-1-ene'],['CCCCCCCCCCCC=C']
1127,C16H30O4,5,"bigmed, large, large, med, tiny",70.292,"['[2,2,4-trimethyl-3-(2-methylpropanoyloxy)pentyl] 2-methylpropanoate']",['CC(C)C(C(C)(C)COC(=O)C(C)C)OC(=O)C(C)C']
4841,C30H57NO5,5,"bigmed, large, large, med, tiny",74.406,"['(Z)-2-hydroxy-N-[(E)-1,3,4-trihydroxyoctadec-8-en-2-yl]dodec-5-enamide']",['CCCCCCCCC/C=C/CCCC(C(C(CO)NC(=O)C(CC/C=C\\CCCCCC)O)O)O']
4595,C29H61N2O6P,5,"bigmed, large, large, med, tiny",64.244,['[3-(octadecanoylamino)-2-propoxypropyl] 2-(trimethylazaniumyl)ethyl phosphate'],['CCCCCCCCCCCCCCCCCC(=O)NCC(COP(=O)([O-])OCC[N+](C)(C)C)OCCC']
7843,C41H81NO5,5,"bigmed, large, large, med, tiny",57.02,"['(2R)-2-hydroxy-N-[(E,2S,3S,4R)-1,3,4-trihydroxyoctadec-8-en-2-yl]tricosanamide']",['CCCCCCCCCCCCCCCCCCCCC[C@H](C(=O)N[C@@H](CO)[C@@H]([C@@H](CCC/C=C/CCCCCCCCC)O)O)O']
4714,C30H49NO6,5,"bigmed, large, large, med, tiny",68.19,"['2,3-diacetyloxypropyl 4-(hexadecylamino)benzoate']",['CCCCCCCCCCCCCCCCNC1=CC=C(C=C1)C(=O)OCC(COC(=O)C)OC(=O)C']
8137,C43H56O6,5,"bigmed, large, large, med, tiny",64.486,"['(1R,13R,15R,16S)-15-[(2E)-3,7-dimethylocta-2,6-dienyl]-6-hydroxy-16-methyl-1,13-bis(3-methylbut-2-enyl)-16-(4-methylpent-3-enyl)-3-oxatetracyclo[11.3.1.02,11.04,9]heptadeca-2(11),5,8-triene-7,10,12,17-tetrone']",['CC(=CCC/C(=C/C[C@@H]1C[C@]2(C(=O)C3=C([C@](C2=O)([C@@]1(C)CCC=C(C)C)CC=C(C)C)OC4C=C(C(=O)C=C4C3=O)O)CC=C(C)C)/C)C']
5993,C35H50N2O5,5,"bigmed, large, large, med, tiny",52.666,"['(4R,5S,6S,7R)-4,7-bis(cyclohexylmethyl)-5,6-dihydroxy-1,3-bis[[4-(hydroxymethyl)phenyl]methyl]-1,3-diazepan-2-one']",['C1CCC(CC1)C[C@@H]2[C@@H]([C@H]([C@H](N(C(=O)N2CC3=CC=C(C=C3)CO)CC4=CC=C(C=C4)CO)CC5CCCCC5)O)O']
939,C15H29N3O4,5,"bigmed, large, large, large, tiny",64.47200000000001,"[""(2R)-N-[(2S)-3,3-dimethyl-1-(methylamino)-1-oxobutan-2-yl]-N'-hydroxy-2-(2-methylpropyl)butanediamide""]",['CC(C)C[C@H](CC(=O)NO)C(=O)N[C@H](C(=O)NC)C(C)(C)C']
4832,C30H56O5,5,"bigmed, large, large, med, tiny",57.794,"['2-O-(5-methoxy-3-methylpentyl) 1-O-pentadecyl cyclohexane-1,2-dicarboxylate']",['CCCCCCCCCCCCCCCOC(=O)C1CCCCC1C(=O)OCCC(C)CCOC']
4802,C30H54O13S,5,"bigmed, large, large, med, tiny",73.62,['2-[2-[2-[2-[2-[2-[2-[2-[2-(2-propoxyethoxy)ethoxy]ethoxy]ethoxy]ethoxy]ethoxy]ethoxy]ethoxy]ethoxy]ethyl 4-methylbenzenesulfonate'],['CCCOCCOCCOCCOCCOCCOCCOCCOCCOCCOCCOS(=O)(=O)C1=CC=C(C=C1)C']
15314,C9H19N3O4,5,"bigmed, large, large, med, tiny",72.562,['2-amino-6-[(2-amino-2-carboxyethyl)amino]hexanoic acid'],['C(CCNCC(C(=O)O)N)CC(C(=O)O)N']
4726,C30H50NO7P,5,"bigmed, large, large, med, tiny",54.976,"['[(2R)-3-[(4Z,7Z,10Z,13Z,16Z,19Z)-docosa-4,7,10,13,16,19-hexaenoyl]oxy-2-hydroxypropyl] 2-(trimethylazaniumyl)ethyl phosphate']",['CC/C=C\\C/C=C\\C/C=C\\C/C=C\\C/C=C\\C/C=C\\CCC(=O)OC[C@H](COP(=O)([O-])OCC[N+](C)(C)C)O']
21,C10H13N3O2,5,"bigmed, large, large, med, tiny",82.422,['N-methyl-N-(4-oxo-4-pyridin-3-ylbutyl)nitrous amide'],['CN(CCCC(=O)C1=CN=CC=C1)N=O']
7945,C42H71NO6,5,"bigmed, large, large, med, tiny",74.114,"['[(1R,2R,4aS,5R,8aS)-2-acetyloxy-1,4a-dimethyl-6-methylidene-5-[2-(octadecylamino)-2-(5-oxo-2H-furan-4-yl)ethyl]-3,4,5,7,8,8a-hexahydro-2H-naphthalen-1-yl]methyl acetate']",['CCCCCCCCCCCCCCCCCCNC(C[C@@H]1C(=C)CC[C@H]2[C@]1(CC[C@H]([C@@]2(C)COC(=O)C)OC(=O)C)C)C3=CCOC3=O']
4784,C30H53NO8,5,"bigmed, large, large, large, tiny",58.31,"['[2-(3,4-dihydroxy-5-oxo-2H-furan-2-yl)-2-hydroxyethyl] 6-(octadecanoylamino)hexanoate']",['CCCCCCCCCCCCCCCCCC(=O)NCCCCCC(=O)OCC(C1C(=C(C(=O)O1)O)O)O']
8538,C44H75NO8,5,"bigmed, large, large, med, tiny",66.51599999999999,"['18-[(3R,7R,8R,9S,10S,12S,13R,14S,17R)-17-[(2R)-5-(carboxymethylamino)-5-oxopentan-2-yl]-3,7,12-trihydroxy-10,13-dimethyl-2,3,4,5,6,7,8,9,11,12,14,15,16,17-tetradecahydro-1H-cyclopenta[a]phenanthren-1-yl]octadec-9-enoic acid']",['C[C@H](CCC(=O)NCC(=O)O)[C@H]1CC[C@@H]2[C@@]1([C@H](C[C@H]3[C@H]2[C@@H](CC4[C@@]3(C(C[C@H](C4)O)CCCCCCCCC=CCCCCCCCC(=O)O)C)O)O)C']
1125,C16H30O2,5,"bigmed, large, large, med, tiny",76.088,['dodecyl 2-methylprop-2-enoate'],['CCCCCCCCCCCCOC(=O)C(=C)C']
4255,C28H53NO7,5,"bigmed, large, large, med, tiny",72.912,"['1-[decyl(propyl)amino]-3-[[(1S,2R,6R,8R,9S)-4,4,11,11-tetramethyl-3,5,7,10,12-pentaoxatricyclo[7.3.0.02,6]dodecan-8-yl]methoxy]propan-2-ol']",['CCCCCCCCCCN(CCC)CC(COC[C@@H]1[C@H]2[C@@H]([C@@H]3[C@H](O1)OC(O3)(C)C)OC(O2)(C)C)O']
8933,C45H81O7P,5,"bigmed, large, large, med, tiny",64.134,"['[(2R)-1-[(Z)-icos-1-enoxy]-3-phosphonooxypropan-2-yl] (7Z,10Z,13Z,16Z)-docosa-7,10,13,16-tetraenoate']",['CCCCCCCCCCCCCCCCCC/C=C\\OC[C@H](COP(=O)(O)O)OC(=O)CCCCC/C=C\\C/C=C\\C/C=C\\C/C=C\\CCCCC']
4271,C28H55N2O7P,5,"bigmed, large, large, med, tiny",72.854,['2-aminoethyl [(E)-3-hydroxy-2-[[(Z)-3-hydroxydodec-5-enoyl]amino]tetradec-4-enyl] hydrogen phosphate'],['CCCCCCCCC/C=C/C(C(COP(=O)(O)OCCN)NC(=O)CC(C/C=C\\CCCCCC)O)O']
1893,C20H28O3,5,"bigmed, large, large, med, tiny",66.324,"['cis-[(1S)-3-[(Z)-but-2-enyl]-2-methyl-4-oxocyclopent-2-en-1-yl] (1R,3R)-2,2-dimethyl-3-(2-methylprop-1-enyl)cyclopropane-1-carboxylate']",['C/C=C\\CC1=C([C@H](CC1=O)OC(=O)[C@@H]2[C@H](C2(C)C)C=C(C)C)C']
1842,C20H24O2,5,"bigmed, large, large, med, tiny",79.50399999999999,"['(8R,9S,13S,14S,17R)-17-ethynyl-13-methyl-7,8,9,11,12,14,15,16-octahydro-6H-cyclopenta[a]phenanthrene-3,17-diol']",['C[C@]12CC[C@H]3[C@H]([C@@H]1CC[C@]2(C#C)O)CCC4=C3C=CC(=C4)O']
4297,C28H57O9P,5,"bigmed, large, large, med, tiny",67.346,"['[(2R)-2-methoxy-3-octadecoxypropyl] [(1R,2R,3S,4R)-2,3,4-trihydroxycyclohexyl] hydrogen phosphate']",['CCCCCCCCCCCCCCCCCCOC[C@H](COP(=O)(O)O[C@@H]1CC[C@H]([C@@H]([C@H]1O)O)O)OC']
9115,C46H74O10,5,"bigmed, large, large, med, tiny",65.432,"['hexadecyl 2-(6-hexadecoxycarbonyl-2,3,4-trihydroxyphenyl)-3,4,5-trihydroxybenzoate']",['CCCCCCCCCCCCCCCCOC(=O)C1=CC(=C(C(=C1C2=C(C(=C(C=C2C(=O)OCCCCCCCCCCCCCCCC)O)O)O)O)O)O']
7641,C41H66O6,5,"bigmed, large, large, med, tiny",62.358,"['methyl (4aR,5R,6aR,6aS,6bR,8aR,10S,12aR,14bR)-2,2,6a,6b,9,9,12a-heptamethyl-5,10-di(pentanoyloxy)-1,3,4,5,6,6a,7,8,8a,10,11,12,13,14b-tetradecahydropicene-4a-carboxylate']",['CCCCC(=O)O[C@H]1CC[C@]2([C@H](C1(C)C)CC[C@@]3([C@@H]2CC=C4[C@]3(C[C@H]([C@@]5([C@@H]4CC(CC5)(C)C)C(=O)OC)OC(=O)CCCC)C)C)C']
5808,C34H56O5,5,"bigmed, large, large, large, tiny",60.404,"['[(1S,3S,6R,8S,11R,12S,15R,16S,19S,21R)-19-acetyloxy-1-hydroxy-3,7,7,11,16,20,20-heptamethyl-8-pentacyclo[13.8.0.03,12.06,11.016,21]tricosanyl] acetate']",['CC(=O)O[C@H]1CC[C@@]2([C@H]3CC[C@@H]4[C@]5(CC[C@@H](C([C@@H]5CC[C@@]4(C[C@@]3(CC[C@H]2C1(C)C)C)O)(C)C)OC(=O)C)C)C']
9077,C46H70NO8P,5,"bigmed, large, large, med, tiny",57.55,"['[(3S,5R,10S,13R,14R,17R)-4,4,10,13,14-pentamethyl-17-[(2R)-6-methylhept-5-en-2-yl]-2,3,5,6,7,11,12,15,16,17-decahydro-1H-cyclopenta[a]phenanthren-3-yl] 2-[ethoxycarbonyl-[[(2S)-1-oxo-1-propan-2-yloxypropan-2-yl]amino]phosphoryl]oxybenzoate']",['CCOC(=O)P(=O)(N[C@@H](C)C(=O)OC(C)C)OC1=CC=CC=C1C(=O)O[C@H]2CC[C@]3([C@H](C2(C)C)CCC4=C3CC[C@]5([C@]4(CC[C@@H]5[C@H](C)CCC=C(C)C)C)C)C']
15169,C8H18O3,5,"bigmed, large, large, med, tiny",82.902,['2-(2-butoxyethoxy)ethanol'],['CCCCOCCOCCO']
4399,C29H45NO5,5,"bigmed, large, large, med, tiny",67.838,"['4-[[(5R)-5-[(1R,3aS,4E,7aR)-4-[(2E)-2-[(3S,5R)-3,5-dihydroxy-2-methylidenecyclohexylidene]ethylidene]-7a-methyl-2,3,3a,5,6,7-hexahydro-1H-inden-1-yl]hexyl]amino]-4-oxobutanoic acid']",['C[C@H](CCCCNC(=O)CCC(=O)O)[C@H]1CC[C@@H]\\2[C@@]1(CCC/C2=C\\C=C\\3/C[C@H](C[C@@H](C3=C)O)O)C']
7663,C41H68O9,5,"bigmed, large, large, med, tiny",61.262,"['[(1S)-1-[(2R,5R)-5-[(2R,5R)-5-[(1R)-1-acetyloxy-13-[(2S)-2-methyl-5-oxo-2H-furan-4-yl]-6-oxotridecyl]oxolan-2-yl]oxolan-2-yl]undecyl] acetate']",['CCCCCCCCCC[C@@H]([C@H]1CC[C@@H](O1)[C@H]2CC[C@@H](O2)[C@@H](CCCCC(=O)CCCCCCCC3=C[C@@H](OC3=O)C)OC(=O)C)OC(=O)C']
7666,C41H69NO6,5,"bigmed, large, large, med, tiny",69.236,"['(3R,5R,8R,9S,10S,12S,13R,14S,17R)-17-[(2R)-5-(dimethylamino)pentan-2-yl]-10,13-dimethyl-3-[[(1S,4S,5R,8S,9R,10S,12R,13R)-1,5,9-trimethyl-11,14,15,16-tetraoxatetracyclo[10.3.1.04,13.08,13]hexadecan-10-yl]oxy]-2,3,4,5,6,7,8,9,11,12,14,15,16,17-tetradecahydro-1H-cyclopenta[a]phenanthren-12-ol']",['C[C@@H]1CC[C@H]2[C@H]([C@H](O[C@H]3[C@@]24[C@H]1CC[C@@](O3)(OO4)C)O[C@@H]5CC[C@]6([C@@H](C5)CC[C@@H]7[C@@H]6C[C@@H]([C@]8([C@H]7CC[C@@H]8[C@H](C)CCCN(C)C)C)O)C)C']
4864,C30H59N2O7P,5,"bigmed, large, large, med, tiny",70.588,['2-aminoethyl [(E)-3-hydroxy-2-[[(Z)-3-hydroxytetradec-9-enoyl]amino]tetradec-4-enyl] hydrogen phosphate'],['CCCCCCCCC/C=C/C(C(COP(=O)(O)OCCN)NC(=O)CC(CCCCC/C=C\\CCCC)O)O']
8568,C44H77NO9,5,"bigmed, large, large, med, tiny",75.498,"['(14Z,16Z)-2-hydroxy-N-[(4E,8E,12E)-3-hydroxy-1-[3,4,5-trihydroxy-6-(hydroxymethyl)oxan-2-yl]oxyhexadeca-4,8,12-trien-2-yl]docosa-14,16-dienamide']",['CCCCC/C=C\\C=C/CCCCCCCCCCCC(C(=O)NC(COC1C(C(C(C(O1)CO)O)O)O)C(/C=C/CC/C=C/CC/C=C/CCC)O)O']
8863,C45H77NO8,5,"bigmed, large, large, med, tiny",61.05,"['(8Z,11Z,14Z,17Z,20Z,23Z)-N-[3-hydroxy-1-[3,4,5-trihydroxy-6-(hydroxymethyl)oxan-2-yl]oxytridecan-2-yl]hexacosa-8,11,14,17,20,23-hexaenamide']",['CCCCCCCCCCC(C(COC1C(C(C(C(O1)CO)O)O)O)NC(=O)CCCCCC/C=C\\C/C=C\\C/C=C\\C/C=C\\C/C=C\\C/C=C\\CC)O']
1121,C16H30N6O6,5,"bigmed, large, large, med, tiny",64.088,['(2R)-2-[[(2R)-2-amino-6-[[(2S)-5-amino-2-[(2-aminoacetyl)amino]-5-oxopentanoyl]amino]hexanoyl]amino]propanoic acid'],['C[C@H](C(=O)O)NC(=O)[C@@H](CCCCNC(=O)[C@H](CCC(=O)N)NC(=O)CN)N']
7703,C41H71NO9,5,"bigmed, large, large, med, tiny",62.96600000000001,"['(10Z,12Z)-2-hydroxy-N-[(4E,8E,12E)-3-hydroxy-1-[3,4,5-trihydroxy-6-(hydroxymethyl)oxan-2-yl]oxyheptadeca-4,8,12-trien-2-yl]octadeca-10,12-dienamide']",['CCCCC/C=C\\C=C/CCCCCCCC(C(=O)NC(COC1C(C(C(C(O1)CO)O)O)O)C(/C=C/CC/C=C/CC/C=C/CCCC)O)O']
542,C13H22O2,5,"bigmed, large, large, med, tiny",75.65599999999999,['2-(4-methylcyclohex-3-en-1-yl)propan-2-yl propanoate'],['CCC(=O)OC(C)(C)C1CCC(=CC1)C']
8802,C45H72NO7P,5,"bigmed, large, large, med, tiny",65.19800000000001,"['[1-[2-aminoethoxy(hydroxy)phosphoryl]oxy-3-[(6Z,9Z,12Z,15Z)-octadeca-6,9,12,15-tetraenoxy]propan-2-yl] (4Z,7Z,10Z,13Z,16Z,19Z)-docosa-4,7,10,13,16,19-hexaenoate']",['CC/C=C\\C/C=C\\C/C=C\\C/C=C\\CCCCCOCC(COP(=O)(O)OCCN)OC(=O)CC/C=C\\C/C=C\\C/C=C\\C/C=C\\C/C=C\\C/C=C\\CC']
1124,C16H30O,5,"bigmed, large, large, med, tiny",83.86800000000001,['3-methylcyclopentadecan-1-one'],['CC1CCCCCCCCCCCCC(=O)C1']
6034,C35H54O4,5,"bigmed, large, large, med, tiny",68.104,"['(2R,8S,13R,19S)-8-butyl-2,13-dimethyl-19-propyltricyclo[18.2.2.29,12]hexacosa-1(22),9,11,20,23,25-hexaene-10,21,24,26-tetrol']",['CCCC[C@H]1CCCCC[C@H](C2=CC(=C([C@H](CCCCC[C@H](C3=CC(=C1C(=C3)O)O)C)CCC)C(=C2)O)O)C']
1172,C16H35NO2,5,"bigmed, large, large, med, tiny",96.652,['2-[dodecyl(2-hydroxyethyl)amino]ethanol'],['CCCCCCCCCCCCN(CCO)CCO']
8739,C44H89O7P,5,"bigmed, large, large, med, tiny",60.82000000000001,['[(2R)-1-icosoxy-3-phosphonooxypropan-2-yl] henicosanoate'],['CCCCCCCCCCCCCCCCCCCCC(=O)O[C@H](COCCCCCCCCCCCCCCCCCCCC)COP(=O)(O)O']
8622,C44H80O12S,5,"bigmed, large, large, med, tiny",59.79,"['[3,4,5-trihydroxy-6-[2-[(Z)-icos-11-enoyl]oxy-3-[(Z)-pentadec-9-enoyl]oxypropoxy]oxan-2-yl]methanesulfonic acid']",['CCCCCCCC/C=C\\CCCCCCCCCC(=O)OC(COC1C(C(C(C(O1)CS(=O)(=O)O)O)O)O)COC(=O)CCCCCCC/C=C\\CCCCC']
556,C13H23NO6,5,"bigmed, large, large, med, tiny",66.522,['(3R)-3-[(3R)-4-carboxy-3-methylbutanoyl]oxy-4-(trimethylazaniumyl)butanoate'],['C[C@H](CC(=O)O)CC(=O)O[C@H](CC(=O)[O-])C[N+](C)(C)C']
4533,C29H54O10,5,"bigmed, large, large, med, tiny",78.55199999999999,"['[2-decanoyloxy-3-[(2R,3R,4S,5S,6R)-3,4,5-trihydroxy-6-(hydroxymethyl)oxan-2-yl]oxypropyl] decanoate']",['CCCCCCCCCC(=O)OCC(CO[C@H]1[C@@H]([C@H]([C@@H]([C@H](O1)CO)O)O)O)OC(=O)CCCCCCCCC']
3366,C25H48O4,5,"bigmed, large, large, med, tiny",80.22200000000001,['bis(2-ethylhexyl) nonanedioate'],['CCCCC(CC)COC(=O)CCCCCCCC(=O)OCC(CC)CCCC']
10195,C4H9NO4,5,"bigmed, large, large, med, tiny",82.808,"['2-methyl-2-nitropropane-1,3-diol']",['CC(CO)(CO)[N+](=O)[O-]']
746,C14H28,5,"bigmed, large, large, med, tiny",98.274,['tetradec-1-ene'],['CCCCCCCCCCCCC=C']
1366,C18H18O5,5,"bigmed, large, large, med, tiny",91.246,['2-(2-benzoyloxyethoxy)ethyl benzoate'],['C1=CC=C(C=C1)C(=O)OCCOCCOC(=O)C2=CC=CC=C2']
264,C11H21NO5,5,"bigmed, large, large, med, tiny",75.43199999999999,['(3R)-3-(3-hydroxybutanoyloxy)-4-(trimethylazaniumyl)butanoate'],['CC(CC(=O)O[C@H](CC(=O)[O-])C[N+](C)(C)C)O']
900,C15H26N6O4,5,"bigmed, large, large, large, large",62.532,['(2S)-6-amino-2-[[(2S)-2-[[(2S)-2-aminopropanoyl]amino]-3-(1H-imidazol-5-yl)propanoyl]amino]hexanoic acid'],['C[C@@H](C(=O)N[C@@H](CC1=CN=CN1)C(=O)N[C@@H](CCCCN)C(=O)O)N']
12402,C59H113O13P,5,"bigmed, large, large, med, tiny",64.648,"['[3-[hydroxy-(2,3,4,5,6-pentahydroxycyclohexyl)oxyphosphoryl]oxy-2-[(Z)-tetracos-13-enoyl]oxypropyl] hexacosanoate']",['CCCCCCCCCCCCCCCCCCCCCCCCCC(=O)OCC(COP(=O)(O)OC1C(C(C(C(C1O)O)O)O)O)OC(=O)CCCCCCCCCCC/C=C\\CCCCCCCCCC']
12390,C59H112O15,5,"bigmed, large, large, med, tiny",82.262,"['[1-octadecanoyloxy-3-[3,4,5-trihydroxy-6-[[3,4,5-trihydroxy-6-(hydroxymethyl)oxan-2-yl]oxymethyl]oxan-2-yl]oxypropan-2-yl] hexacosanoate']",['CCCCCCCCCCCCCCCCCCCCCCCCCC(=O)OC(COC1C(C(C(C(O1)COC2C(C(C(C(O2)CO)O)O)O)O)O)O)COC(=O)CCCCCCCCCCCCCCCCC']
12308,C58H98O6,5,"bigmed, large, large, med, tiny",53.00600000000001,"['[(2S)-2-[(Z)-octadec-11-enoyl]oxy-3-pentadecanoyloxypropyl] (4Z,7Z,10Z,13Z,16Z,19Z)-docosa-4,7,10,13,16,19-hexaenoate']",['CCCCCCCCCCCCCCC(=O)OC[C@@H](COC(=O)CC/C=C\\C/C=C\\C/C=C\\C/C=C\\C/C=C\\C/C=C\\CC)OC(=O)CCCCCCCCC/C=C\\CCCCCC']
6877,C38H64O9,5,"bigmed, large, large, med, tiny",72.6,"['(3S,5R,10S,13R,14S)-17-[(2R)-5-hydroxy-5,6,6-trimethylheptan-2-yl]-4,4,10,13-tetramethyl-3-[(2R,3R,4S,5R,6R)-3,4,5-trihydroxy-6-(hydroxymethyl)oxan-2-yl]oxy-2,3,5,6,7,11,12,15,16,17-decahydro-1H-cyclopenta[a]phenanthrene-14-carboxylic acid']",['C[C@H](CCC(C)(C(C)(C)C)O)C1CC[C@@]2([C@@]1(CCC3=C2CC[C@@H]4[C@@]3(CC[C@@H](C4(C)C)O[C@H]5[C@@H]([C@H]([C@H]([C@H](O5)CO)O)O)O)C)C)C(=O)O']
6881,C38H65NO3,5,"large, large, large, med, tiny",62.374,"['(13Z,16Z,19Z,22Z,25Z)-N-[(E)-1,3-dihydroxydec-4-en-2-yl]octacosa-13,16,19,22,25-pentaenamide']",['CCCCC/C=C/C(C(CO)NC(=O)CCCCCCCCCCC/C=C\\C/C=C\\C/C=C\\C/C=C\\C/C=C\\CC)O']
6477,C36H70NO9P,5,"bigmed, large, large, med, tiny",68.682,['(2S)-2-amino-3-[[(2R)-3-hexadecoxy-2-[(Z)-tetradec-9-enoyl]oxypropoxy]-hydroxyphosphoryl]oxypropanoic acid'],['CCCCCCCCCCCCCCCCOC[C@H](COP(=O)(O)OC[C@@H](C(=O)O)N)OC(=O)CCCCCCC/C=C\\CCCC']
1513,C18H32O,5,"bigmed, large, large, med, tiny",92.746,"['(9Z,12Z,15Z)-octadeca-9,12,15-trien-1-ol']",['CC/C=C\\C/C=C\\C/C=C\\CCCCCCCCO']
2269,C21H38O2,5,"bigmed, large, large, med, tiny",65.74,"['propan-2-yl (9Z,12Z)-octadeca-9,12-dienoate']",['CCCCC/C=C\\C/C=C\\CCCCCCCC(=O)OC(C)C']
1379,C18H20O4,5,"bigmed, large, large, med, tiny",72.986,"['1-[(E)-2-(2,4-dimethoxyphenyl)ethenyl]-3,5-dimethoxybenzene']",['COC1=CC(=C(C=C1)/C=C/C2=CC(=CC(=C2)OC)OC)OC']
12001,C57H111O13P,5,"bigmed, large, large, med, tiny",60.952,"['[1-docosanoyloxy-3-[hydroxy-(2,3,4,5,6-pentahydroxycyclohexyl)oxyphosphoryl]oxypropan-2-yl] hexacosanoate']",['CCCCCCCCCCCCCCCCCCCCCCCCCC(=O)OC(COC(=O)CCCCCCCCCCCCCCCCCCCCC)COP(=O)(O)OC1C(C(C(C(C1O)O)O)O)O']
6296,C36H56O4,5,"bigmed, large, large, med, tiny",60.724,"['(2R,8S,13R,19S)-8,19-dibutyl-2,13-dimethyltricyclo[18.2.2.29,12]hexacosa-1(22),9,11,20,23,25-hexaene-10,21,24,26-tetrol']",['CCCC[C@H]1CCCCC[C@H](C2=CC(=C([C@H](CCCCC[C@H](C3=CC(=C1C(=C3)O)O)C)CCCC)C(=C2)O)O)C']
11989,C57H110O13S,5,"bigmed, large, large, med, tiny",67.556,[],[]
2452,C22H34O5,5,"bigmed, large, large, med, tiny",64.39200000000001,"['[(1S,2R,3S,4S,6R,7R,8R,14R)-4-ethenyl-3-hydroxy-2,4,7,14-tetramethyl-9-oxo-6-tricyclo[5.4.3.01,8]tetradecanyl] 2-hydroxyacetate']",['C[C@@H]1CC[C@@]23CCC(=O)[C@H]2[C@@]1([C@@H](C[C@@]([C@H]([C@@H]3C)O)(C)C=C)OC(=O)CO)C']
2217,C21H34O5S,5,"bigmed, large, large, med, tiny",73.03,"['[(3S,5R,10S,13S)-17-acetyl-10,13-dimethyl-2,3,4,5,6,7,8,9,11,12,14,15,16,17-tetradecahydro-1H-cyclopenta[a]phenanthren-3-yl] hydrogen sulfate']",['CC(=O)C1CCC2[C@@]1(CCC3C2CC[C@H]4[C@@]3(CC[C@@H](C4)OS(=O)(=O)O)C)C']
13802,C68H121O13P,5,"bigmed, large, large, med, tiny",75.444,[],[]
6910,C38H67NO9,5,"bigmed, large, large, med, tiny",62.69199999999999,"['N-[(2S,3S,4R)-3,4-dihydroxy-1-[(2S,3R,4S,5R,6R)-3,4,5-trihydroxy-6-(hydroxymethyl)oxan-2-yl]oxyoctadecan-2-yl]-8-phenyloctanamide']",['CCCCCCCCCCCCCC[C@H]([C@H]([C@H](CO[C@@H]1[C@@H]([C@H]([C@H]([C@H](O1)CO)O)O)O)NC(=O)CCCCCCCC2=CC=CC=C2)O)O']
2949,C24H38O4,5,"bigmed, large, large, med, tiny",86.352,"['bis(2-ethylhexyl) benzene-1,2-dicarboxylate']",['CCCCC(CC)COC(=O)C1=CC=CC=C1C(=O)OCC(CC)CCCC']
1038,C16H22O4,5,"bigmed, large, large, med, tiny",85.958,"['dibutyl benzene-1,2-dicarboxylate']",['CCCCOC(=O)C1=CC=CC=C1C(=O)OCCCC']
2020,C20H38O,5,"bigmed, large, large, med, tiny",87.3,"['(E)-3,7,11,15-tetramethylhexadec-2-enal']",['CC(C)CCCC(C)CCCC(C)CCC/C(=C/C=O)/C']
13886,C69H107NO9,5,"bigmed, large, large, med, tiny",64.392,[],[]
12757,C61H111O13P,5,"bigmed, large, large, med, tiny",71.174,"['[2-[(15Z,18Z)-hexacosa-15,18-dienoyl]oxy-3-[hydroxy-(2,3,4,5,6-pentahydroxycyclohexyl)oxyphosphoryl]oxypropyl] (15Z,18Z)-hexacosa-15,18-dienoate']",['CCCCCCC/C=C\\C/C=C\\CCCCCCCCCCCCCC(=O)OCC(COP(=O)(O)OC1C(C(C(C(C1O)O)O)O)O)OC(=O)CCCCCCCCCCCCC/C=C\\C/C=C\\CCCCCCC']
6585,C37H60NO6P,5,"bigmed, large, large, med, tiny",77.098,"['methyl-[6-[[(2R)-2,5,7,8-tetramethyl-2-[(3E,7E)-4,8,12-trimethyltrideca-3,7,11-trienyl]-3,4-dihydrochromen-6-yl]oxycarbonylamino]hexoxy]phosphinic acid']",['CC1=C(C(=C(C2=C1O[C@](CC2)(C)CC/C=C(\\C)/CC/C=C(\\C)/CCC=C(C)C)C)OC(=O)NCCCCCCOP(=O)(C)O)C']
12912,C62H112NO8P,5,"bigmed, large, large, med, tiny",70.922,"['[1-[2-aminoethoxy(hydroxy)phosphoryl]oxy-3-heptacosanoyloxypropan-2-yl] (12Z,15Z,18Z,21Z,24Z,27Z)-triaconta-12,15,18,21,24,27-hexaenoate']",['CCCCCCCCCCCCCCCCCCCCCCCCCCC(=O)OCC(COP(=O)(O)OCCN)OC(=O)CCCCCCCCCC/C=C\\C/C=C\\C/C=C\\C/C=C\\C/C=C\\C/C=C\\CC']
2433,C22H32O8,5,"bigmed, large, large, med, tiny",79.928,"[""[(1S,2R,4S,7R,9R,10R,11S,12S)-2-(acetyloxymethyl)-10,11-dihydroxy-1,5-dimethylspiro[8-oxatricyclo[7.2.1.02,7]dodec-5-ene-12,2'-oxirane]-4-yl] 3-methylbutanoate""]",['CC1=C[C@@H]2[C@](C[C@@H]1OC(=O)CC(C)C)([C@]3([C@@H]([C@H]([C@H]([C@@]34CO4)O2)O)O)C)COC(=O)C']
6609,C37H62NO6P,5,"large, large, large, med, tiny",60.69199999999999,"['[(1S)-1-[3-[(1R,2R,4aR,8aR)-7-cyano-2,5,5,8a-tetramethyl-6-oxo-1-(2-oxopropyl)-1,3,4,4a-tetrahydronaphthalen-2-yl]-3-methylbutyl]-2,4,4-trimethylcyclohexyl]methyl diethyl phosphate']",['CCOP(=O)(OCC)OC[C@@]1(CCC(CC1C)(C)C)CCC(C)(C)[C@@]2(CC[C@@H]3[C@@]([C@H]2CC(=O)C)(C=C(C(=O)C3(C)C)C#N)C)C']
2432,C22H32O6,5,"bigmed, large, large, med, tiny",77.122,"['[(1R,2R,4R,9S,10S,11S,13S,16R)-2,11,16-trihydroxy-5,5-dimethyl-14-methylidene-15-oxo-9-tetracyclo[11.2.1.01,10.04,9]hexadecanyl]methyl acetate']",['CC(=O)OC[C@@]12CCCC([C@H]1C[C@H]([C@]34[C@H]2[C@H](C[C@H]([C@H]3O)C(=C)C4=O)O)O)(C)C']
6619,C37H63N2O6P,5,"bigmed, large, large, med, tiny",77.15599999999999,"['[(4E,8E,12E)-3-hydroxy-2-[[(6Z,9Z,12Z,15Z)-octadeca-6,9,12,15-tetraenoyl]amino]tetradeca-4,8,12-trienyl] 2-(trimethylazaniumyl)ethyl phosphate']",['CC/C=C\\C/C=C\\C/C=C\\C/C=C\\CCCCC(=O)NC(COP(=O)([O-])OCC[N+](C)(C)C)C(/C=C/CC/C=C/CC/C=C/C)O']
120,C10H21N5O4,5,"bigmed, large, large, med, tiny",69.274,"['(2S)-2-[[(2S,3R)-2-amino-3-hydroxybutanoyl]amino]-5-(diaminomethylideneamino)pentanoic acid']",['C[C@H]([C@@H](C(=O)N[C@@H](CCCN=C(N)N)C(=O)O)N)O']
6571,C37H58O5,5,"bigmed, large, large, med, tiny",70.41600000000001,"['[4-[(2E)-3,7-dimethylocta-2,6-dienyl]-2-formyl-3-hydroxy-5-methoxyphenyl]methyl (E)-octadec-9-enoate']",['CCCCCCCC/C=C/CCCCCCCC(=O)OCC1=CC(=C(C(=C1C=O)O)C/C=C(\\C)/CCC=C(C)C)OC']
6648,C37H65N2O6P,5,"large, large, large, med, tiny",58.036,"['[(E)-3-hydroxy-2-[[(5Z,8Z,11Z,14Z,17Z)-icosa-5,8,11,14,17-pentaenoyl]amino]dodec-4-enyl] 2-(trimethylazaniumyl)ethyl phosphate']",['CCCCCCC/C=C/C(C(COP(=O)([O-])OCC[N+](C)(C)C)NC(=O)CCC/C=C\\C/C=C\\C/C=C\\C/C=C\\C/C=C\\CC)O']
811,C15H18N2,5,"bigmed, large, large, med, tiny",70.022,"['1-N-phenyl-4-N-propan-2-ylbenzene-1,4-diamine']",['CC(C)NC1=CC=C(C=C1)NC2=CC=CC=C2']
6570,C37H58O4,5,"bigmed, large, large, med, tiny",66.782,"['5-[[(1R,3aS,5aR,5bR,7aS,11aS,11bR,13aR,13bR)-5a,5b,8,8,11a-pentamethyl-1-prop-1-en-2-yl-1,2,3,4,5,6,7,7a,11,11b,12,13,13a,13b-tetradecahydrocyclopenta[a]chrysen-3a-yl]methoxy]-3,3-dimethyl-5-oxopentanoic acid']",['CC(=C)[C@@H]1CC[C@]2([C@H]1[C@H]3CC[C@H]4[C@]([C@@]3(CC2)C)(CC[C@@H]5[C@@]4(CC=CC5(C)C)C)C)COC(=O)CC(C)(C)CC(=O)O']
2545,C22H42O4,5,"bigmed, large, large, med, tiny",86.828,['bis(2-ethylhexyl) hexanedioate'],['CCCCC(CC)COC(=O)CCCCC(=O)OCC(CC)CCCC']
6715,C37H70NO7P,5,"bigmed, large, large, large, large",63.30800000000001,"['[(2R)-1-[2-aminoethoxy(hydroxy)phosphoryl]oxy-3-[(1Z,11Z)-octadeca-1,11-dienoxy]propan-2-yl] (Z)-tetradec-9-enoate']",['CCCCCC/C=C\\CCCCCCCC/C=C\\OC[C@H](COP(=O)(O)OCCN)OC(=O)CCCCCCC/C=C\\CCCC']
6716,C37H70NO9P,5,"bigmed, large, large, med, tiny",56.48199999999999,['(2S)-2-amino-3-[[(2R)-3-[(Z)-hexadec-1-enoxy]-2-[(Z)-pentadec-9-enoyl]oxypropoxy]-hydroxyphosphoryl]oxypropanoic acid'],['CCCCCCCCCCCCCC/C=C\\OC[C@H](COP(=O)(O)OC[C@@H](C(=O)O)N)OC(=O)CCCCCCC/C=C\\CCCCC']
12532,C5H8O3,5,"large, large, large, med, tiny",82.582,['2-hydroxyethyl prop-2-enoate'],['C=CC(=O)OCCO']
5679,C33H65NO3,5,"bigmed, large, large, med, tiny",76.15599999999999,"['N-[(E,2S,3R)-1,3-dihydroxyhexadec-4-en-2-yl]heptadecanamide']",['CCCCCCCCCCCCCCCCC(=O)N[C@@H](CO)[C@@H](/C=C/CCCCCCCCCCC)O']
1312,C17H33NO5,5,"bigmed, large, large, med, tiny",62.644000000000005,"['(2R,3R,4R,5S)-1-[5-(1-hydroxycyclohexyl)pentyl]-2-(hydroxymethyl)piperidine-3,4,5-triol']",['C1CCC(CC1)(CCCCCN2C[C@@H]([C@H]([C@@H]([C@H]2CO)O)O)O)O']
6556,C37H57O13P,5,"bigmed, large, large, med, tiny",61.904,"['[1-[(3E,6E,9E)-dodeca-3,6,9-trienoyl]oxy-3-[hydroxy-[(5R)-2,3,4,5,6-pentahydroxycyclohexyl]oxyphosphoryl]oxypropan-2-yl] (7E,9E,11E,13E)-hexadeca-7,9,11,13-tetraenoate']",['CC/C=C/C/C=C/C/C=C/CC(=O)OCC(COP(=O)(O)OC1C([C@@H](C(C(C1O)O)O)O)O)OC(=O)CCCCC/C=C/C=C/C=C/C=C/CC']
13796,C68H120O13S,5,"bigmed, large, large, med, tiny",68.886,[],[]
1466,C18H28N6O6,5,"bigmed, large, large, med, tiny",72.364,"['(2R,3R,4R,5S)-1-[6-(4-azido-2-nitroanilino)hexyl]-2-(hydroxymethyl)piperidine-3,4,5-triol']",['C1[C@@H]([C@H]([C@@H]([C@H](N1CCCCCCNC2=C(C=C(C=C2)N=[N+]=[N-])[N+](=O)[O-])CO)O)O)O']
2963,C24H39NO5,5,"bigmed, large, large, med, tiny",64.258,"['methyl (1S,4aR,4bS,7E,8R,8aS,9S,10aR)-9-hydroxy-1,4a,8-trimethyl-7-[2-[2-(methylamino)ethoxy]-2-oxoethylidene]-3,4,4b,5,6,8,8a,9,10,10a-decahydro-2H-phenanthrene-1-carboxylate']",['C[C@@H]\\1[C@H]2[C@H](CC/C1=C\\C(=O)OCCNC)[C@]3(CCC[C@]([C@@H]3C[C@@H]2O)(C)C(=O)OC)C']
756,C14H28O3,5,"bigmed, large, large, med, tiny",73.684,['(3R)-3-hydroxytetradecanoic acid'],['CCCCCCCCCCC[C@H](CC(=O)O)O']
10733,C51H99O8P,5,"bigmed, large, large, med, tiny",57.172,['[(2R)-3-phosphonooxy-2-[(Z)-tetracos-15-enoyl]oxypropyl] tetracosanoate'],['CCCCCCCCCCCCCCCCCCCCCCCC(=O)OC[C@H](COP(=O)(O)O)OC(=O)CCCCCCCCCCCCC/C=C\\CCCCCCCC']
752,C14H28N6O5,5,"bigmed, large, large, large, med",65.068,['(2S)-2-[[(2S)-2-[[(2S)-2-amino-3-methylbutanoyl]amino]-3-hydroxypropanoyl]amino]-5-(diaminomethylideneamino)pentanoic acid'],['CC(C)[C@@H](C(=O)N[C@@H](CO)C(=O)N[C@@H](CCCN=C(N)N)C(=O)O)N']
6363,C36H61O9P,5,"bigmed, large, large, med, tiny",81.202,"['2-[[3-[2-[2-[[(3S,8S,9S,10R,13R,14S,17R)-10,13-dimethyl-17-[(2R)-6-methylheptan-2-yl]-2,3,4,7,8,9,11,12,14,15,16,17-dodecahydro-1H-cyclopenta[a]phenanthren-3-yl]oxy]ethoxy]ethoxy]-3-oxopropyl]-hydroxyphosphoryl]oxyacetic acid']",['C[C@H](CCCC(C)C)[C@H]1CC[C@@H]2[C@@]1(CC[C@H]3[C@H]2CC=C4[C@@]3(CC[C@@H](C4)OCCOCCOC(=O)CCP(=O)(O)OCC(=O)O)C)C']
2168,C21H30N4O4,5,"bigmed, large, large, med, tiny",82.322,['4-amino-N-[1-(cyclohex-3-en-1-ylmethyl)piperidin-4-yl]-2-ethoxy-5-nitrobenzamide'],['CCOC1=CC(=C(C=C1C(=O)NC2CCN(CC2)CC3CCC=CC3)[N+](=O)[O-])N']
6430,C36H66O9,5,"bigmed, large, large, med, tiny",72.99199999999999,"['(2S)-4-[(2R)-2-hydroxy-14-[(2S,3S,4S,5S,6R)-3,4,5-trihydroxy-6-(undecoxymethyl)oxan-2-yl]oxytetradecyl]-2-methyl-2H-furan-5-one']",['CCCCCCCCCCCOC[C@@H]1[C@H]([C@@H]([C@@H]([C@H](O1)OCCCCCCCCCCCC[C@H](CC2=C[C@@H](OC2=O)C)O)O)O)O']
13564,C66H121O8P,5,"bigmed, large, large, med, tiny",75.112,[],[]
14076,C6H4Cl2O2,5,"bigmed, large, large, med, tiny",62.05800000000001,"['4,5-dichlorobenzene-1,2-diol']",['C1=C(C(=CC(=C1Cl)Cl)O)O']
5546,C33H54O5,5,"bigmed, large, large, med, tiny",76.062,"['4-oxo-4-[[(2R)-2,5,7,8-tetramethyl-2-[(4R,8R)-4,8,12-trimethyltridecyl]-3,4-dihydrochromen-6-yl]oxy]butanoic acid']",['CC1=C(C(=C(C2=C1O[C@](CC2)(C)CCC[C@H](C)CCC[C@H](C)CCCC(C)C)C)OC(=O)CCC(=O)O)C']
14063,C6H15N,5,"bigmed, large, large, med, tiny",99.652,"['N,N-diethylethanamine']",['CCN(CC)CC']
7092,C39H63NO6,5,"bigmed, large, large, med, tiny",67.46400000000001,"['4-cyano-2-[2-dodecan-2-yloxycarbonyl-4,4-dimethyl-5-[(2-methylpropan-2-yl)oxy]-5-oxopentyl]-6-phenyloctanoic acid']",['CCCCCCCCCCC(C)OC(=O)C(CC(CC(CC(CC)C1=CC=CC=C1)C#N)C(=O)O)CC(C)(C)C(=O)OC(C)(C)C']
881,C15H24O3,5,"bigmed, large, large, med, tiny",71.146,"['3,8-dihydroxy-3,8-dimethyl-5-propan-2-ylidene-1,2,3a,4,7,8a-hexahydroazulen-6-one']",['CC(=C1CC2C(CCC2(C)O)C(CC1=O)(C)O)C']
5119,C31H58O6,5,"bigmed, large, large, med, tiny",69.152,['[(2S)-2-decanoyloxy-3-octanoyloxypropyl] decanoate'],['CCCCCCCCCC(=O)OC[C@H](COC(=O)CCCCCCC)OC(=O)CCCCCCCCC']
763,C14H29NO2,5,"bigmed, large, large, med, tiny",72.638,['N-(2-hydroxyethyl)dodecanamide'],['CCCCCCCCCCCC(=O)NCCO']
762,C14H29NO,5,"bigmed, large, large, med, tiny",86.316,['tetradecanamide'],['CCCCCCCCCCCCCC(=O)N']
11356,C54H87O9P,5,"bigmed, large, large, med, tiny",62.816,"['[1-[2,3-dihydroxypropoxy(hydroxy)phosphoryl]oxy-3-[(6Z,9Z,12Z,15Z,18Z,21Z)-tetracosa-6,9,12,15,18,21-hexaenoxy]propan-2-yl] (9Z,12Z,15Z,18Z,21Z)-tetracosa-9,12,15,18,21-pentaenoate']",['CC/C=C\\C/C=C\\C/C=C\\C/C=C\\C/C=C\\CCCCCCCC(=O)OC(COCCCCC/C=C\\C/C=C\\C/C=C\\C/C=C\\C/C=C\\C/C=C\\CC)COP(=O)(O)OCC(CO)O']
6346,C36H61N2O6P,5,"bigmed, large, large, med, tiny",60.85,"['[(4E,8E)-3-hydroxy-2-[[(3Z,6Z,9Z,12Z,15Z)-octadeca-3,6,9,12,15-pentaenoyl]amino]trideca-4,8-dienyl] 2-(trimethylazaniumyl)ethyl phosphate']",['CCCC/C=C/CC/C=C/C(C(COP(=O)([O-])OCC[N+](C)(C)C)NC(=O)C/C=C\\C/C=C\\C/C=C\\C/C=C\\C/C=C\\CC)O']
1515,C18H32O3,5,"bigmed, large, large, med, tiny",75.25,['(Z)-11-(3-pentyloxiran-2-yl)undec-9-enoic acid'],['CCCCCC1C(O1)C/C=C\\CCCCCCCC(=O)O']
11575,C55H85NO8,5,"bigmed, large, large, med, tiny",74.24600000000001,"['[(2R)-2,5,7,8-tetramethyl-2-[(4R,8R)-4,8,12-trimethyltridecyl]-3,4-dihydrochromen-6-yl] (E)-2-[2-[(4R,6R)-2,2-dimethyl-6-[2-[(2-methylpropan-2-yl)oxy]-2-oxoethyl]-1,3-dioxan-4-yl]ethylcarbamoyl]-4-phenylpent-3-enoate']",['CC1=C(C(=C(C2=C1O[C@](CC2)(C)CCC[C@H](C)CCC[C@H](C)CCCC(C)C)C)OC(=O)C(/C=C(\\C)/C3=CC=CC=C3)C(=O)NCC[C@@H]4C[C@@H](OC(O4)(C)C)CC(=O)OC(C)(C)C)C']
6987,C38H72O9,5,"bigmed, large, large, med, tiny",61.064,"['[(2S)-3-[(2R,3R,4S,5R,6R)-3,4,5-trihydroxy-6-methyloxan-2-yl]oxy-2-undecanoyloxypropyl] octadecanoate']",['CCCCCCCCCCCCCCCCCC(=O)OC[C@H](CO[C@H]1[C@@H]([C@H]([C@H]([C@H](O1)C)O)O)O)OC(=O)CCCCCCCCCC']
13312,C64H126NO7P,5,"bigmed, large, large, med, tiny",64.774,"['[2-[(17Z,20Z)-octacosa-17,20-dienoyl]oxy-3-octacosoxypropyl] 2-(trimethylazaniumyl)ethyl phosphate']",['CCCCCCCCCCCCCCCCCCCCCCCCCCCCOCC(COP(=O)([O-])OCC[N+](C)(C)C)OC(=O)CCCCCCCCCCCCCCC/C=C\\C/C=C\\CCCCCCC']
13313,C64H126NO8P,5,"bigmed, large, large, med, tiny",67.388,['[3-dodecanoyloxy-2-[(Z)-tetratetracont-33-enoyl]oxypropyl] 2-(trimethylazaniumyl)ethyl phosphate'],['CCCCCCCCCCCC(=O)OCC(COP(=O)([O-])OCC[N+](C)(C)C)OC(=O)CCCCCCCCCCCCCCCCCCCCCCCCCCCCCCC/C=C\\CCCCCCCCCC']
2988,C24H40O6,5,"bigmed, large, large, med, tiny",86.226,"['(4R)-4-[(1R,3S,5S,7R,8S,9S,10S,12S,13R,14S,17R)-1,3,7,12-tetrahydroxy-10,13-dimethyl-2,3,4,5,6,7,8,9,11,12,14,15,16,17-tetradecahydro-1H-cyclopenta[a]phenanthren-17-yl]pentanoic acid']",['C[C@H](CCC(=O)O)[C@H]1CC[C@@H]2[C@@]1([C@H](C[C@H]3[C@H]2[C@@H](C[C@H]4[C@@]3([C@@H](C[C@H](C4)O)O)C)O)O)C']
14041,C6H12O4,5,"bigmed, large, large, med, tiny",72.796,"['3,5-dihydroxy-3-methylpentanoic acid']",['CC(CCO)(CC(=O)O)O']
5267,C32H53NO6,5,"bigmed, large, large, med, tiny",68.862,"['[(1S)-1-[(1S,4R,5R,6R,8R,10S,11R,12S,13R,16R,18S,21R)-11,18-dihydroxy-4,6,12,17,17-pentamethyl-9-oxahexacyclo[11.9.0.01,21.04,12.05,10.016,21]docosan-8-yl]-2-hydroxy-2-methylpropyl] N-methylcarbamate']",['C[C@@H]1C[C@@H](O[C@H]2[C@H]1[C@]3(CC[C@@]45C[C@@]46CC[C@@H](C([C@@H]6CC[C@H]5[C@@]3([C@H]2O)C)(C)C)O)C)[C@@H](C(C)(C)O)OC(=O)NC']
2014,C20H37NO4S,5,"bigmed, large, large, med, tiny",75.00399999999999,['2-aminoethanol;4-dodecylbenzenesulfonic acid'],['CCCCCCCCCCCCC1=CC=C(C=C1)S(=O)(=O)O.C(CO)N']
6999,C38H73O7P,5,"large, large, large, med, tiny",62.644000000000005,"['[(2R)-1-octadecoxy-3-phosphonooxypropan-2-yl] (9Z,12Z)-heptadeca-9,12-dienoate']",['CCCCCCCCCCCCCCCCCCOC[C@H](COP(=O)(O)O)OC(=O)CCCCCCC/C=C\\C/C=C\\CCCC']
773,C14H31NO,5,"bigmed, large, large, med, tiny",98.96,"['N,N-dimethyldodecan-1-amine oxide']",['CCCCCCCCCCCC[N+](C)(C)[O-]']
1472,C18H28O4,5,"bigmed, large, large, med, tiny",70.536,['(4-hydroxy-3-methoxyphenyl)methyl 8-methylnonanoate'],['CC(C)CCCCCCC(=O)OCC1=CC(=C(C=C1)O)OC']
6461,C36H69NO2,5,"bigmed, large, large, med, tiny",88.15,['18-(octadec-9-enylamino)octadec-9-enoic acid'],['CCCCCCCCC=CCCCCCCCCNCCCCCCCCC=CCCCCCCCC(=O)O']
2192,C21H32O3,5,"bigmed, large, large, med, tiny",66.612,"['(2Z,5S,8R,9S,10S,13S,14S,17S)-17-hydroxy-2-(hydroxymethylidene)-10,13,17-trimethyl-1,4,5,6,7,8,9,11,12,14,15,16-dodecahydrocyclopenta[a]phenanthren-3-one']",['C[C@]12CC[C@H]3[C@H]([C@@H]1CC[C@]2(C)O)CC[C@@H]4[C@@]3(C/C(=C/O)/C(=O)C4)C']
761,C14H29N9O4,5,"bigmed, large, large, large, tiny",59.826,['(2S)-2-[[(2S)-2-[(2-aminoacetyl)amino]-5-(diaminomethylideneamino)pentanoyl]amino]-5-(diaminomethylideneamino)pentanoic acid'],['C(C[C@@H](C(=O)N[C@@H](CCCN=C(N)N)C(=O)O)NC(=O)CN)CN=C(N)N']
5641,C33H62NO11P,4,"bigmed, large, med, tiny",77.635,['(E)-12-[(2R)-1-[2-aminoethoxy(hydroxy)phosphoryl]oxy-3-hexadecanoyloxypropan-2-yl]oxy-4-hydroxy-12-oxododec-2-enoic acid'],['CCCCCCCCCCCCCCCC(=O)OC[C@H](COP(=O)(O)OCCN)OC(=O)CCCCCCCC(/C=C/C(=O)O)O']
5839,C34H59NO5,4,"bigmed, large, med, tiny",61.4725,"['[(3R)-3-[(3R,5S,6R,7R,8S,9S,10S,13R,14S,17R)-6-ethyl-3,7-dihydroxy-10,13-dimethyl-2,3,4,5,6,7,8,9,11,12,14,15,16,17-tetradecahydro-1H-cyclopenta[a]phenanthren-17-yl]butyl] 4-ethyl-4-(hydroxymethyl)piperidine-1-carboxylate']",['CC[C@@H]1[C@@H]2C[C@@H](CC[C@@]2([C@H]3CC[C@]4([C@H]([C@@H]3[C@@H]1O)CC[C@@H]4[C@H](C)CCOC(=O)N5CCC(CC5)(CC)CO)C)C)O']
5470,C33H47NO6,4,"bigmed, large, med, tiny",77.275,"['N-[(7S)-1,2,3,10-tetramethoxy-9-oxo-6,7-dihydro-5H-benzo[a]heptalen-7-yl]tridecanamide']",['CCCCCCCCCCCCC(=O)N[C@H]1CCC2=CC(=C(C(=C2C3=CC=C(C(=O)C=C13)OC)OC)OC)OC']
5908,C34H64O14,4,"bigmed, large, med, tiny",66.64500000000001,"['[1-hexadecoxy-3-[3,4,5-trihydroxy-6-[[3,4,5-trihydroxy-6-(hydroxymethyl)oxan-2-yl]oxymethyl]oxan-2-yl]oxypropan-2-yl] propanoate']",['CCCCCCCCCCCCCCCCOCC(COC1C(C(C(C(O1)COC2C(C(C(C(O2)CO)O)O)O)O)O)O)OC(=O)CC']
5914,C34H65NO11S,4,"bigmed, large, med, tiny",86.565,"['[2-[2-[[(Z)-dodec-5-enoyl]amino]-3-hydroxyhexadecoxy]-3,5-dihydroxy-6-(hydroxymethyl)oxan-4-yl] hydrogen sulfate']",['CCCCCCCCCCCCCC(C(COC1C(C(C(C(O1)CO)O)OS(=O)(=O)O)O)NC(=O)CCC/C=C\\CCCCCC)O']
5573,C33H56O9,4,"bigmed, large, med, tiny",61.785,"['(2S,3S,4R)-2,3,5-trihydroxy-4-[(2E,4R,6E,8E,10S,11R,12S)-11-hydroxy-2,4,6,8,10,12-hexamethyl-5-oxodocosa-2,6,8-trienoyl]oxypentanoic acid']",['CCCCCCCCCC[C@H](C)[C@H]([C@@H](C)/C=C(\\C)/C=C(\\C)/C(=O)[C@H](C)/C=C(\\C)/C(=O)O[C@H](CO)[C@H]([C@@H](C(=O)O)O)O)O']
5493,C33H50O13,4,"bigmed, large, med, tiny",69.3775,"['[3,4,5-trihydroxy-6-(hydroxymethyl)oxan-2-yl] (4R,5R,8R)-2-[(3,4-dihydroxy-5-methoxy-6-methyloxan-2-yl)oxymethyl]-9-formyl-5-methyl-13-propan-2-yltetracyclo[7.4.0.02,11.04,8]tridec-12-ene-1-carboxylate']",['C[C@@H]1CC[C@@H]2[C@@H]1CC3(C4CC2(C3(C(=C4)C(C)C)C(=O)OC5C(C(C(C(O5)CO)O)O)O)C=O)COC6C(C(C(C(O6)C)OC)O)O']
5883,C34H62O11,4,"bigmed, large, med, tiny",60.48,"['2-[2-[2-[2-[2-[2-[2-[2-[2-[2-[4-(2,4,4-trimethylpentan-2-yl)phenoxy]ethoxy]ethoxy]ethoxy]ethoxy]ethoxy]ethoxy]ethoxy]ethoxy]ethoxy]ethanol']",['CC(C)(C)CC(C)(C)C1=CC=C(C=C1)OCCOCCOCCOCCOCCOCCOCCOCCOCCOCCO']
5478,C33H48O8,4,"bigmed, large, med, tiny",54.3725,"['methyl 3-[(3R,3aR,6R,7R,9bR)-6-(acetyloxymethyl)-3-[(1S)-1-[(2R,3S)-3-hydroxy-5-methyl-6-oxo-2,3-dihydropyran-2-yl]ethyl]-7-(2-hydroxypropan-2-yl)-3a,9b-dimethyl-1,2,3,4,7,8-hexahydrocyclopenta[a]naphthalen-6-yl]propanoate']",['CC1=C[C@@H]([C@H](OC1=O)[C@@H](C)[C@H]2CC[C@@]3([C@@]2(CC=C4C3=CC[C@H]([C@@]4(CCC(=O)OC)COC(=O)C)C(C)(C)O)C)C)O']
5884,C34H62O11S,4,"bigmed, large, med, tiny",87.63499999999999,[],[]
5480,C33H49NO5,4,"bigmed, large, med, tiny",59.7225,"['(E)-3-(3,5-dibutoxy-4-hydroxyphenyl)-N-[2-(3,5-ditert-butyl-4-hydroxyphenyl)ethyl]prop-2-enamide']",['CCCCOC1=CC(=CC(=C1O)OCCCC)/C=C/C(=O)NCCC2=CC(=C(C(=C2)C(C)(C)C)O)C(C)(C)C']
5567,C33H56O13,4,"bigmed, large, med, tiny",65.865,"['(1R,3S,5S,6R,7R,8R,11R,12R,15S,29S,31R,33R,34S,35S)-6,7,34,35-tetrahydroxy-33-(hydroxymethyl)-5,12,29-trimethyl-2,4,9,14,30,32-hexaoxatetracyclo[29.4.0.03,8.011,15]pentatriacontane-10,13-dione']",['C[C@H]1CCCCCCCCCCCCC[C@H]2[C@@H]([C@H](C(=O)O2)C)C(=O)O[C@@H]3[C@@H]([C@H]([C@@H](O[C@H]3O[C@@H]4[C@H]([C@@H]([C@H](O[C@H]4O1)CO)O)O)C)O)O']
4786,C30H53NO9S,4,"bigmed, large, med, tiny",73.3525,"['[(2R,3S,4S,5R,6S)-3,4,5-triacetyloxy-6-(dioctylamino)sulfanyloxan-2-yl]methyl acetate']",['CCCCCCCCN(CCCCCCCC)S[C@H]1[C@@H]([C@H]([C@H]([C@H](O1)COC(=O)C)OC(=O)C)OC(=O)C)OC(=O)C']
5898,C34H63O8P,4,"bigmed, large, med, tiny",77.955,"['[(2R)-1-(10-methyldodecanoyloxy)-3-phosphonooxypropan-2-yl] (9Z,11Z)-octadeca-9,11-dienoate']",['CCCCCC/C=C\\C=C/CCCCCCCC(=O)O[C@H](COC(=O)CCCCCCCCC(C)CC)COP(=O)(O)O']
5612,C33H59NO4,4,"bigmed, large, med, tiny",64.05499999999999,"['didodecyl 2,6-dimethyl-1,4-dihydropyridine-3,5-dicarboxylate']",['CCCCCCCCCCCCOC(=O)C1=C(NC(=C(C1)C(=O)OCCCCCCCCCCCC)C)C']
4797,C30H54NO7P,4,"bigmed, large, med, tiny",72.785,"['[(2R)-3-[(7Z,10Z,13Z,16Z)-docosa-7,10,13,16-tetraenoyl]oxy-2-hydroxypropyl] 2-(trimethylazaniumyl)ethyl phosphate']",['CCCCC/C=C\\C/C=C\\C/C=C\\C/C=C\\CCCCCC(=O)OC[C@H](COP(=O)([O-])OCC[N+](C)(C)C)O']
5494,C33H50O14,4,"bigmed, large, med, tiny",72.0175,"['1-O-[2-[(4,4-diacetyl-7-ethoxy-7-oxoheptanoyl)oxymethyl]-2-(formyloxymethyl)butyl] 7-O-ethyl 4,4-diacetylheptanedioate']",['CCC(COC=O)(COC(=O)CCC(CCC(=O)OCC)(C(=O)C)C(=O)C)COC(=O)CCC(CCC(=O)OCC)(C(=O)C)C(=O)C']
5589,C33H58NO10P,4,"large, large, med, tiny",72.9325,"['[(2R)-2-[(E)-4,7-dioxohept-5-enoyl]oxy-3-[(Z)-octadec-9-enoyl]oxypropyl] 2-(trimethylazaniumyl)ethyl phosphate']",['CCCCCCCC/C=C\\CCCCCCCC(=O)OC[C@H](COP(=O)([O-])OCC[N+](C)(C)C)OC(=O)CCC(=O)/C=C/C=O']
5495,C33H50O2,4,"bigmed, large, med, tiny",58.77,['(4-methyl-7-prop-1-en-2-ylazulen-1-yl)methyl octadecanoate'],['CCCCCCCCCCCCCCCCCC(=O)OCC1=C2C=C(C=CC(=C2C=C1)C)C(=C)C']
5901,C34H64N4O4,4,"bigmed, large, med, tiny",60.295,"['(4R)-N-[3-[4-(3-aminopropylamino)butylamino]propyl]-4-[(3R,5S,7R,8R,9S,10S,12S,13R,14S,17R)-3,7,12-trihydroxy-10,13-dimethyl-2,3,4,5,6,7,8,9,11,12,14,15,16,17-tetradecahydro-1H-cyclopenta[a]phenanthren-17-yl]pentanamide']",['C[C@H](CCC(=O)NCCCNCCCCNCCCN)[C@H]1CC[C@@H]2[C@@]1([C@H](C[C@H]3[C@H]2[C@@H](C[C@H]4[C@@]3(CC[C@H](C4)O)C)O)O)C']
5530,C33H53NO9,4,"bigmed, large, med, tiny",64.5875,"[""[(5R,7R,8R,9S,10S,12S,13R,14S,17R)-12-acetyloxy-17-[(2R)-5-(dimethylamino)-5-oxopentan-2-yl]-6',6',10,13-tetramethylspiro[1,2,4,5,6,7,8,9,11,12,14,15,16,17-tetradecahydrocyclopenta[a]phenanthrene-3,3'-1,2,4,5-tetraoxane]-7-yl] acetate""]",['C[C@H](CCC(=O)N(C)C)[C@H]1CC[C@@H]2[C@@]1([C@H](C[C@H]3[C@H]2[C@@H](C[C@H]4[C@@]3(CCC5(C4)OOC(OO5)(C)C)C)OC(=O)C)OC(=O)C)C']
5535,C33H53O7P,4,"bigmed, large, med, tiny",63.2,"['[3-(2,4-ditert-butylphenoxy)-3-(2,4-ditert-butylphenyl)-2,2-bis(hydroxymethyl)propyl] dihydrogen phosphate']",['CC(C)(C)C1=CC(=C(C=C1)C(C(CO)(CO)COP(=O)(O)O)OC2=C(C=C(C=C2)C(C)(C)C)C(C)(C)C)C(C)(C)C']
5650,C33H62O3,4,"bigmed, large, med, tiny",64.8975,['30-methyl-28-oxodotriacont-29-enoic acid'],['CCC(=CC(=O)CCCCCCCCCCCCCCCCCCCCCCCCCCC(=O)O)C']
5797,C34H56NO7P,4,"bigmed, large, med, tiny",60.205,"['[1-[2-aminoethoxy(hydroxy)phosphoryl]oxy-3-[(5Z,8Z,11Z,14Z,17Z,20Z,23Z)-hexacosa-5,8,11,14,17,20,23-heptaenoxy]propan-2-yl] propanoate']",['CC/C=C\\C/C=C\\C/C=C\\C/C=C\\C/C=C\\C/C=C\\C/C=C\\CCCCOCC(COP(=O)(O)OCCN)OC(=O)CC']
5428,C32H65NO3,4,"bigmed, large, med, tiny",87.7325,"['N-[(2S,3R)-1,3-dihydroxyoctadecan-2-yl]tetradecanamide']",['CCCCCCCCCCCCCCC[C@H]([C@H](CO)NC(=O)CCCCCCCCCCCCC)O']
5041,C31H54NO13P,4,"bigmed, large, med, tiny",69.8,['(E)-7-[(2R)-1-[[(2S)-2-amino-2-carboxyethoxy]-hydroxyphosphoryl]oxy-3-[(Z)-octadec-9-enoyl]oxypropan-2-yl]oxy-4-hydroxy-7-oxohept-2-enoic acid'],['CCCCCCCC/C=C\\CCCCCCCC(=O)OC[C@H](COP(=O)(O)OC[C@@H](C(=O)O)N)OC(=O)CCC(/C=C/C(=O)O)O']
5278,C32H54N2O,4,"bigmed, large, med, tiny",65.0075,['N-[2-(1H-indol-3-yl)ethyl]docosanamide'],['CCCCCCCCCCCCCCCCCCCCCC(=O)NCCC1=CNC2=CC=CC=C21']
5268,C32H53NO7,4,"bigmed, large, med, tiny",56.34,"['4-[3-acetyloxy-2-[(8Z,11Z,14Z,17Z)-icosa-8,11,14,17-tetraenoyl]oxypropoxy]-2-(trimethylazaniumyl)butanoate']",['CC/C=C\\C/C=C\\C/C=C\\C/C=C\\CCCCCCC(=O)OC(COCCC(C(=O)[O-])[N+](C)(C)C)COC(=O)C']
5023,C31H53NO10S,4,"bigmed, large, med, tiny",72.7375,['2-[bis(2-acetyloxyethyl)amino]ethyl acetate;4-dodecoxy-2-methylbenzenesulfonic acid'],['CCCCCCCCCCCCOC1=CC(=C(C=C1)S(=O)(=O)O)C.CC(=O)OCCN(CCOC(=O)C)CCOC(=O)C']
5037,C31H53O9P,4,"bigmed, large, med, tiny",56.73,['(2-ethoxycarbonyl-3-octadecoxyphenoxy)carbonyl-(2-hydroxypropoxy)phosphinic acid'],['CCCCCCCCCCCCCCCCCCOC1=C(C(=CC=C1)OC(=O)P(=O)(O)OCC(C)O)C(=O)OCC']
5241,C32H50O3,4,"bigmed, large, med, tiny",73.09,"['trans-(1R,3S,5Z)-5-[(2E)-2-[(1R,3aS,7aR)-7a-methyl-1-[(2S)-1-[2-(1-methylcyclohexyl)prop-2-enoxy]propan-2-yl]-2,3,3a,5,6,7-hexahydro-1H-inden-4-ylidene]ethylidene]-4-methylidenecyclohexane-1,3-diol']",['C[C@H](COCC(=C)C1(CCCCC1)C)[C@H]2CC[C@@H]\\3[C@@]2(CCC/C3=C\\C=C/4\\C[C@H](C[C@@H](C4=C)O)O)C']
5215,C32H48NO10P,4,"bigmed, large, med, tiny",85.065,"['tert-butyl (2S,3R,5S)-3-(2-diethoxyphosphorylacetyl)oxy-5-ethenyl-2-[4-[(4-methoxyphenyl)methoxy]butyl]-3-prop-2-enoylpyrrolidine-1-carboxylate']",['CCOP(=O)(CC(=O)O[C@@]1(C[C@H](N([C@H]1CCCCOCC2=CC=C(C=C2)OC)C(=O)OC(C)(C)C)C=C)C(=O)C=C)OCC']
4779,C30H53N2O6P,4,"bigmed, large, med, tiny",70.945,"['[(E)-2-[[(4Z,7Z,10Z,13Z)-hexadeca-4,7,10,13-tetraenoyl]amino]-3-hydroxynon-4-enyl] 2-(trimethylazaniumyl)ethyl phosphate']",['CCCC/C=C/C(C(COP(=O)([O-])OCC[N+](C)(C)C)NC(=O)CC/C=C\\C/C=C\\C/C=C\\C/C=C\\CC)O']
5171,C31H65N2O6P,4,"bigmed, large, med, tiny",71.85,['2-(tert-butylamino)ethyl [2-ethoxy-3-(icosanoylamino)propyl] hydrogen phosphate'],['CCCCCCCCCCCCCCCCCCCC(=O)NCC(COP(=O)(O)OCCNC(C)(C)C)OCC']
5040,C31H54NO10P,4,"bigmed, large, med, tiny",65.6175,"['[(2R)-3-[2-aminoethoxy(hydroxy)phosphoryl]oxy-2-[(E)-5,8-dioxooct-6-enoyl]oxypropyl] (Z)-octadec-9-enoate']",['CCCCCCCC/C=C\\CCCCCCCC(=O)OC[C@H](COP(=O)(O)OCCN)OC(=O)CCCC(=O)/C=C/C=O']
5158,C31H62NO6P,4,"bigmed, large, med, tiny",77.1425,"['[(1S,2R)-2-ethoxycarbonyl-2-octadecylcyclopentyl] 2-(trimethylazaniumyl)ethyl phosphate']",['CCCCCCCCCCCCCCCCCC[C@]1(CCC[C@@H]1OP(=O)([O-])OCC[N+](C)(C)C)C(=O)OCC']
5042,C31H54NO4,4,"bigmed, large, med, tiny",70.505,"['[3-carboxy-2-[(9E,12E,15Z,18Z)-tetracosa-9,12,15,18-tetraenoyl]oxypropyl]-trimethylazanium']",['CCCCC/C=C\\C/C=C\\C/C=C/C/C=C/CCCCCCCC(=O)OC(CC(=O)O)C[N+](C)(C)C']
5021,C31H52O9,4,"bigmed, large, large, large",64.41,"['(2R,3S,4S,5S,6R)-2-[[(1S,2R,3R,4aR,4bS,7S,10R)-7-ethenyl-2,3,10-trihydroxy-1,4a,7-trimethyl-3,4,4b,5,6,8,10,10a-octahydro-2H-phenanthren-1-yl]methoxy]-6-(hydroxymethyl)-2,3,4,5,6-pentamethyloxane-3,4,5-triol']",['C[C@@]1(CC[C@H]2C(=C[C@H](C3[C@@]2(C[C@H]([C@@H]([C@]3(C)CO[C@]4([C@@]([C@@]([C@]([C@@](O4)(C)CO)(C)O)(C)O)(C)O)C)O)O)C)O)C1)C=C']
5123,C31H59NO6,4,"bigmed, large, med, tiny",70.5125,['4-(docosoxycarbonylamino)-4-methylheptanedioic acid'],['CCCCCCCCCCCCCCCCCCCCCCOC(=O)NC(C)(CCC(=O)O)CCC(=O)O']
5705,C34H40N4O4,4,"bigmed, large, med, tiny",72.0925,"['3-[18-(2-carboxyethyl)-8,13-bis(ethenyl)-3,7,12,17-tetramethyl-5,10,15,20,21,22,23,24-octahydroporphyrin-2-yl]propanoic acid']",['CC1=C2CC3=C(C(=C(N3)CC4=C(C(=C(N4)CC5=C(C(=C(N5)CC(=C1CCC(=O)O)N2)CCC(=O)O)C)C=C)C)C=C)C']
5052,C31H54O8,4,"bigmed, large, med, tiny",62.425,"['2-ethyl-9-[2-(2-hydroxy-4-methylcyclohexyl)propan-2-yloxy]-2,6,8,8-tetramethyl-4-(oxan-2-yloxycarbonyl)-9-oxononanoic acid']",['CCC(C)(CC(CC(C)CC(C)(C)C(=O)OC(C)(C)C1CCC(CC1O)C)C(=O)OC2CCCCO2)C(=O)O']
5057,C31H55NO14,4,"bigmed, large, med, tiny",65.3825,['3-[2-[2-[2-[2-[2-[2-[2-[2-(2-carboxyethoxy)ethoxy]ethoxy]ethoxy]ethyl-[(4E)-cyclooct-4-en-1-yl]oxycarbonylamino]ethoxy]ethoxy]ethoxy]ethoxy]propanoic acid'],['C1C/C=C/CCC(C1)OC(=O)N(CCOCCOCCOCCOCCC(=O)O)CCOCCOCCOCCOCCC(=O)O']
5060,C31H55NO5S,4,"bigmed, large, med, tiny",53.155,"['(4E,8E,12E)-2-[[(Z)-heptadec-9-enoyl]amino]-3-hydroxytetradeca-4,8,12-triene-1-sulfonic acid']",['CCCCCCC/C=C\\CCCCCCCC(=O)NC(CS(=O)(=O)O)C(/C=C/CC/C=C/CC/C=C/C)O']
5118,C31H58O5,4,"large, large, med, tiny",57.475,['[(2S)-3-hydroxy-2-[(Z)-tetradec-9-enoyl]oxypropyl] tetradecanoate'],['CCCCCCCCCCCCCC(=O)OC[C@H](CO)OC(=O)CCCCCCC/C=C\\CCCC']
5108,C31H58NO10P,4,"bigmed, large, med, tiny",87.04,['[(2R)-3-hexadecanoyloxy-2-[(E)-4-hydroxy-7-oxohept-5-enoyl]oxypropyl] 2-(trimethylazaniumyl)ethyl phosphate'],['CCCCCCCCCCCCCCCC(=O)OC[C@H](COP(=O)([O-])OCC[N+](C)(C)C)OC(=O)CCC(/C=C/C=O)O']
5071,C31H55O7P,4,"bigmed, large, med, tiny",66.4275,['ethoxy-[(2R)-3-octadecoxy-2-phenylmethoxypropoxy]carbonylphosphinic acid'],['CCCCCCCCCCCCCCCCCCOC[C@H](COC(=O)P(=O)(O)OCC)OCC1=CC=CC=C1']
5101,C31H57NO9,4,"large, large, med, tiny",67.03,"['dodecyl 2-[[(E,2R,5R,6R,7S,8R)-6,7,8-trihydroxy-5-methoxy-2,11,11-trimethyl-4-oxododec-9-enoyl]amino]ethyl carbonate']",['CCCCCCCCCCCCOC(=O)OCCNC(=O)[C@H](C)CC(=O)[C@@H]([C@@H]([C@H]([C@@H](/C=C/C(C)(C)C)O)O)O)OC']
5091,C31H57N3O3,4,"bigmed, large, large, tiny",55.355,['1-[5-[(4-hydroxyanilino)methoxy]pentyl]-1-octadecylurea'],['CCCCCCCCCCCCCCCCCCN(CCCCCOCNC1=CC=C(C=C1)O)C(=O)N']
5281,C32H54NO6P,4,"bigmed, large, med, tiny",69.8425,"['5-[(heptadecylamino)-phenylmethyl]-3,3,8,8-tetramethyl-1,4,6,9-tetraoxa-5lambda5-phosphaspiro[4.4]nonane-2,7-dione']",['CCCCCCCCCCCCCCCCCNC(C1=CC=CC=C1)P23(OC(=O)C(O2)(C)C)OC(=O)C(O3)(C)C']
5015,C31H52O21P4,4,"bigmed, large, med, tiny",59.6425,[],[]
4861,C30H58O4S,4,"bigmed, large, med, tiny",98.6125,['dodecyl 3-(3-dodecoxy-3-oxopropyl)sulfanylpropanoate'],['CCCCCCCCCCCCOC(=O)CCSCCC(=O)OCCCCCCCCCCCC']
4898,C31H40O7,4,"bigmed, large, med, tiny",70.6875,"['methyl (1S,4aR,5S)-5-[2-(3,6-diacetyloxy-7,7a-dihydro-2H-naphtho[2,3-b]oxiren-1a-yl)ethyl]-1,4a-dimethyl-6-methylidene-3,4,5,7,8,8a-hexahydro-2H-naphthalene-1-carboxylate']",['CC(=O)OC1=C2CC3C(O3)(CC2=C(C=C1)OC(=O)C)CC[C@H]4C(=C)CCC5[C@@]4(CCC[C@]5(C)C(=O)OC)C']
5405,C32H63N3O4,4,"bigmed, large, med, tiny",68.6425,"['[(E,2S,3R)-2-(2,2-dimethylpropanoylamino)-3-hydroxyoctadec-4-enyl] N-[2-[di(propan-2-yl)amino]ethyl]carbamate']",['CCCCCCCCCCCCC/C=C/[C@H]([C@H](COC(=O)NCCN(C(C)C)C(C)C)NC(=O)C(C)(C)C)O']
5401,C32H62O3,4,"bigmed, large, med, tiny",87.1825,['hexadecanoyl hexadecanoate'],['CCCCCCCCCCCCCCCC(=O)OC(=O)CCCCCCCCCCCCCCC']
5822,C34H57O7P,4,"bigmed, large, med, tiny",64.2525,"['(5aR,5bR,11aR)-1-(3-diethoxyphosphoryloxyprop-1-en-2-yl)-9-hydroxy-5a,5b,8,8,11a-pentamethyl-1,2,3,4,5,6,7,7a,9,10,11,11b,12,13,13a,13b-hexadecahydrocyclopenta[a]chrysene-3a-carboxylic acid']",['CCOP(=O)(OCC)OCC(=C)C1CCC2(C1C3CCC4[C@]5(CCC(C(C5CC[C@]4([C@@]3(CC2)C)C)(C)C)O)C)C(=O)O']
4868,C30H59NO3,4,"bigmed, large, med, tiny",57.25,"['N-[(E,2S,3R)-1,3-dihydroxyoctadec-4-en-2-yl]dodecanamide']",['CCCCCCCCCCCCC/C=C/[C@H]([C@H](CO)NC(=O)CCCCCCCCCCC)O']
5400,C32H62O2,4,"bigmed, large, med, tiny",68.7025,['tetradecyl (Z)-octadec-9-enoate'],['CCCCCCCCCCCCCCOC(=O)CCCCCCC/C=C\\CCCCCCCC']
5659,C33H63NO5,4,"bigmed, large, med, tiny",60.835,"['(2S)-4-[(13S)-13-hydroxy-14-[2-[(2S)-2-hydroxydodecoxy]ethoxy]tetradecyl]-2-methyl-1,2-dihydropyrrol-5-one']",['CCCCCCCCCC[C@@H](COCCOC[C@H](CCCCCCCCCCCCC1=C[C@@H](NC1=O)C)O)O']
5379,C32H61NO11S,4,"bigmed, large, med, tiny",64.12,"['[2-[2-[[(Z)-dodec-5-enoyl]amino]-3-hydroxytetradecoxy]-3,5-dihydroxy-6-(hydroxymethyl)oxan-4-yl] hydrogen sulfate']",['CCCCCCCCCCCC(C(COC1C(C(C(C(O1)CO)O)OS(=O)(=O)O)O)NC(=O)CCC/C=C\\CCCCCC)O']
4890,C30H62O10,4,"bigmed, large, med, tiny",82.4275,['2-[2-[2-[2-[2-[2-[2-[2-(2-dodecoxyethoxy)ethoxy]ethoxy]ethoxy]ethoxy]ethoxy]ethoxy]ethoxy]ethanol'],['CCCCCCCCCCCCOCCOCCOCCOCCOCCOCCOCCOCCOCCO']
5363,C32H59O7P,4,"bigmed, large, med, tiny",79.9,"['bicyclo[3.1.0]hexa-1(6),2,4-triene;bis(1-ethoxy-2-hydroxypropyl) hexadecyl phosphite']",['CCCCCCCCCCCCCCCCOP(OC(C(C)O)OCC)OC(C(C)O)OCC.C1=CC2=CC2=C1']
5353,C32H59N3O3,4,"bigmed, large, med, tiny",68.67,['[6-(octadecylcarbamoyl)cyclohex-3-en-1-yl]methyl 4-methylpiperazine-1-carboxylate'],['CCCCCCCCCCCCCCCCCCNC(=O)C1CC=CCC1COC(=O)N2CCN(CC2)C']
5346,C32H58O11,4,"bigmed, large, med, tiny",68.44,"['(3R,5R)-5-[(3R,5R)-3-acetyloxy-5-[(3R,5R)-3,5-dihydroxydecanoyl]oxydecanoyl]oxy-3-hydroxydecanoic acid']",['CCCCC[C@H](C[C@H](CC(=O)O[C@H](CCCCC)C[C@H](CC(=O)O[C@H](CCCCC)C[C@H](CC(=O)O)O)OC(=O)C)O)O']
5011,C31H52O13,4,"bigmed, large, med, tiny",61.3675,"['[(2R,3R,4S,5S,6R)-2-[[(2S,3S,4S,5R,6R)-5-acetyloxy-6-[(2R)-2-[(4R,5R)-5-[(4R)-2,2-dimethyl-1,3-dioxolan-4-yl]-1,3-dioxolan-4-yl]-2-hydroxyethoxy]-3,4-dimethyloxan-2-yl]methoxy]-6-ethyl-4,5-dimethyloxan-3-yl] acetate']",['CC[C@@H]1[C@H]([C@@H]([C@H]([C@@H](O1)OC[C@@H]2[C@H]([C@@H]([C@H]([C@@H](O2)OC[C@H]([C@@H]3[C@H](OCO3)[C@H]4COC(O4)(C)C)O)OC(=O)C)C)C)OC(=O)C)C)C']
4972,C31H49NO4,4,"bigmed, large, med, tiny",60.2175,"['(2S,4aS,6aR,6aS,6bR,8aR,10S,12aS,14bR)-10-hydroxy-N-methoxy-2,4a,6a,6b,9,9,12a-heptamethyl-13-oxo-3,4,5,6,6a,7,8,8a,10,11,12,14b-dodecahydro-1H-picene-2-carboxamide']",['C[C@]12CC[C@](C[C@H]1C3=CC(=O)[C@@H]4[C@]5(CC[C@@H](C([C@@H]5CC[C@]4([C@@]3(CC2)C)C)(C)C)O)C)(C)C(=O)NOC']
5739,C34H51NO6,4,"bigmed, large, med, tiny",68.9925,"['(4R,5R,8R)-2-[[(2R,6S,7R)-4-(cyclohexen-1-ylmethyl)-6-methoxy-7-methyl-1,4-oxazepan-2-yl]oxymethyl]-9-formyl-5-methyl-13-propan-2-yltetracyclo[7.4.0.02,11.04,8]tridec-12-ene-1-carboxylic acid']",['C[C@@H]1CC[C@@H]2[C@@H]1CC3(C4CC2(C3(C(=C4)C(C)C)C(=O)O)C=O)CO[C@H]5CN(C[C@@H]([C@H](O5)C)OC)CC6=CCCCC6']
4973,C31H49NO5S,4,"bigmed, large, med, tiny",55.415,"['(2S,4aS,6aR,6aS,6bR,8aR,10S,12aS,14bR)-10-(methanesulfonamido)-2,4a,6a,6b,9,9,12a-heptamethyl-13-oxo-3,4,5,6,6a,7,8,8a,10,11,12,14b-dodecahydro-1H-picene-2-carboxylic acid']",['C[C@]12CC[C@](C[C@H]1C3=CC(=O)[C@@H]4[C@]5(CC[C@@H](C([C@@H]5CC[C@]4([C@@]3(CC2)C)C)(C)C)NS(=O)(=O)C)C)(C)C(=O)O']
4980,C31H50N2O3,4,"bigmed, large, med, tiny",60.2,"['(3R,6R,7S,8R,10S,11R,14R,15S,20S)-18-tert-butyl-7-[(1S)-1-(dimethylamino)ethyl]-8-hydroxy-6,10,15-trimethyl-17-oxa-19-azapentacyclo[12.8.0.03,11.06,10.015,20]docosa-1(22),18-dien-4-one']",['C[C@@H]([C@H]1[C@@H](C[C@@]2([C@@]1(CC(=O)[C@H]3[C@H]2CC[C@@H]4C(=CC[C@H]5[C@]4(COC(=N5)C(C)(C)C)C)C3)C)C)O)N(C)C']
5298,C32H55NO5,4,"bigmed, large, med, tiny",71.0925,"['[(3S,5S,8S,9S,10R,13R,14S,17R)-10,13-dimethyl-17-[(2R)-6-methylheptan-2-yl]-6-oxo-1,2,3,4,5,7,8,9,11,12,14,15,16,17-tetradecahydrocyclopenta[a]phenanthren-3-yl] N,N-bis(2-hydroxyethyl)carbamate']",['C[C@H](CCCC(C)C)[C@H]1CC[C@@H]2[C@@]1(CC[C@H]3[C@H]2CC(=O)[C@@H]4[C@@]3(CC[C@@H](C4)OC(=O)N(CCO)CCO)C)C']
4996,C31H51O10P,4,"bigmed, large, med, tiny",65.39750000000001,"['[6-dibutoxyphosphoryloxy-4-(2,2-dimethylpropanoyloxy)-2-methyl-5-phenylmethoxyoxan-3-yl] 2,2-dimethylpropanoate']",['CCCCOP(=O)(OCCCC)OC1C(C(C(C(O1)C)OC(=O)C(C)(C)C)OC(=O)C(C)(C)C)OCC2=CC=CC=C2']
5292,C32H54O4,4,"bigmed, large, large, med",64.6,"['trans-(1R,3S,5Z)-5-[(2E)-2-[(1R,3aS,7aR)-1-(2,10-dihydroxy-2,10-dimethylundecan-6-yl)-7a-methyl-2,3,3a,5,6,7-hexahydro-1H-inden-4-ylidene]ethylidene]-4-methylidenecyclohexane-1,3-diol']",['C[C@]12CCC/C(=C\\C=C/3\\C[C@H](C[C@@H](C3=C)O)O)/[C@@H]1CC[C@@H]2C(CCCC(C)(C)O)CCCC(C)(C)O']
5720,C34H48O6,4,"bigmed, large, med, tiny",63.945,"['[(1S,3S,7S,8S,11S,12S,14S,15R,16R)-15-[(2S,3R)-3-acetyloxy-6-methyl-5-methylidene-4-oxoheptan-2-yl]-7,12,16-trimethyl-6-oxo-14-pentacyclo[9.7.0.01,3.03,8.012,16]octadec-4-enyl] acetate']",['C[C@H]1[C@@H]2CC[C@H]3[C@@]4(C[C@@H]([C@@H]([C@]4(CC[C@@]35[C@@]2(C5)C=CC1=O)C)[C@H](C)[C@H](C(=O)C(=C)C(C)C)OC(=O)C)OC(=O)C)C']
5003,C31H52N2O7,4,"bigmed, large, med, tiny",68.71,"['2-[[2-[7-[(7Z,10Z,13Z)-hexadeca-7,10,13-trienoyl]oxydecanoylamino]acetyl]amino]-3-hydroxypropanoic acid']",['CCCC(CCCCCC(=O)NCC(=O)NC(CO)C(=O)O)OC(=O)CCCCC/C=C\\C/C=C\\C/C=C\\CC']
5291,C32H54O3,4,"bigmed, large, med, tiny",64.9875,"['trans-(1R,3R)-5-[(2E)-2-[(1R,3aS,7aR)-1-[(2R,3S)-3-butyl-5-ethyl-5-hydroxyheptan-2-yl]-7a-methyl-2,3,3a,5,6,7-hexahydro-1H-inden-4-ylidene]ethylidene]-2-methylidenecyclohexane-1,3-diol']",['CCCC[C@@H](CC(CC)(CC)O)[C@@H](C)[C@H]1CC[C@@H]\\2[C@@]1(CCC/C2=C\\C=C3C[C@H](C(=C)[C@@H](C3)O)O)C']
5200,C32H45O10P,4,"bigmed, large, med, tiny",76.2625,"['[(1S,3S,7S,12S,14S,16R)-15-[(1R,4R)-1-acetyloxy-4-methyl-3-methylidene-2-oxo-5-phosphonooxypentyl]-7,12,16-trimethyl-6-oxo-14-pentacyclo[9.7.0.01,3.03,8.012,16]octadec-4-enyl] acetate']",['C[C@H]1C2CCC3[C@@]4(C[C@@H](C([C@]4(CC[C@@]35[C@@]2(C5)C=CC1=O)C)[C@H](C(=O)C(=C)[C@@H](C)COP(=O)(O)O)OC(=O)C)OC(=O)C)C']
3,C10H10O2,4,"bigmed, large, med, tiny",73.7625,"['5-prop-2-enyl-1,3-benzodioxole']",['C=CCC1=CC2=C(C=C1)OCO2']
4734,C30H50O4,4,"bigmed, large, large, tiny",63.485,"['diundecyl benzene-1,2-dicarboxylate']",['CCCCCCCCCCCOC(=O)C1=CC=CC=C1C(=O)OCCCCCCCCCCC']
2480,C22H37N3O3,4,"bigmed, large, med, tiny",69.435,['tert-butyl N-[6-[4-(2-methoxyphenyl)piperazin-1-yl]hexyl]carbamate'],['CC(C)(C)OC(=O)NCCCCCCN1CCN(CC1)C2=CC=CC=C2OC']
2437,C22H33N5O4S,4,"bigmed, large, med, tiny",73.99,['2-[[(2R)-1-[(2S)-2-[(5-carbamimidoylthiophen-2-yl)methylcarbamoyl]pyrrolidin-1-yl]-3-cyclohexyl-1-oxopropan-2-yl]amino]acetic acid'],['C1CCC(CC1)C[C@H](C(=O)N2CCC[C@H]2C(=O)NCC3=CC=C(S3)C(=N)N)NCC(=O)O']
2421,C22H31NO6S,4,"bigmed, large, med, tiny",56.8,"['(1R,4Z,10Z,12S,15R,17R)-17-hydroxy-5,12-dimethyl-17-[(4R)-2-oxo-1,3-thiazolidin-4-yl]-2,16-dioxabicyclo[13.3.1]nonadeca-4,10-diene-3,8-dione']",['C[C@H]/1CC[C@@H]2C[C@H](C[C@@](O2)([C@@H]3CSC(=O)N3)O)OC(=O)/C=C(\\CCC(=O)C/C=C1)/C']
2401,C22H29NO6,4,"bigmed, large, med, tiny",90.485,"['(5Z)-5-[(1S,4R)-9-[(3R)-3-hydroxybutyl]-4-methyl-2,14-dioxa-10-azapentacyclo[6.5.1.01,5.06,10.09,13]tetradecan-3-ylidene]-4-methoxy-3-methylfuran-2-one']",['C[C@@H]\\1C2C3CC4C5(N3CCC5[C@@]2(O4)O/C1=C\\6/C(=C(C(=O)O6)C)OC)CC[C@@H](C)O']
2398,C22H29N10O8P,4,"bigmed, large, med, tiny",75.38,"['[(1R,2S,4R)-4-(2-amino-6-oxo-1H-purin-9-yl)-2-hydroxycyclopentyl]methyl [(1S,2R,4R)-4-(2-amino-6-oxo-1H-purin-9-yl)-2-(hydroxymethyl)cyclopentyl] hydrogen phosphate']",['C1[C@H](C[C@@H]([C@H]1CO)OP(=O)(O)OC[C@H]2C[C@H](C[C@@H]2O)N3C=NC4=C3N=C(NC4=O)N)N5C=NC6=C5N=C(NC6=O)N']
2395,C22H28O6S,4,"bigmed, large, med, tiny",56.8,"['(2S,3R,4R,5S,6R)-2-[3-[(4-ethoxyphenyl)methyl]-4-methoxyphenyl]-6-(hydroxymethyl)thiane-3,4,5-triol']",['CCOC1=CC=C(C=C1)CC2=C(C=CC(=C2)[C@H]3[C@@H]([C@H]([C@@H]([C@H](S3)CO)O)O)O)OC']
2386,C22H28N2O3,4,"bigmed, large, med, tiny",66.91749999999999,"[""N'-tert-butyl-N'-(3,5-dimethylbenzoyl)-3-methoxy-2-methylbenzohydrazide""]",['CC1=CC(=CC(=C1)C(=O)N(C(C)(C)C)NC(=O)C2=C(C(=CC=C2)OC)C)C']
2377,C22H27ClN4O3,4,"bigmed, large, med, tiny",62.695,"['(2S)-2,6-diamino-N-[2-(2-benzoyl-4-chloro-N-methylanilino)-2-oxoethyl]hexanamide']",['CN(C1=C(C=C(C=C1)Cl)C(=O)C2=CC=CC=C2)C(=O)CNC(=O)[C@H](CCCCN)N']
2368,C22H26O3,4,"bigmed, large, med, tiny",64.7175,"['(5-benzylfuran-3-yl)methyl 2,2-dimethyl-3-(2-methylprop-1-enyl)cyclopropane-1-carboxylate']",['CC(=CC1C(C1(C)C)C(=O)OCC2=COC(=C2)CC3=CC=CC=C3)C']
2365,C22H26O,4,"bigmed, large, med, tiny",66.69,"['(4Z,19Z)-docosa-4,19-dien-2,9,11,21-tetrayn-1-ol']",['C#C/C=C\\CCCCCCC#CC#CCCC/C=C\\C#CCO']
2359,C22H25N2OS,4,"bigmed, large, med, tiny",65.5675,"['3,5-dibenzyl-8-thionia-3,5-diazatricyclo[6.3.0.02,6]undecan-4-one']",['C1CC2C3C(C[S+]2C1)N(C(=O)N3CC4=CC=CC=C4)CC5=CC=CC=C5']
2328,C21H44NO6P,4,"bigmed, large, med, tiny",65.61500000000001,['2-aminoethyl [(2R)-3-[(Z)-hexadec-1-enoxy]-2-hydroxypropyl] hydrogen phosphate'],['CCCCCCCCCCCCCC/C=C\\OC[C@H](COP(=O)(O)OCCN)O']
2317,C21H43N2O5P,4,"bigmed, large, med, tiny",63.67,['[(2R)-3-amino-2-[[(Z)-octadec-9-enoyl]amino]propyl] dihydrogen phosphate'],['CCCCCCCC/C=C\\CCCCCCCC(=O)N[C@H](CN)COP(=O)(O)O']
2301,C21H41NO4,4,"bigmed, large, med, tiny",64.5575,['(3R)-3-tetradecanoyloxy-4-(trimethylazaniumyl)butanoate'],['CCCCCCCCCCCCCC(=O)O[C@H](CC(=O)[O-])C[N+](C)(C)C']
2296,C21H41N5O7,4,"bigmed, large, med, tiny",90.5775,"['(2R,3R,4R,5R)-2-[(1S,2S,3R,4S,6R)-4-amino-3-[[(2S,3R)-3-amino-6-(aminomethyl)-3,4-dihydro-2H-pyran-2-yl]oxy]-6-(ethylamino)-2-hydroxycyclohexyl]oxy-5-methyl-4-(methylamino)oxane-3,5-diol']",['CCN[C@@H]1C[C@@H]([C@H]([C@@H]([C@H]1O[C@@H]2[C@@H]([C@H]([C@@](CO2)(C)O)NC)O)O)O[C@@H]3[C@@H](CC=C(O3)CN)N)N']
2219,C21H34O6S,4,"bigmed, large, med, tiny",73.44500000000001,['1-(4-hydroxy-3-methoxyphenyl)-3-oxotetradecane-5-sulfonic acid'],['CCCCCCCCCC(CC(=O)CCC1=CC(=C(C=C1)O)OC)S(=O)(=O)O']
2203,C21H33NO6,4,"bigmed, large, med, tiny",72.6625,"['2,2-bis(prop-2-enoyloxymethyl)butyl 3-(azepan-1-yl)propanoate']",['CCC(COC(=O)CCN1CCCCCC1)(COC(=O)C=C)COC(=O)C=C']
2196,C21H32O5S,4,"bigmed, large, med, tiny",60.6825,"['[(3S,8S,9S,10R,13S,14S,17S)-17-acetyl-10,13-dimethyl-2,3,4,7,8,9,11,12,14,15,16,17-dodecahydro-1H-cyclopenta[a]phenanthren-3-yl] hydrogen sulfate']",['CC(=O)[C@H]1CC[C@@H]2[C@@]1(CC[C@H]3[C@H]2CC=C4[C@@]3(CC[C@@H](C4)OS(=O)(=O)O)C)C']
2185,C21H31NO7,4,"bigmed, large, med, tiny",56.58,"['(3R,3aS,9R,9aS,9bS)-3-[(dimethylamino)methyl]-9-hydroxy-6,9-dimethyl-3,3a,4,5,7,8,9a,9b-octahydroazuleno[4,5-b]furan-2-one;(E)-but-2-enedioic acid']",['CC1=C2CC[C@@]([C@@H]2[C@@H]3[C@@H](CC1)[C@@H](C(=O)O3)CN(C)C)(C)O.C(=C/C(=O)O)\\C(=O)O']
2175,C21H30O4,4,"large, large, med, tiny",58.8525,"['(8S,9S,10R,11S,13S,14S,17S)-11-hydroxy-17-(2-hydroxyacetyl)-10,13-dimethyl-1,2,6,7,8,9,11,12,14,15,16,17-dodecahydrocyclopenta[a]phenanthren-3-one']",['C[C@]12CCC(=O)C=C1CC[C@@H]3[C@@H]2[C@H](C[C@]4([C@H]3CC[C@@H]4C(=O)CO)C)O']
2459,C22H35NO4,4,"large, large, med, tiny",67.97,"['11-ethyl-6-methoxy-13-methyl-11-azahexacyclo[7.7.2.12,5.01,10.03,8.013,17]nonadecane-4,8,16-triol']",['CCN1CC2(CCC(C34C2CC(C31)C5(CC(C6CC4C5C6O)OC)O)O)C']
2483,C22H37NO6S,4,"bigmed, large, med, tiny",68.6525,"['2-[[(5Z,8Z,11Z,13E,15S)-15-hydroperoxyicosa-5,8,11,13-tetraenoyl]amino]ethanesulfonic acid']",['CCCCC[C@@H](/C=C/C=C\\C/C=C\\C/C=C\\CCCC(=O)NCCS(=O)(=O)O)OO']
2131,C21H27ClN2O2,4,"bigmed, large, med, tiny",68.425,['2-[2-[4-[(4-chlorophenyl)-phenylmethyl]piperazin-1-yl]ethoxy]ethanol'],['C1CN(CCN1CCOCCO)C(C2=CC=CC=C2)C3=CC=C(C=C3)Cl']
2490,C22H38O,4,"bigmed, large, med, tiny",70.39750000000001,"['(3S,4E,15Z)-docosa-4,15-dien-1-yn-3-ol']",['CCCCCC/C=C\\CCCCCCCCC/C=C/[C@@H](C#C)O']
2864,C24H30O4,4,"bigmed, large, large, tiny",58.5,"['7-[(6-hydroxy-2,5,5,8a-tetramethyl-1,4,4a,6,7,8-hexahydronaphthalen-1-yl)methoxy]chromen-2-one']",['CC1=CCC2C(C(CCC2(C1COC3=CC4=C(C=C3)C=CC(=O)O4)C)O)(C)C']
2833,C24H25O13,4,"bigmed, large, med, tiny",59.41,"['[(2R,3S,4S,5R,6S)-6-[2-(3,4-dihydroxy-5-methoxyphenyl)-5,7-dihydroxychromenylium-3-yl]oxy-3,4,5-trihydroxyoxan-2-yl]methyl acetate']",['CC(=O)OC[C@@H]1[C@H]([C@@H]([C@H]([C@@H](O1)OC2=CC3=C(C=C(C=C3[O+]=C2C4=CC(=C(C(=C4)OC)O)O)O)O)O)O)O']
2789,C23H45N2O6P,4,"bigmed, large, med, tiny",81.2375,"['(Z)-1-[1-(2-hydroxyethyl)-4,5-dihydroimidazol-2-yl]octadec-9-en-1-one;phosphoric acid']",['CCCCCCCC/C=C\\CCCCCCCC(=O)C1=NCCN1CCO.OP(=O)(O)O']
2787,C23H44O4,4,"bigmed, large, med, tiny",80.1575,"['1,3-dihydroxypropan-2-yl (Z)-icos-11-enoate']",['CCCCCCCC/C=C\\CCCCCCCCCC(=O)OC(CO)CO']
2778,C23H43NO5,4,"bigmed, large, med, tiny",71.4,['(2S)-2-(octadecanoylamino)pentanedioic acid'],['CCCCCCCCCCCCCCCCCC(=O)N[C@@H](CCC(=O)O)C(=O)O']
2757,C23H41NO9S,4,"bigmed, large, med, tiny",60.8675,"['methyl 9-[(E)-4-[(2S,3R,4R,5S)-5-(butylsulfonylamino)-3,4-dihydroxyoxan-2-yl]but-2-enoyl]oxynonanoate']",['CCCCS(=O)(=O)N[C@H]1CO[C@H]([C@@H]([C@@H]1O)O)C/C=C/C(=O)OCCCCCCCCC(=O)OC']
2736,C23H40O5,4,"bigmed, large, med, tiny",74.2125,"['propan-2-yl (Z)-7-[(1R,2R,3R,5S)-3,5-dihydroxy-2-[(E,3S)-3-hydroxyoct-1-enyl]cyclopentyl]hept-5-enoate']",['CCCCC[C@@H](/C=C/[C@H]1[C@@H](C[C@@H]([C@@H]1C/C=C\\CCCC(=O)OC(C)C)O)O)O']
2642,C23H32O4,4,"bigmed, large, med, tiny",72.68,"['[2-[(8S,9S,10R,13S,14S,17S)-10,13-dimethyl-3-oxo-1,2,6,7,8,9,11,12,14,15,16,17-dodecahydrocyclopenta[a]phenanthren-17-yl]-2-oxoethyl] acetate']",['CC(=O)OCC(=O)[C@H]1CC[C@@H]2[C@@]1(CC[C@H]3[C@H]2CCC4=CC(=O)CC[C@]34C)C']
2601,C23H28O5,4,"bigmed, large, med, tiny",66.89,"['(16R,17R,18R)-18-methoxy-10,10,16,17-tetramethyl-6-propyl-3,9,15-trioxatetracyclo[12.4.0.02,7.08,13]octadeca-1(14),2(7),5,8(13),11-pentaen-4-one']",['CCCC1=CC(=O)OC2=C1C3=C(C=CC(O3)(C)C)C4=C2[C@@H]([C@@H]([C@H](O4)C)C)OC']
2586,C23H25NO4,4,"bigmed, large, med, tiny",67.525,"['(13aS,14R)-3,6,7-trimethoxy-9,11,12,13,13a,14-hexahydrophenanthro[9,10-f]indolizin-14-ol']",['COC1=CC2=C(C=C1)C3=C(CN4CCC[C@H]4[C@@H]3O)C5=CC(=C(C=C52)OC)OC']
2584,C23H24O6,4,"bigmed, large, med, tiny",75.365,"['1,3,6,7-tetrahydroxy-2,8-bis(3-methylbut-2-enyl)xanthen-9-one']",['CC(=CCC1=C(C2=C(C=C1O)OC3=C(C2=O)C(=C(C(=C3)O)O)CC=C(C)C)O)C']
2574,C22H46NO6P,4,"bigmed, large, med, tiny",61.59,['2-(dodecanoylamino)octyl 2-hydroxyethyl hydrogen phosphate'],['CCCCCCCCCCCC(=O)NC(CCCCCC)COP(=O)(O)OCCO']
2551,C22H43NO,4,"bigmed, large, med, tiny",94.175,['(Z)-docos-13-enamide'],['CCCCCCCC/C=C\\CCCCCCCCCCCC(=O)N']
2533,C22H41NO5,4,"bigmed, large, med, tiny",66.6925,['(2S)-2-(hexadecanoylamino)-5-methoxy-5-oxopentanoic acid'],['CCCCCCCCCCCCCCCC(=O)N[C@@H](CCC(=O)OC)C(=O)O']
2524,C22H40O8,4,"bigmed, large, med, tiny",67.7325,"['(Z,4R,5S)-6-hexadecanoyloxy-2,3,4,5-tetrahydroxyhex-2-enoic acid']",['CCCCCCCCCCCCCCCC(=O)OC[C@@H]([C@H](/C(=C(\\C(=O)O)/O)/O)O)O']
2522,C22H40O4,4,"bigmed, large, med, tiny",61.12,['diethyl 2-pentadecylidenepropanedioate'],['CCCCCCCCCCCCCCC=C(C(=O)OCC)C(=O)OCC']
2520,C22H40O2,4,"bigmed, large, med, tiny",61.52,"['(13Z,16Z)-docosa-13,16-dienoic acid']",['CCCCC/C=C\\C/C=C\\CCCCCCCCCCCC(=O)O']
2496,C22H38O5S,4,"bigmed, large, med, tiny",84.625,"['methyl 6-[(1R,2S,3R)-3-hydroxy-2-[(E,5R)-3-hydroxy-5-methylnon-1-enyl]-5-oxocyclopentyl]sulfanylhexanoate']",['CCCC[C@@H](C)CC(/C=C/[C@H]1[C@@H](CC(=O)[C@@H]1SCCCCCC(=O)OC)O)O']
2495,C22H38O5,4,"bigmed, large, med, tiny",65.705,"['methyl 7-[(1R,2R,3R)-3-hydroxy-2-[(E)-4-hydroxy-4-methyloct-1-enyl]-5-oxocyclopentyl]heptanoate']",['CCCCC(C)(C/C=C/[C@H]1[C@@H](CC(=O)[C@@H]1CCCCCCC(=O)OC)O)O']
2141,C21H28N4O4,4,"bigmed, large, med, tiny",63.4575,"[""(2R)-N'-hydroxy-N-[(2R)-1-(methylamino)-1-oxo-3-quinolin-8-ylpropan-2-yl]-2-(2-methylpropyl)butanediamide""]",['CC(C)C[C@H](CC(=O)NO)C(=O)N[C@H](CC1=CC=CC2=C1N=CC=C2)C(=O)NC']
2127,C21H26O6,4,"bigmed, large, med, tiny",61.6875,"['4-[2-(2,6-dimethoxy-4-prop-2-enylphenoxy)-1-hydroxypropyl]-2-methoxyphenol']",['CC(C(C1=CC(=C(C=C1)O)OC)O)OC2=C(C=C(C=C2OC)CC=C)OC']
4733,C30H50O3,4,"bigmed, large, med, tiny",65.4875,"['(3S,4S,4aR,6aR,6bS,8aR,9R,12aS,14aR,14bR)-4-(hydroxymethyl)-4,6a,6b,8a,11,11,14b-heptamethyl-1,2,3,4a,5,6,7,8,9,10,12,12a,14,14a-tetradecahydropicene-3,9-diol']",['C[C@]12CC[C@@H]([C@]([C@@H]1CC[C@@]3([C@@H]2CC=C4[C@]3(CC[C@@]5([C@H]4CC(C[C@H]5O)(C)C)C)C)C)(C)CO)O']
1969,C20H33NO5S,4,"bigmed, large, med, tiny",64.47749999999999,['7-[[4-(1-hydroxypentyl)phenyl]methyl-methylsulfonylamino]heptanoic acid'],['CCCCC(C1=CC=C(C=C1)CN(CCCCCCC(=O)O)S(=O)(=O)C)O']
1949,C20H32N4O4,4,"bigmed, large, med, tiny",62.255,['(2R)-N-[(2S)-6-amino-1-anilino-1-oxohexan-2-yl]-2-[[formyl(hydroxy)amino]methyl]hexanamide'],['CCCC[C@H](CN(C=O)O)C(=O)N[C@@H](CCCCN)C(=O)NC1=CC=CC=C1']
1934,C20H31N3O5,4,"bigmed, large, med, tiny",77.575,"[""(2S,3R)-N-hydroxy-N'-[(2R)-3-(4-methoxyphenyl)-1-(methylamino)-1-oxopropan-2-yl]-2-methyl-3-(2-methylpropyl)butanediamide""]",['C[C@@H]([C@@H](CC(C)C)C(=O)N[C@H](CC1=CC=C(C=C1)OC)C(=O)NC)C(=O)NO']
1930,C20H30O6,4,"bigmed, large, med, tiny",69.6875,"['bis(2-butoxyethyl) benzene-1,2-dicarboxylate']",['CCCCOCCOC(=O)C1=CC=CC=C1C(=O)OCCOCCCC']
1925,C20H30O2,4,"large, large, large, tiny",74.195,"['(5Z,8Z,11Z,14Z,17Z)-icosa-5,8,11,14,17-pentaenoic acid']",['CC/C=C\\C/C=C\\C/C=C\\C/C=C\\C/C=C\\CCCC(=O)O']
1830,C20H22O5,4,"bigmed, large, large, tiny",85.7475,['1-(2-benzoyloxypropoxy)propan-2-yl benzoate'],['CC(COCC(C)OC(=O)C1=CC=CC=C1)OC(=O)C2=CC=CC=C2']
1803,C20H16N4,4,"bigmed, large, med, tiny",81.1225,"['N,1,4-triphenyl-4-aza-1-azonia-2-azanidacyclopent-5-en-3-imine']",['C1=CC=C(C=C1)N=C2[N-][N+](=CN2C3=CC=CC=C3)C4=CC=CC=C4']
1785,C19H40NO6P,4,"bigmed, large, med, tiny",78.065,['[hexadecoxy(hydroxy)phosphoryl] (2S)-2-amino-3-hydroxypropanoate'],['CCCCCCCCCCCCCCCCOP(=O)(O)OC(=O)[C@H](CO)N']
1780,C19H39NO4S,4,"bigmed, large, med, tiny",55.64,['2-[hexadecanoyl(methyl)amino]ethanesulfonic acid'],['CCCCCCCCCCCCCCCC(=O)N(C)CCS(=O)(=O)O']
1777,C19H39NO,4,"bigmed, large, med, tiny",86.575,"['2,6-dimethyl-4-tridecylmorpholine']",['CCCCCCCCCCCCCN1CC(OC(C1)C)C']
1775,C19H38O4,4,"bigmed, large, med, tiny",64.84,"['1,3-dihydroxypropan-2-yl hexadecanoate']",['CCCCCCCCCCCCCCCC(=O)OC(CO)CO']
1715,C19H32O4S,4,"bigmed, large, med, tiny",72.46000000000001,"['3,4-dimethoxy-5-methyl-6-(10-methylsulfanyldecyl)pyran-2-one']",['CC1=C(OC(=O)C(=C1OC)OC)CCCCCCCCCCSC']
1714,C19H32O4,4,"bigmed, large, med, tiny",70.84,['5-tetradecoxyfuran-2-carboxylic acid'],['CCCCCCCCCCCCCCOC1=CC=C(O1)C(=O)O']
1701,C19H30O8,4,"bigmed, large, med, tiny",73.02250000000001,"['(4S)-4-hydroxy-3,5,5-trimethyl-4-[(E,3S)-3-[(2R,3R,4S,5S,6R)-3,4,5-trihydroxy-6-(hydroxymethyl)oxan-2-yl]oxybut-1-enyl]cyclohex-2-en-1-one']",['CC1=CC(=O)CC([C@]1(/C=C/[C@H](C)O[C@H]2[C@@H]([C@H]([C@@H]([C@H](O2)CO)O)O)O)O)(C)C']
1665,C19H27N5O7,4,"bigmed, large, med, tiny",71.6575,"['1-O-[[3-azido-5-(5-methyl-2,4-dioxopyrimidin-1-yl)oxolan-2-yl]methyl] 5-O-tert-butyl pentanedioate']",['CC1=CN(C(=O)NC1=O)C2CC(C(O2)COC(=O)CCCC(=O)OC(C)(C)C)N=[N+]=[N-]']
1649,C19H26N4O5,4,"bigmed, large, med, tiny",59.5425,"['6-[5-[(2,4-diaminopyrimidin-5-yl)methyl]-2,3-dimethoxyphenoxy]hexanoic acid']",['COC1=C(C(=CC(=C1)CC2=CN=C(N=C2N)N)OCCCCCC(=O)O)OC']
1610,C19H22O,4,"bigmed, large, med, tiny",78.735,['cyclohexyl(diphenyl)methanol'],['C1CCC(CC1)C(C2=CC=CC=C2)(C3=CC=CC=C3)O']
1594,C19H20O4,4,"bigmed, large, med, tiny",79.97749999999999,"['2-O-benzyl 1-O-butyl benzene-1,2-dicarboxylate']",['CCCCOC(=O)C1=CC=CC=C1C(=O)OCC2=CC=CC=C2']
1593,C19H20O3,4,"bigmed, large, large, med",66.6225,"['(1R)-1,6,6-trimethyl-2,7,8,9-tetrahydro-1H-naphtho[1,2-g][1]benzofuran-10,11-dione']",['C[C@H]1COC2=C1C(=O)C(=O)C3=C2C=CC4=C3CCCC4(C)C']
1575,C18H39O7P,4,"bigmed, large, med, tiny",93.3725,['tris(2-butoxyethyl) phosphate'],['CCCCOCCOP(=O)(OCCOCCCC)OCCOCCCC']
1958,C20H32O4,4,"bigmed, large, large, tiny",66.9025,"['(5S,6Z,8E,10E,12R,14Z)-5,12-dihydroxyicosa-6,8,10,14-tetraenoic acid']",['CCCCC/C=C\\C[C@H](/C=C/C=C/C=C\\[C@H](CCCC(=O)O)O)O']
1970,C20H33NO6,4,"bigmed, large, med, tiny",64.75,"['(2,6-dimethoxyphenyl) 2-[bis(2-methoxyethyl)amino]hexanoate']",['CCCCC(C(=O)OC1=C(C=CC=C1OC)OC)N(CCOC)CCOC']
2114,C21H25NO8,4,"bigmed, large, med, tiny",88.3425,"['ethyl 4,5-dimethoxy-2-[(3,4,5-trimethoxybenzoyl)amino]benzoate']",['CCOC(=O)C1=CC(=C(C=C1NC(=O)C2=CC(=C(C(=C2)OC)OC)OC)OC)OC']
1978,C20H34O4,4,"bigmed, large, med, tiny",73.0,"['(1S,2S,5R,6R,7R,10S,12R,13R)-6,13-bis(hydroxymethyl)-2,6-dimethyltetracyclo[10.3.1.01,10.02,7]hexadecane-5,13-diol']",['C[C@]12CC[C@H]([C@@]([C@@H]1CC[C@@H]3[C@@]24CC[C@@]([C@H](C3)C4)(CO)O)(C)CO)O']
2090,C21H23NO5,4,"bigmed, large, med, tiny",79.1775,"['[(4R,4aR,7S,7aR,12bS)-9-acetyloxy-3-methyl-2,4,4a,7,7a,13-hexahydro-1H-4,12-methanobenzofuro[3,2-e]isoquinolin-7-yl] acetate']",['CC(=O)O[C@H]1C=C[C@H]2[C@H]3CC4=C5[C@]2([C@H]1OC5=C(C=C4)OC(=O)C)CCN3C']
2072,C21H18O4,4,"bigmed, large, med, tiny",70.17750000000001,"['5-methoxy-8,8-dimethyl-2-phenylpyrano[2,3-h]chromen-4-one']",['CC1(C=CC2=C3C(=C(C=C2O1)OC)C(=O)C=C(O3)C4=CC=CC=C4)C']
2067,C20H43O8P,4,"bigmed, large, med, tiny",74.6575,['2-[2-[2-(2-dodecoxyethoxy)ethoxy]ethoxy]ethyl dihydrogen phosphate'],['CCCCCCCCCCCCOCCOCCOCCOCCOP(=O)(O)O']
2066,C20H43NO2,4,"bigmed, large, med, tiny",91.0075,['acetic acid;octadecan-1-amine'],['CCCCCCCCCCCCCCCCCCN.CC(=O)O']
2062,C20H42O11,4,"bigmed, large, med, tiny",97.0825,['2-[2-[2-[2-[2-[2-[2-[2-[2-(2-hydroxyethoxy)ethoxy]ethoxy]ethoxy]ethoxy]ethoxy]ethoxy]ethoxy]ethoxy]ethanol'],['C(COCCOCCOCCOCCOCCOCCOCCOCCOCCO)O']
2055,C20H41O8P,4,"bigmed, large, med, tiny",64.6575,['[2-(dibutoxyphosphoryloxymethyl)-3-hydroxy-2-(hydroxymethyl)propyl] heptanoate'],['CCCCCCC(=O)OCC(CO)(CO)COP(=O)(OCCCC)OCCCC']
2048,C20H41NO,4,"bigmed, large, med, tiny",91.5325,['icosanamide'],['CCCCCCCCCCCCCCCCCCCC(=O)N']
2045,C20H40O3,4,"bigmed, large, med, tiny",76.8375,['2-hydroxyethyl octadecanoate'],['CCCCCCCCCCCCCCCCCC(=O)OCCO']
2044,C20H40O2,4,"bigmed, large, med, tiny",93.6675,"['3,7,11,15-tetramethylhexadecanoic acid']",['CC(C)CCCC(C)CCCC(C)CCCC(C)CC(=O)O']
2035,C20H39O7P,4,"bigmed, large, med, tiny",63.5075,['[(2R)-2-hydroxy-3-phosphonooxypropyl] (Z)-heptadec-9-enoate'],['CCCCCCC/C=C\\CCCCCCCC(=O)OC[C@H](COP(=O)(O)O)O']
2034,C20H39NO7,4,"bigmed, large, med, tiny",73.645,"['azacyclotridecan-2-one;ethane-1,2-diol;hexanedioic acid']",['C1CCCCCC(=O)NCCCCC1.C(CCC(=O)O)CC(=O)O.C(CO)O']
2027,C20H39NO,4,"bigmed, large, med, tiny",81.4325,['1-pyrrolidin-1-ylhexadecan-1-one'],['CCCCCCCCCCCCCCCC(=O)N1CCCC1']
2024,C20H38O5,4,"bigmed, large, med, tiny",69.285,"['7-[(1R,2R,3R,5S)-3,5-dihydroxy-2-[(3S)-3-hydroxyoctyl]cyclopentyl]heptanoic acid']",['CCCCC[C@@H](CC[C@H]1[C@@H](C[C@@H]([C@@H]1CCCCCCC(=O)O)O)O)O']
2018,C20H38N2O3,4,"bigmed, large, med, tiny",67.80499999999999,['methyl (Z)-14-(butylcarbamoylamino)tetradec-8-enoate'],['CCCCNC(=O)NCCCCC/C=C\\CCCCCCC(=O)OC']
2009,C20H36O9,4,"bigmed, large, med, tiny",67.07,"['(2R,3R,4S,5S,6R)-2-[(E,2S)-4-[(1R,2R,4S)-2,4-dihydroxy-1-methoxy-2,6,6-trimethylcyclohexyl]but-3-en-2-yl]oxy-6-(hydroxymethyl)oxane-3,4,5-triol']",['C[C@@H](/C=C/[C@@]1([C@](C[C@H](CC1(C)C)O)(C)O)OC)O[C@H]2[C@@H]([C@H]([C@@H]([C@H](O2)CO)O)O)O']
2002,C20H36O10,4,"bigmed, large, med, tiny",69.795,"['(3R,4S,6S)-2-methyl-6-[[(3R,5S,6R)-3,4,5-trihydroxy-6-[(3R)-oct-1-en-3-yl]oxyoxan-2-yl]methoxy]oxane-3,4,5-triol']",['CCCCC[C@H](C=C)O[C@H]1[C@H](C([C@H](C(O1)CO[C@@H]2C([C@H]([C@H](C(O2)C)O)O)O)O)O)O']
1988,C20H35N3O3,4,"bigmed, large, med, tiny",62.895,['ethyl (4S)-4-[4-[(1-methylcyclobutyl)carbamoyl]piperidin-1-yl]azepane-1-carboxylate'],['CCOC(=O)N1CCC[C@@H](CC1)N2CCC(CC2)C(=O)NC3(CCC3)C']
1987,C20H34O9,4,"bigmed, large, med, tiny",62.0725,"['6-hydroxy-5-[3,4,5-trihydroxy-6-(hydroxymethyl)oxan-2-yl]oxytetradeca-8,11-dienoic acid']",['CCC=CCC=CCC(C(CCCC(=O)O)OC1C(C(C(C(O1)CO)O)O)O)O']
1979,C20H34O4S,4,"bigmed, large, med, tiny",82.78,['(Z)-7-[3-(2-hydroxyhexylsulfanylmethyl)-7-oxabicyclo[2.2.1]heptan-2-yl]hept-5-enoic acid'],['CCCCC(CSCC1C2CCC(C1C/C=C\\CCCC(=O)O)O2)O']
2866,C24H30O5,4,"bigmed, large, large, large",72.0075,"['4-[(1R,2R,3aS,8bS)-2-hydroxy-1-[(E,3S)-3-hydroxy-4-methyloct-1-en-6-ynyl]-2,3,3a,8b-tetrahydro-1H-cyclopenta[b][1]benzofuran-5-yl]butanoic acid']",['CC#CCC(C)[C@@H](/C=C/[C@H]1[C@@H](C[C@H]2[C@@H]1C3=CC=CC(=C3O2)CCCC(=O)O)O)O']
2878,C24H31NO7,4,"bigmed, large, med, tiny",64.1725,"['10-methoxy-6-(1-methoxy-2-methylpropan-2-yl)-9-(3-methoxypropoxy)-2-oxo-6,7-dihydrobenzo[a]quinolizine-3-carboxylic acid']",['CC(C)(COC)C1CC2=CC(=C(C=C2C3=CC(=O)C(=CN13)C(=O)O)OC)OCCCOC']
2897,C24H33NO6,4,"bigmed, large, med, tiny",92.14,"['methyl N-[(E,5R)-5-[5-[(2E,4E)-2,5-dimethylnona-2,4-dienoyl]-4-hydroxy-6-oxopyran-2-yl]hex-1-enyl]carbamate']",['CCCC/C(=C/C=C(\\C)/C(=O)C1=C(C=C(OC1=O)[C@H](C)CC/C=C/NC(=O)OC)O)/C']
4344,C29H39NO5,4,"bigmed, large, med, tiny",65.02250000000001,"['(4S,7R,8S,9S,13Z,16S)-4,8-dihydroxy-5,5,7,9,13-pentamethyl-16-quinolin-7-yl-1-oxacyclohexadec-13-ene-2,6-dione']",['C[C@H]1CCC/C(=C\\C[C@H](OC(=O)C[C@@H](C(C(=O)[C@@H]([C@H]1O)C)(C)C)O)C2=CC3=C(C=CC=N3)C=C2)/C']
4283,C28H56NO8P,4,"bigmed, large, large, med",62.6925,"['[(2R)-2,3-di(decanoyloxy)propyl] 2-(trimethylazaniumyl)ethyl phosphate']",['CCCCCCCCCC(=O)OC[C@H](COP(=O)([O-])OCC[N+](C)(C)C)OC(=O)CCCCCCCCC']
4245,C28H52O14,4,"bigmed, large, med, tiny",84.595,"['[1-[3,4,5-trihydroxy-6-[[3,4,5-trihydroxy-6-(hydroxymethyl)oxan-2-yl]oxymethyl]oxan-2-yl]oxy-3-undecoxypropan-2-yl] acetate']",['CCCCCCCCCCCOCC(COC1C(C(C(C(O1)COC2C(C(C(C(O2)CO)O)O)O)O)O)O)OC(=O)C']
4237,C28H52N4O3,4,"bigmed, large, med, tiny",59.56,"['4-amino-2-hydroxybenzoic acid;1,3-bis(2-ethylhexyl)-5-methyl-1,3-diazinan-5-amine']",['CCCCC(CC)CN1CC(CN(C1)CC(CC)CCCC)(C)N.C1=CC(=C(C=C1N)O)C(=O)O']
4223,C28H51N2O7P,4,"bigmed, large, med, tiny",54.6425,"['2-aminoethyl [(4E,8E,12E)-3-hydroxy-2-[[(Z)-3-hydroxydodec-5-enoyl]amino]tetradeca-4,8,12-trienyl] hydrogen phosphate']",['CCCCCC/C=C\\CC(CC(=O)NC(COP(=O)(O)OCCN)C(/C=C/CC/C=C/CC/C=C/C)O)O']
4220,C28H50O8S,4,"bigmed, large, med, tiny",85.54,"['methyl [(3S,5R,6R,8R,9S,10R,13R,14S,15S,17R)-3,5,6-trihydroxy-17-[(2R,6S)-7-hydroxy-6-methylheptan-2-yl]-10,13-dimethyl-1,2,3,4,6,7,8,9,11,12,14,15,16,17-tetradecahydrocyclopenta[a]phenanthren-15-yl] sulfate']",['C[C@@H](CCC[C@@H](C)[C@H]1C[C@@H]([C@@H]2[C@@]1(CC[C@H]3[C@H]2C[C@H]([C@@]4([C@@]3(CC[C@@H](C4)O)C)O)O)C)OS(=O)(=O)OC)CO']
5925,C34H65O13P,4,"bigmed, large, med, tiny",65.515,"['[(2R)-1-dodecanoyloxy-3-[hydroxy-[(5R)-2,3,4,5,6-pentahydroxycyclohexyl]oxyphosphoryl]oxypropan-2-yl] tridecanoate']",['CCCCCCCCCCCCC(=O)O[C@H](COC(=O)CCCCCCCCCCC)COP(=O)(O)OC1C([C@@H](C(C(C1O)O)O)O)O']
4131,C28H45NO7,4,"bigmed, large, med, tiny",60.2175,"['[(3R,4aR,5S,6S,6aS,10S,10aR,10bS)-3-ethenyl-6,10,10b-trihydroxy-3,4a,7,7,10a-pentamethyl-1-oxo-5,6,6a,8,9,10-hexahydro-2H-benzo[f]chromen-5-yl] N-(cyclohexylmethyl)carbamate']",['C[C@@]1(CC(=O)[C@@]2([C@]3([C@H](CCC([C@@H]3[C@@H]([C@@H]([C@]2(O1)C)OC(=O)NCC4CCCCC4)O)(C)C)O)C)O)C=C']
4124,C28H44O7S,4,"bigmed, large, med, tiny",78.79,"['[(6R)-6-[(1S,2R,5R,7S,12R,15R,16R)-5-hydroxy-2,16-dimethyl-9-oxo-8-oxatetracyclo[9.7.0.02,7.012,16]octadec-10-en-15-yl]-2-methyl-3-methylideneheptyl] hydrogen sulfate']",['C[C@H](CCC(=C)C(C)COS(=O)(=O)O)[C@H]1CC[C@@H]2[C@@]1(CC[C@H]3C2=CC(=O)O[C@@H]4[C@@]3(CC[C@H](C4)O)C)C']
4083,C28H42N2O3,4,"bigmed, large, med, tiny",72.89500000000001,['1-[4-(2-tert-butylphenyl)piperazin-1-yl]-3-[2-(4-propylphenoxy)ethoxy]propan-2-ol'],['CCCC1=CC=C(C=C1)OCCOCC(CN2CCN(CC2)C3=CC=CC=C3C(C)(C)C)O']
4080,C28H41NO9S,4,"bigmed, large, med, tiny",67.575,"['4-[ethyl-(6-methoxy-1,2,3,4-tetrahydronaphthalen-2-yl)amino]butyl 3,4,5-trimethoxybenzoate;methanesulfonic acid']",['CCN(CCCCOC(=O)C1=CC(=C(C(=C1)OC)OC)OC)C2CCC3=C(C2)C=CC(=C3)OC.CS(=O)(=O)O']
4009,C27H59N2O5P,4,"bigmed, large, med, tiny",59.5175,['[1-(methylamino)-3-octadecoxypropan-2-yl] 2-(trimethylazaniumyl)ethyl phosphate'],['CCCCCCCCCCCCCCCCCCOCC(CNC)OP(=O)([O-])OCC[N+](C)(C)C']
3975,C27H52O9,4,"bigmed, large, med, tiny",77.17,"['[2-hydroxy-3-[(2S,3R,4S,5S,6R)-3,4,5-trihydroxy-6-(hydroxymethyl)oxan-2-yl]oxypropyl] octadecanoate']",['CCCCCCCCCCCCCCCCCC(=O)OCC(CO[C@@H]1[C@@H]([C@H]([C@@H]([C@H](O1)CO)O)O)O)O']
3958,C27H51NO7,4,"bigmed, large, med, tiny",81.89750000000001,['2-[bis(2-hydroxyethyl)amino]ethanol;5-(7-carboxyheptyl)-2-hexylcyclohex-3-ene-1-carboxylic acid'],['CCCCCCC1C=CC(CC1C(=O)O)CCCCCCCC(=O)O.C(CO)N(CCO)CCO']
3946,C27H50O4,4,"bigmed, large, med, tiny",68.255,"['1,4-dioxaspiro[4.5]decan-3-ylmethyl octadecanoate']",['CCCCCCCCCCCCCCCCCC(=O)OCC1COC2(O1)CCCCC2']
3941,C27H50NO8P,4,"bigmed, large, med, tiny",91.575,['[(2R)-1-[2-aminoethoxy(hydroxy)phosphoryl]oxy-3-decanoyloxypropan-2-yl] (Z)-dodec-9-enoate'],['[CH2-]CCCCCCCCC(=O)OC[C@H](COP(=O)(O)OCCN)OC(=O)CCCCCCC/C=C\\C[CH2-]']
3921,C27H48O7,4,"bigmed, large, med, tiny",75.59,['2-[2-[2-[2-[2-[2-(4-nonylphenoxy)ethoxy]ethoxy]ethoxy]ethoxy]ethoxy]ethanol'],['CCCCCCCCCC1=CC=C(C=C1)OCCOCCOCCOCCOCCOCCO']
3884,C27H46O6,4,"large, large, med, tiny",60.08,"['(6R)-3-hydroxy-2-methyl-6-[(3R,5S,7R,8R,9S,10S,12S,13R,14S,17R)-3,7,12-trihydroxy-10,13-dimethyl-2,3,4,5,6,7,8,9,11,12,14,15,16,17-tetradecahydro-1H-cyclopenta[a]phenanthren-17-yl]heptanoic acid']",['C[C@H](CCC(C(C)C(=O)O)O)[C@H]1CC[C@@H]2[C@@]1([C@H](C[C@H]3[C@H]2[C@@H](C[C@H]4[C@@]3(CC[C@H](C4)O)C)O)O)C']
3846,C27H44O4,4,"large, large, med, tiny",57.05,"['trans-(1R,3S,5Z)-5-[(2E)-2-[(1R,3aS,7aR)-1-[(2R,5R)-5,6-dihydroxy-6-methylheptan-2-yl]-7a-methyl-2,3,3a,5,6,7-hexahydro-1H-inden-4-ylidene]ethylidene]-4-methylidenecyclohexane-1,3-diol']",['C[C@H](CC[C@H](C(C)(C)O)O)[C@H]1CC[C@@H]\\2[C@@]1(CCC/C2=C\\C=C/3\\C[C@H](C[C@@H](C3=C)O)O)C']
3842,C27H44O,4,"bigmed, large, med, tiny",59.6575,"['(1S,3Z)-3-[(2E)-2-[(1R,3aS,7aR)-7a-methyl-1-[(2R)-6-methylheptan-2-yl]-2,3,3a,5,6,7-hexahydro-1H-inden-4-ylidene]ethylidene]-4-methylidenecyclohexan-1-ol']",['C[C@H](CCCC(C)C)[C@H]1CC[C@@H]\\2[C@@]1(CCC/C2=C\\C=C/3\\C[C@H](CCC3=C)O)C']
4300,C28H58O11P2,4,"bigmed, large, med, tiny",87.06,[],[]
4405,C29H45O8P,4,"bigmed, large, med, tiny",72.5175,"['(1-butanoyloxy-3-phosphonooxypropan-2-yl) (4Z,7Z,10Z,13Z,16Z,19Z)-docosa-4,7,10,13,16,19-hexaenoate']",['CCCC(=O)OCC(COP(=O)(O)O)OC(=O)CC/C=C\\C/C=C\\C/C=C\\C/C=C\\C/C=C\\C/C=C\\CC']
2929,C24H36O5S,4,"bigmed, large, med, tiny",77.82,['2-(carboxymethylsulfanyl)-4-(4-dodecylphenyl)-4-oxobutanoic acid'],['CCCCCCCCCCCCC1=CC=C(C=C1)C(=O)CC(C(=O)O)SCC(=O)O']
4434,C29H48N7O17P3S,4,"bigmed, large, med, tiny",68.7875,"['S-[2-[3-[[(2R)-4-[[[(2R,3S,4R,5R)-5-(6-aminopurin-9-yl)-4-hydroxy-3-phosphonooxyoxolan-2-yl]methoxy-hydroxyphosphoryl]oxy-hydroxyphosphoryl]oxy-2-hydroxy-3,3-dimethylbutanoyl]amino]propanoylamino]ethyl] (E)-oct-2-enethioate']",['CCCCC/C=C/C(=O)SCCNC(=O)CCNC(=O)[C@@H](C(C)(C)COP(=O)(O)OP(=O)(O)OC[C@@H]1[C@H]([C@H]([C@@H](O1)N2C=NC3=C(N=CN=C32)N)O)OP(=O)(O)O)O']
4724,C30H50NO10P,4,"large, large, med, tiny",77.7525,"['N-[(3aS,4R,6S,6aS)-4-[(4R)-2,2-dimethyl-1,3-dioxolan-4-yl]-2,2,3a-trimethyl-6,6a-dihydro-4H-furo[3,4-d][1,3]dioxol-6-yl]-N-[(1S)-1-[bis[(2-methylpropan-2-yl)oxy]phosphoryl]-2-phenylmethoxyethyl]hydroxylamine']",['C[C@]12[C@H](O[C@@H]([C@H]1OC(O2)(C)C)N([C@H](COCC3=CC=CC=C3)P(=O)(OC(C)(C)C)OC(C)(C)C)O)[C@H]4COC(O4)(C)C']
4718,C30H49NO8S,4,"bigmed, large, med, tiny",74.2675,['2-[N-(carboxymethyl)-3-(carboxymethylsulfinyl)-5-octadecoxyanilino]acetic acid'],['CCCCCCCCCCCCCCCCCCOC1=CC(=CC(=C1)N(CC(=O)O)CC(=O)O)S(=O)CC(=O)O']
4717,C30H49NO8,4,"bigmed, large, med, tiny",79.36,"['[2-(3,4-dihydroxy-5-oxo-2H-furan-2-yl)-2-hydroxyethyl] 6-[[(9Z,12Z)-octadeca-9,12-dienoyl]amino]hexanoate']",['CCCCC/C=C\\C/C=C\\CCCCCCCC(=O)NCCCCCC(=O)OCC(C1C(=C(C(=O)O1)O)O)O']
4716,C30H49NO7S,4,"bigmed, large, med, tiny",63.0275,"['acetic acid;[(1S,2R,3S,4S,6R,7R,8R,14R)-4-ethenyl-3-hydroxy-2,4,7,14-tetramethyl-9-oxo-6-tricyclo[5.4.3.01,8]tetradecanyl] 2-[(1R,2R,4R)-4-amino-2-hydroxycyclohexyl]sulfanylacetate']",['C[C@@H]1CC[C@@]23CCC(=O)[C@H]2[C@@]1([C@@H](C[C@@]([C@H]([C@@H]3C)O)(C)C=C)OC(=O)CS[C@@H]4CC[C@H](C[C@H]4O)N)C.CC(=O)O']
4708,C30H49N3O,4,"bigmed, large, med, tiny",63.8625,"['1-[(7S,8aS)-5-[[(2R,6R)-6-[[(7R,8aS)-1,7-dimethyl-3,4,6,7,8,8a-hexahydro-2H-quinolin-5-yl]methyl]piperidin-2-yl]methyl]-7-methyl-3,4,6,7,8,8a-hexahydro-2H-quinolin-1-yl]ethanone']",['C[C@H]1C[C@H]2C(=C(C1)C[C@H]3CCC[C@@H](N3)CC4=C5CCCN([C@H]5C[C@H](C4)C)C(=O)C)CCCN2C']
4680,C30H47N3O6,4,"bigmed, large, med, tiny",76.95,"['ethyl (E,4S)-6-methyl-4-[[(2S)-4-methyl-2-[[(2S)-4-methyl-2-(phenylmethoxycarbonylamino)pentanoyl]amino]pentanoyl]amino]hept-2-enoate']",['CCOC(=O)/C=C/[C@H](CC(C)C)NC(=O)[C@H](CC(C)C)NC(=O)[C@H](CC(C)C)NC(=O)OCC1=CC=CC=C1']
4675,C30H46O3,4,"bigmed, large, med, tiny",68.615,"['trans-(1R,3S,5Z)-5-[(2E)-2-[(1R,3aS,7aR)-1-[(2R,3E,5E)-7-ethyl-7-hydroxynona-3,5-dien-2-yl]-7a-methyl-2,3,3a,5,6,7-hexahydro-1H-inden-4-ylidene]ethylidene]-4-methylidenecyclohexane-1,3-diol']",['CCC(CC)(/C=C/C=C/[C@@H](C)[C@H]1CC[C@@H]\\2[C@@]1(CCC/C2=C\\C=C/3\\C[C@H](C[C@@H](C3=C)O)O)C)O']
4638,C30H43NO4,4,"bigmed, large, med, tiny",71.6375,"['(1S,2S,6R,14R,15R,16R)-5-(cyclopropylmethyl)-16-[(3S)-3-hydroxy-2,2-dimethylpentan-3-yl]-15-methoxy-13-oxa-5-azahexacyclo[13.2.2.12,8.01,6.02,14.012,20]icosa-8(20),9,11-trien-11-ol']",['CC[C@]([C@H]1C[C@@]23CC[C@@]1([C@H]4[C@@]25CCN([C@@H]3CC6=C5C(=C(C=C6)O)O4)CC7CC7)OC)(C(C)(C)C)O']
4623,C30H40N2O,4,"bigmed, large, med, tiny",66.5975,"[""2-benzyl-1'-(4-tert-butylcyclohexyl)spiro[1H-isoquinoline-4,4'-piperidine]-3-one""]",['CC(C)(C)C1CCC(CC1)N2CCC3(CC2)C4=CC=CC=C4CN(C3=O)CC5=CC=CC=C5']
4609,C30H27O13,4,"bigmed, large, med, tiny",69.3225,"['[(2R,3S,4S,5R,6S)-6-[2-(3,4-dihydroxyphenyl)-5,7-dihydroxychromenylium-3-yl]oxy-3,4,5-trihydroxyoxan-2-yl]methyl (E)-3-(4-hydroxyphenyl)prop-2-enoate']",['C1=CC(=CC=C1/C=C/C(=O)OC[C@@H]2[C@H]([C@@H]([C@H]([C@@H](O2)OC3=CC4=C(C=C(C=C4[O+]=C3C5=CC(=C(C=C5)O)O)O)O)O)O)O)O']
4601,C2H5O5P,4,"bigmed, large, med, tiny",86.32249999999999,['2-phosphonoacetic acid'],['C(C(=O)O)P(=O)(O)O']
4581,C29H58NO6P,4,"bigmed, large, med, tiny",67.715,"['[(1S,2R)-2-ethoxycarbonyl-2-hexadecylcyclopentyl] 2-(trimethylazaniumyl)ethyl phosphate']",['CCCCCCCCCCCCCCCC[C@]1(CCC[C@@H]1OP(=O)([O-])OCC[N+](C)(C)C)C(=O)OCC']
4532,C29H54NO9P,4,"bigmed, large, med, tiny",84.765,['2-[2-[2-[2-(2-dodecoxyethoxy)ethoxy]ethoxy]ethoxy]ethyl 2-pyridin-1-ium-1-ylethyl phosphate'],['CCCCCCCCCCCCOCCOCCOCCOCCOCCOP(=O)([O-])OCC[N+]1=CC=CC=C1']
4531,C29H54NO8P,4,"bigmed, large, med, tiny",62.0225,['[(2R)-1-[2-aminoethoxy(hydroxy)phosphoryl]oxy-3-[(Z)-undec-9-enoyl]oxypropan-2-yl] (Z)-tridec-9-enoate'],['CCC/C=C\\CCCCCCCC(=O)O[C@H](COC(=O)CCCCCCC/C=C\\C)COP(=O)(O)OCCN']
4511,C29H52O8S,4,"bigmed, large, med, tiny",55.4625,['dodecane-1-thiol;2-methylidenebutanoic acid;methyl 2-methylprop-2-enoate;2-methylprop-2-enoic acid;prop-2-enoic acid'],['CCCCCCCCCCCCS.CCC(=C)C(=O)O.CC(=C)C(=O)O.CC(=C)C(=O)OC.C=CC(=O)O']
4510,C29H52O8,4,"bigmed, large, med, tiny",75.4825,['2-[2-[2-[2-[2-[2-[2-(4-nonylphenoxy)ethoxy]ethoxy]ethoxy]ethoxy]ethoxy]ethoxy]ethanol'],['CCCCCCCCCC1=CC=C(C=C1)OCCOCCOCCOCCOCCOCCOCCO']
4495,C29H52N4O3,4,"bigmed, large, med, tiny",76.8275,"['N-[1-[[(E)-2,5-dimethyl-6-(3-methylpiperidin-1-yl)-6-oxohex-4-en-3-yl]-methylamino]-3-methyl-1-oxobutan-2-yl]-1-propan-2-ylpiperidine-2-carboxamide']",['CC1CCCN(C1)C(=O)/C(=C/C(C(C)C)N(C)C(=O)C(C(C)C)NC(=O)C2CCCCN2C(C)C)/C']
4492,C29H51O9P,4,"large, large, med, tiny",71.75,"['methyl [(1R,2S,3S,4S,6R,8R,9R,10R,13S,14R,17R,18R,19R,20S,21R)-17,18,20,21-tetrahydroxy-8,10,14-trimethyl-6-[(2S)-3-methylbutan-2-yl]-5-oxapentacyclo[11.8.0.02,10.04,9.014,19]henicosan-3-yl] hydrogen phosphate']",['C[C@@H]1C[C@@H](O[C@H]2[C@H]1[C@]3(CC[C@H]4[C@H]([C@@H]3[C@@H]2OP(=O)(O)OC)[C@H]([C@H]([C@@H]5[C@@]4(CC[C@H]([C@@H]5O)O)C)O)O)C)[C@@H](C)C(C)C']
4462,C29H50NO13P,4,"bigmed, large, large, med",72.9525,"['(E)-7-[(2R)-1-[[(2S)-2-amino-2-carboxyethoxy]-hydroxyphosphoryl]oxy-3-hexadecanoyloxypropan-2-yl]oxy-4,7-dioxohept-2-enoic acid']",['CCCCCCCCCCCCCCCC(=O)OC[C@H](COP(=O)(O)OC[C@@H](C(=O)O)N)OC(=O)CCC(=O)/C=C/C(=O)O']
3841,C27H44NO7P,4,"bigmed, large, med, tiny",82.75,"['[(2R)-3-[2-aminoethoxy(hydroxy)phosphoryl]oxy-2-hydroxypropyl] (4Z,7Z,10Z,13Z,16Z,19Z)-docosa-4,7,10,13,16,19-hexaenoate']",['CC/C=C\\C/C=C\\C/C=C\\C/C=C\\C/C=C\\C/C=C\\CCC(=O)OC[C@H](COP(=O)(O)OCCN)O']
3800,C27H41NO5,4,"bigmed, large, med, tiny",84.91,"['N-ethyl-N-[[4-[[(1R,4S,5R,9R,10S,13R)-1,5,9-trimethyl-11,14,15,16-tetraoxatetracyclo[10.3.1.04,13.08,13]hexadecan-10-yl]oxymethyl]phenyl]methyl]ethanamine']",['CCN(CC)CC1=CC=C(C=C1)CO[C@@H]2[C@@H](C3CC[C@H]([C@H]4[C@]35C(O2)O[C@@](CC4)(OO5)C)C)C']
3716,C27H34F2O7,4,"bigmed, large, med, tiny",64.19749999999999,"['[(6S,8S,9R,10S,11S,13S,14S,17R)-17-(2-acetyloxyacetyl)-6,9-difluoro-11-hydroxy-10,13-dimethyl-3-oxo-6,7,8,11,12,14,15,16-octahydrocyclopenta[a]phenanthren-17-yl] butanoate']",['CCCC(=O)O[C@@]1(CC[C@@H]2[C@@]1(C[C@@H]([C@]3([C@H]2C[C@@H](C4=CC(=O)C=C[C@@]43C)F)F)O)C)C(=O)COC(=O)C']
3691,C26H54O12P2,4,"bigmed, large, med, tiny",59.8025,['2-methyl-4-[methyl(propan-2-yloxy)phosphoryl]oxy-5-propan-2-yloxyoxan-3-ol'],['CC1C(C(C(CO1)OC(C)C)OP(=O)(C)OC(C)C)O.CC1C(C(C(CO1)OC(C)C)OP(=O)(C)OC(C)C)O']
3214,C25H38N2O3,4,"bigmed, large, med, tiny",63.7575,['4-phenylbutyl (2S)-1-[(1-methylcyclohexyl)methylcarbamoyl]piperidine-2-carboxylate'],['CC1(CCCCC1)CNC(=O)N2CCCC[C@H]2C(=O)OCCCCC3=CC=CC=C3']
3201,C25H36O4S,4,"bigmed, large, med, tiny",66.1975,"['[(E)-2-[(1S,2S,7S)-2-methyl-2-(4-methylpent-3-enyl)-6-oxo-7-(2-oxopropyl)-5-(sulfanylmethyl)cyclohept-4-en-1-yl]ethenyl] 3-methylbut-2-enoate']",['CC(=CCC[C@]1(CC=C(C(=O)[C@H]([C@@H]1/C=C/OC(=O)C=C(C)C)CC(=O)C)CS)C)C']
3200,C25H36O4,4,"bigmed, large, med, tiny",69.0075,"['(6aR,10aR)-1-hydroxy-6,6-dimethyl-3-(2-methyloctan-2-yl)-6a,7,10,10a-tetrahydrobenzo[c]chromene-9-carboxylic acid']",['CCCCCCC(C)(C)C1=CC(=C2[C@@H]3CC(=CC[C@H]3C(OC2=C1)(C)C)C(=O)O)O']
3184,C25H34O6,4,"bigmed, large, med, tiny",60.5825,"['(1S,2S,4R,8S,9S,11S,12S,13R)-11-hydroxy-8-(2-hydroxyacetyl)-9,13-dimethyl-6-propyl-5,7-dioxapentacyclo[10.8.0.02,9.04,8.013,18]icosa-14,17-dien-16-one']",['CCCC1O[C@@H]2C[C@H]3[C@@H]4CCC5=CC(=O)C=C[C@@]5([C@H]4[C@H](C[C@@]3([C@@]2(O1)C(=O)CO)C)O)C']
3181,C25H34O4,4,"bigmed, large, med, tiny",74.1775,"['(2R)-2-[(2E,7E,9E)-13-(furan-3-yl)-2,6,10-trimethyltrideca-2,7,9-trienyl]-3-hydroxy-4-methyl-2H-furan-5-one']",['CC1=C([C@H](OC1=O)C/C(=C/CCC(C)/C=C/C=C(\\C)/CCCC2=COC=C2)/C)O']
3151,C25H30O4,4,"bigmed, large, med, tiny",78.72749999999999,"['(2E,4E,6E,8E,10E,12E,14E,16Z,18E)-20-methoxy-4,8,13,17-tetramethyl-20-oxoicosa-2,4,6,8,10,12,14,16,18-nonaenoic acid']",['C/C(=C\\C=C\\C=C(/C)\\C=C\\C=C(\\C)/C=C/C(=O)OC)/C=C/C=C(\\C)/C=C/C(=O)O']
3145,C25H30NO3,4,"bigmed, large, med, tiny",90.00999999999999,"[""[(1R,5S)-spiro[8-azoniabicyclo[3.2.1]octane-8,1'-azolidin-1-ium]-3-yl] 2-hydroxy-2,2-diphenylacetate""]",['C1CC[N+]2(C1)[C@@H]3CC[C@H]2CC(C3)OC(=O)C(C4=CC=CC=C4)(C5=CC=CC=C5)O']
3091,C24H47N2O6P,4,"bigmed, large, med, tiny",68.155,"['[(4E,8E)-2-(heptanoylamino)-3-hydroxydodeca-4,8-dienyl] 2-(trimethylazaniumyl)ethyl phosphate']",['CCCCCCC(=O)NC(COP(=O)([O-])OCC[N+](C)(C)C)C(/C=C/CC/C=C/CCC)O']
3089,C24H46O4,4,"bigmed, large, med, tiny",81.6375,['bis(7-methyloctyl) hexanedioate'],['CC(C)CCCCCCOC(=O)CCCCC(=O)OCCCCCCC(C)C']
3075,C24H45O10P,4,"bigmed, large, med, tiny",65.65,['5-[(2R)-1-hexadecanoyloxy-3-phosphonooxypropan-2-yl]oxy-5-oxopentanoic acid'],['CCCCCCCCCCCCCCCC(=O)OC[C@H](COP(=O)(O)O)OC(=O)CCCC(=O)O']
3073,C24H45NO6,4,"bigmed, large, med, tiny",62.07,['(E)-but-2-enedioic acid;2-(dimethylamino)ethyl hexadecanoate'],['CCCCCCCCCCCCCCCC(=O)OCCN(C)C.C(=C/C(=O)O)\\C(=O)O']
3065,C24H44O9,4,"bigmed, large, med, tiny",70.185,"['2,2-bis(6-hydroxyhexanoyloxymethyl)butyl 6-hydroxyhexanoate']",['CCC(COC(=O)CCCCCO)(COC(=O)CCCCCO)COC(=O)CCCCCO']
3061,C24H44O3,4,"bigmed, large, med, tiny",68.8325,"['2-butoxyethyl (9Z,12Z)-octadeca-9,12-dienoate']",['CCCCC/C=C\\C/C=C\\CCCCCCCC(=O)OCCOCCCC']
3060,C24H44O2,4,"bigmed, large, med, tiny",62.4275,"['(E)-7,11-dimethyl-13-(2,6,6-trimethylcyclohexen-1-yl)tridec-10-ene-4,7-diol']",['CCCC(CCC(C)(CC/C=C(\\C)/CCC1=C(CCCC1(C)C)C)O)O']
3037,C24H43N3O3,4,"bigmed, large, med, tiny",68.4375,['(2S)-3-(1H-imidazol-5-yl)-2-(octadecanoylamino)propanoic acid'],['CCCCCCCCCCCCCCCCCC(=O)N[C@@H](CC1=CN=CN1)C(=O)O']
3032,C24H42O6S,4,"bigmed, large, med, tiny",84.445,"['(4R)-4-[(3R,5S,7R,8R,9S,10S,12S,13R,14S,17R)-3,7,12-trihydroxy-10,13-dimethyl-2,3,4,5,6,7,8,9,11,12,14,15,16,17-tetradecahydro-1H-cyclopenta[a]phenanthren-17-yl]pentane-1-sulfonic acid']",['C[C@H](CCCS(=O)(=O)O)[C@H]1CC[C@@H]2[C@@]1([C@H](C[C@H]3[C@H]2[C@@H](C[C@H]4[C@@]3(CC[C@H](C4)O)C)O)O)C']
2985,C24H40O4,4,"bigmed, large, med, tiny",81.335,"['(4R)-4-[(3R,5S,7R,8R,9S,10S,13R,14S,17R)-3,7-dihydroxy-10,13-dimethyl-2,3,4,5,6,7,8,9,11,12,14,15,16,17-tetradecahydro-1H-cyclopenta[a]phenanthren-17-yl]pentanoic acid']",['C[C@H](CCC(=O)O)[C@H]1CC[C@@H]2[C@@]1(CC[C@H]3[C@H]2[C@@H](C[C@H]4[C@@]3(CC[C@H](C4)O)C)O)C']
2970,C24H40N2O3,4,"bigmed, large, med, tiny",76.255,"['(3S,5R,8R,9S,10S,13R,14S,17R)-17-[(E,3E)-3-(2-aminoethoxyimino)prop-1-enyl]-10,13-dimethyl-1,2,3,4,5,6,7,8,9,11,12,15,16,17-tetradecahydrocyclopenta[a]phenanthrene-3,14-diol']",['C[C@]12CC[C@@H](C[C@H]1CC[C@@H]3[C@@H]2CC[C@]4([C@@]3(CC[C@@H]4/C=C/C=N/OCCN)O)C)O']
2953,C24H38O6,4,"bigmed, large, med, tiny",65.41749999999999,"['(3R,5R)-7-[(1S,2S,6R,8S,8aR)-2,6-dimethyl-8-[(2S)-2-methylbutanoyl]oxy-1,2,6,7,8,8a-hexahydronaphthalen-1-yl]-3,5-dihydroxyheptanoic acid']",['CC[C@H](C)C(=O)O[C@H]1C[C@H](C=C2[C@H]1[C@H]([C@H](C=C2)C)CC[C@H](C[C@H](CC(=O)O)O)O)C']
3228,C25H39NO3S,4,"bigmed, large, large, tiny",58.6575,"['3-[(3S,5R,8R,9S,10S,13R,14S,17R)-3-(2-aminoethylsulfanyl)-14-hydroxy-10,13-dimethyl-1,2,3,4,5,6,7,8,9,11,12,15,16,17-tetradecahydrocyclopenta[a]phenanthren-17-yl]-2H-furan-5-one']",['C[C@]12CC[C@@H](C[C@H]1CC[C@@H]3[C@@H]2CC[C@]4([C@@]3(CC[C@@H]4C5=CC(=O)OC5)O)C)SCCN']
3256,C25H41N3O,4,"bigmed, large, med, tiny",55.87,['1-methyl-4-[4-[4-(3-piperidin-1-ylpropoxy)phenyl]cyclohexyl]piperazine'],['CN1CCN(CC1)C2CCC(CC2)C3=CC=C(C=C3)OCCCN4CCCCC4']
3285,C25H43N8O17P3S,4,"bigmed, large, med, tiny",63.7075,"['S-[2-[3-[[4-[[[(2R,3S,4R,5R)-5-(6-aminopurin-9-yl)-4-hydroxy-3-phosphonooxyoxolan-2-yl]methoxy-hydroxyphosphoryl]oxy-hydroxyphosphoryl]oxy-2-hydroxy-3,3-dimethylbutanoyl]amino]propanoylamino]ethyl] 3-aminobutanethioate']",['CC(CC(=O)SCCNC(=O)CCNC(=O)C(C(C)(C)COP(=O)(O)OP(=O)(O)OC[C@@H]1[C@H]([C@H]([C@@H](O1)N2C=NC3=C(N=CN=C32)N)O)OP(=O)(O)O)O)N']
3462,C26H36O4,4,"bigmed, large, med, tiny",83.09,"['2,5-dihydroxy-3-[(2E,6E,10E)-3,7,11,15-tetramethylhexadeca-2,6,10,14-tetraenyl]cyclohexa-2,5-diene-1,4-dione']",['CC(=CCC/C(=C/CC/C(=C/CC/C(=C/CC1=C(C(=O)C=C(C1=O)O)O)/C)/C)/C)C']
3685,C26H53NO4S,4,"bigmed, large, med, tiny",57.925,['2-(tetracosanoylamino)ethanesulfonic acid'],['CCCCCCCCCCCCCCCCCCCCCCCC(=O)NCCS(=O)(=O)O']
3634,C26H48O10,4,"bigmed, large, med, tiny",75.53,['(E)-4-[2-[2-[2-[2-[2-(2-decoxyethoxy)ethoxy]ethoxy]ethoxy]ethoxy]ethoxy]-4-oxobut-2-enoic acid'],['CCCCCCCCCCOCCOCCOCCOCCOCCOCCOC(=O)/C=C/C(=O)O']
3628,C26H48N4O3,4,"bigmed, large, med, tiny",77.4975,['N-[(2S)-1-[[(2S)-1-amino-4-methyl-1-oxopentan-2-yl]amino]-1-oxopentan-2-yl]-1-(3-cyclohexylpropylamino)cyclopentane-1-carboxamide'],['CCC[C@@H](C(=O)N[C@@H](CC(C)C)C(=O)N)NC(=O)C1(CCCC1)NCCCC2CCCCC2']
3615,C26H46O7S,4,"bigmed, large, med, tiny",86.3025,"['1,4-dioxo-1,4-bis(undec-10-enoxy)butane-2-sulfonic acid']",['C=CCCCCCCCCCOC(=O)CC(C(=O)OCCCCCCCCCC=C)S(=O)(=O)O']
3593,C26H45NO9,4,"bigmed, large, med, tiny",67.8425,"['[(2R,3S,4S,5R,6R)-6-amino-3,4,5-tris(2,2-dimethylpropanoyloxy)oxan-2-yl]methyl 2,2-dimethylpropanoate']",['CC(C)(C)C(=O)OC[C@@H]1[C@@H]([C@@H]([C@H]([C@@H](O1)N)OC(=O)C(C)(C)C)OC(=O)C(C)(C)C)OC(=O)C(C)(C)C']
3539,C26H42O4,4,"bigmed, large, med, tiny",70.7025,"['bis(7-methyloctyl) benzene-1,2-dicarboxylate']",['CC(C)CCCCCCOC(=O)C1=CC=CC=C1C(=O)OCCCCCCC(C)C']
3510,C26H40O6S,4,"bigmed, large, med, tiny",79.2075,"['S-tert-butyl 2-[(E)-5-[2-(4-hydroxypentyl)-1,3-dioxolan-2-yl]pent-1-enyl]-4,6-dimethoxybenzenecarbothioate']",['CC(CCCC1(OCCO1)CCC/C=C/C2=C(C(=CC(=C2)OC)OC)C(=O)SC(C)(C)C)O']
3475,C26H38N2O3,4,"bigmed, large, med, tiny",71.0925,"['3-(4-methoxyphenoxy)-N,N-dimethyl-3-[4-(3-piperidin-1-ylpropoxy)phenyl]propan-1-amine']",['CN(C)CCC(C1=CC=C(C=C1)OCCCN2CCCCC2)OC3=CC=C(C=C3)OC']
3417,C26H29NO,4,"bigmed, large, med, tiny",73.045,"['2-[4-[(Z)-1,2-diphenylbut-1-enyl]phenoxy]-N,N-dimethylethanamine']",['CC/C(=C(\\C1=CC=CC=C1)/C2=CC=C(C=C2)OCCN(C)C)/C3=CC=CC=C3']
3291,C25H43NO5,4,"bigmed, large, med, tiny",74.4325,['4-[1-(octadec-9-enoylamino)propan-2-yloxy]-4-oxobut-2-enoic acid'],['CCCCCCCCC=CCCCCCCCC(=O)NCC(C)OC(=O)C=CC(=O)O']
3404,C25H55N2O5P,4,"bigmed, large, med, tiny",72.27250000000001,['(1-amino-3-heptadecoxypropan-2-yl) 2-(trimethylazaniumyl)ethyl phosphate'],['CCCCCCCCCCCCCCCCCOCC(CN)OP(=O)([O-])OCC[N+](C)(C)C']
3379,C25H49O6P,4,"bigmed, large, med, tiny",78.9825,['[3-[(Z)-docos-13-enoxy]-2-oxopropyl] dihydrogen phosphate'],['CCCCCCCC/C=C\\CCCCCCCCCCCCOCC(=O)COP(=O)(O)O']
3370,C25H49N2O7P,4,"bigmed, large, med, tiny",90.185,"['tert-butyl N-[3-[15-[(2-oxo-1,3,2lambda5-dioxaphospholan-2-yl)oxy]pentadecanoylamino]propyl]carbamate']",['CC(C)(C)OC(=O)NCCCNC(=O)CCCCCCCCCCCCCCOP1(=O)OCCO1']
3349,C25H47NO6,4,"bigmed, large, med, tiny",79.29249999999999,['5-(7-carboxyheptyl)-2-hexylcyclohex-3-ene-1-carboxylic acid;2-(2-hydroxyethylamino)ethanol'],['CCCCCCC1C=CC(CC1C(=O)O)CCCCCCCC(=O)O.C(CO)NCCO']
3347,C25H47NO4,4,"bigmed, large, med, tiny",71.8775,['(3R)-3-[(Z)-octadec-9-enoyl]oxy-4-(trimethylazaniumyl)butanoate'],['CCCCCCCC/C=C\\CCCCCCCC(=O)O[C@H](CC(=O)[O-])C[N+](C)(C)C']
3341,C25H46O5,4,"large, large, med, tiny",61.5325,['(1-butanoyloxy-3-hydroxypropan-2-yl) (Z)-octadec-9-enoate'],['CCCCCCCC/C=C\\CCCCCCCC(=O)OC(CO)COC(=O)CCC']
3339,C25H46O3,4,"bigmed, large, med, tiny",67.95,"['[5-[(1R,2R,4aS,8aS)-2-hydroxy-2,5,5,8a-tetramethyl-3,4,4a,6,7,8-hexahydro-1H-naphthalen-1-yl]-3-methylpentyl] 2-methylbutanoate']",['CCC(C)C(=O)OCCC(C)CC[C@@H]1[C@]2(CCCC([C@@H]2CC[C@@]1(C)O)(C)C)C']
3332,C25H46NO7P,4,"bigmed, large, med, tiny",92.8075,"['[(2R)-1-[2-aminoethoxy(hydroxy)phosphoryl]oxy-3-hydroxypropan-2-yl] (5Z,8Z,11Z)-icosa-5,8,11-trienoate']",['CCCCCCCC/C=C\\C/C=C\\C/C=C\\CCCC(=O)O[C@H](CO)COP(=O)(O)OCCN']
4140,C28H46NO12P,4,"bigmed, large, med, tiny",73.5075,"['(3,4-dimethoxy-2-nitrophenyl)methoxy-[(2R)-2,3-di(octanoyloxy)propoxy]phosphinic acid']",['CCCCCCCC(=O)OC[C@H](CO[P+](O)([O-])OCC1=C(C(=C(C=C1)OC)OC)[N+](=O)[O-])OC(=O)CCCCCCC']
6744,C37H72NO6P,4,"bigmed, large, med, tiny",65.3575,"['(2-amino-2-hexadecanoyl-3-oxooctadecanoyl)-(2,3-dihydroxypropyl)phosphinous acid']",['CCCCCCCCCCCCCCCC(=O)C(C(=O)CCCCCCCCCCCCCCC)(C(=O)P(CC(CO)O)O)N']
5935,C34H66O3,4,"bigmed, large, med, tiny",75.015,"['hexadecyl (Z,12R)-12-hydroxyoctadec-9-enoate']",['CCCCCCCCCCCCCCCCOC(=O)CCCCCCC/C=C\\C[C@@H](CCCCCC)O']
12431,C59H84O6,4,"bigmed, large, med, tiny",62.665,"['[2-[(4Z,7Z,10Z,13Z,16Z)-nonadeca-4,7,10,13,16-pentaenoyl]oxy-3-[(6Z,9Z,12Z)-pentadeca-6,9,12-trienoyl]oxypropyl] (7Z,9Z,11E,13Z,15Z,17Z,19Z)-docosa-7,9,11,13,15,17,19-heptaenoate']",['CC/C=C\\C/C=C\\C/C=C\\CCCCC(=O)OCC(COC(=O)CCCCC/C=C\\C=C/C=C/C=C\\C=C/C=C\\C=C/CC)OC(=O)CC/C=C\\C/C=C\\C/C=C\\C/C=C\\C/C=C\\CC']
12414,C59H115O11P,4,"bigmed, large, med, tiny",61.2975,[],[]
12236,C58H114O13S,4,"bigmed, large, med, tiny",65.61500000000001,[],[]
12213,C58H111O13P,4,"bigmed, large, med, tiny",69.11,"['[1-[hydroxy-(2,3,4,5,6-pentahydroxycyclohexyl)oxyphosphoryl]oxy-3-tricosanoyloxypropan-2-yl] (Z)-hexacos-15-enoate']",['CCCCCCCCCCCCCCCCCCCCCCC(=O)OCC(COP(=O)(O)OC1C(C(C(C(C1O)O)O)O)O)OC(=O)CCCCCCCCCCCCC/C=C\\CCCCCCCCCC']
12202,C58H111NO10,4,"bigmed, large, med, tiny",51.6125,"['N-[(8E,12E)-3,4-dihydroxy-1-[3,4,5-trihydroxy-6-(hydroxymethyl)oxan-2-yl]oxyhexadeca-8,12-dien-2-yl]-2-hydroxyhexatriacontanamide']",['CCCCCCCCCCCCCCCCCCCCCCCCCCCCCCCCCCC(C(=O)NC(COC1C(C(C(C(O1)CO)O)O)O)C(C(CCC/C=C/CC/C=C/CCC)O)O)O']
12183,C58H109NO12S,4,"bigmed, large, med, tiny",75.7675,"['[3,5-dihydroxy-2-[(E)-3-hydroxy-2-[[(11Z,14Z)-2-hydroxyhexacosa-11,14-dienoyl]amino]hexacos-4-enoxy]-6-(hydroxymethyl)oxan-4-yl] hydrogen sulfate']",['CCCCCCCCCCCCCCCCCCCCC/C=C/C(C(COC1C(C(C(C(O1)CO)O)OS(=O)(=O)O)O)NC(=O)C(CCCCCCCC/C=C\\C/C=C\\CCCCCCCCCCC)O)O']
12179,C58H108O15,4,"bigmed, large, med, tiny",67.8125,"['[2-[(Z)-nonadec-9-enoyl]oxy-3-[3,4,5-trihydroxy-6-[[3,4,5-trihydroxy-6-(hydroxymethyl)oxan-2-yl]oxymethyl]oxan-2-yl]oxypropyl] tetracosanoate']",['CCCCCCCCCCCCCCCCCCCCCCCC(=O)OCC(COC1C(C(C(C(O1)COC2C(C(C(C(O2)CO)O)O)O)O)O)O)OC(=O)CCCCCCC/C=C\\CCCCCCCCC']
12024,C57H84O11,4,"bigmed, large, med, tiny",89.07249999999999,"['[4-(1-butoxy-1-oxopropan-2-yl)oxyphenyl] 4-[4-[10-[4-[(6-ethyl-2-heptyl-1,3-dioxan-4-yl)methyl]-6-(2-hydroxypropyl)-1,3-dioxan-2-yl]decoxy]phenyl]benzoate']",['CCCCCCCC1OC(CC(O1)CC2CC(OC(O2)CCCCCCCCCCOC3=CC=C(C=C3)C4=CC=C(C=C4)C(=O)OC5=CC=C(C=C5)OC(C)C(=O)OCCCC)CC(C)O)CC']
11935,C57H103NO10,4,"bigmed, large, med, tiny",54.28,"['[(2R,3R,4R,5R,6S)-6-[(2S,3S,4R)-2-(hexacosanoylamino)-3,4-dihydroxyoctadecoxy]-4,5-dihydroxy-2-(hydroxymethyl)oxan-3-yl] benzoate']",['CCCCCCCCCCCCCCCCCCCCCCCCCC(=O)N[C@@H](CO[C@@H]1[C@@H]([C@H]([C@H]([C@H](O1)CO)OC(=O)C2=CC=CC=C2)O)O)[C@@H]([C@@H](CCCCCCCCCCCCCC)O)O']
11865,C56H93NO7,4,"bigmed, large, med, tiny",63.14,"['4-[2-[(14Z,17Z,20Z,23Z)-hexacosa-14,17,20,23-tetraenoyl]oxy-3-[(8Z,11Z,14Z,17Z)-icosa-8,11,14,17-tetraenoyl]oxypropoxy]-2-(trimethylazaniumyl)butanoate']",['CC/C=C\\C/C=C\\C/C=C\\C/C=C\\CCCCCCCCCCCCC(=O)OC(COCCC(C(=O)[O-])[N+](C)(C)C)COC(=O)CCCCCC/C=C\\C/C=C\\C/C=C\\C/C=C\\CC']
11827,C56H86NO9P,4,"bigmed, large, med, tiny",54.685,"['2-amino-3-[[2-[(5Z,8Z,11Z,14Z,17Z,20Z,23Z)-hexacosa-5,8,11,14,17,20,23-heptaenoyl]oxy-3-[(6Z,9Z,12Z,15Z,18Z,21Z)-tetracosa-6,9,12,15,18,21-hexaenoxy]propoxy]-hydroxyphosphoryl]oxypropanoic acid']",['CC/C=C\\C/C=C\\C/C=C\\C/C=C\\C/C=C\\C/C=C\\CCCCCOCC(COP(=O)(O)OCC(C(=O)O)N)OC(=O)CCC/C=C\\C/C=C\\C/C=C\\C/C=C\\C/C=C\\C/C=C\\C/C=C\\CC']
11813,C56H113O7P,4,"bigmed, large, large, med",54.6025,['17-[1-hydroxy-2-[trihydroxy-(2-hydroxy-4-oxononadecyl)-lambda5-phosphanyl]ethyl]pentatriacontan-16-one'],['CCCCCCCCCCCCCCCCCCC(C(CP(CC(CC(=O)CCCCCCCCCCCCCCC)O)(O)(O)O)O)C(=O)CCCCCCCCCCCCCCC']
11811,C56H113NO3,4,"bigmed, large, med, tiny",58.2025,"['N-(1,3-dihydroxyhexadecan-2-yl)tetracontanamide']",['CCCCCCCCCCCCCCCCCCCCCCCCCCCCCCCCCCCCCCCC(=O)NC(CO)C(CCCCCCCCCCCCC)O']
11788,C56H109O10P,4,"bigmed, large, med, tiny",53.1,"['[3-[2,3-dihydroxypropoxy(hydroxy)phosphoryl]oxy-2-[(Z)-tetracos-13-enoyl]oxypropyl] hexacosanoate']",['CCCCCCCCCCCCCCCCCCCCCCCCCC(=O)OCC(COP(=O)(O)OCC(CO)O)OC(=O)CCCCCCCCCCC/C=C\\CCCCCCCCCC']
11774,C56H108O10,4,"bigmed, large, med, tiny",59.275000000000006,"['[1-henicosanoyloxy-3-[3,4,5-trihydroxy-6-(hydroxymethyl)oxan-2-yl]oxypropan-2-yl] hexacosanoate']",['CCCCCCCCCCCCCCCCCCCCCCCCCC(=O)OC(COC1C(C(C(C(O1)CO)O)O)O)COC(=O)CCCCCCCCCCCCCCCCCCCC']
11762,C56H107NO19,4,"bigmed, large, med, tiny",57.715,[],[]
11761,C56H107NO18,4,"bigmed, large, med, tiny",81.11,"['N-[1-[5-[3,4-dihydroxy-6-(hydroxymethyl)-5-[3,4,5-trihydroxy-6-(hydroxymethyl)oxan-2-yl]oxyoxan-2-yl]oxy-3,4-dihydroxy-6-(hydroxymethyl)oxan-2-yl]oxy-3-hydroxyoctadecan-2-yl]icosanamide']",['CCCCCCCCCCCCCCCCCCCC(=O)NC(COC1C(C(C(C(O1)CO)OC2C(C(C(C(O2)CO)OC3C(C(C(C(O3)CO)O)O)O)O)O)O)O)C(CCCCCCCCCCCCCCC)O']
11744,C56H104O10,4,"bigmed, large, med, tiny",55.1625,"['[2-[(11Z,14Z)-icosa-11,14-dienoyl]oxy-3-[3,4,5-trihydroxy-6-(hydroxymethyl)oxan-2-yl]oxypropyl] heptacosanoate']",['CCCCCCCCCCCCCCCCCCCCCCCCCCC(=O)OCC(COC1C(C(C(C(O1)CO)O)O)O)OC(=O)CCCCCCCCC/C=C\\C/C=C\\CCCCC']
11640,C55H93NO5,4,"bigmed, large, med, tiny",61.1825,"['[(5Z,8Z,11Z,14Z,17Z)-1-(1,3-dihydroxyoctadecan-2-ylamino)-1-oxoicosa-5,8,11,14,17-pentaen-3-yl] (8E,11E,14E)-heptadeca-8,11,14-trienoate']",['CCCCCCCCCCCCCCCC(C(CO)NC(=O)CC(C/C=C\\C/C=C\\C/C=C\\C/C=C\\C/C=C\\CC)OC(=O)CCCCCC/C=C/C/C=C/C/C=C/CC)O']
11622,C55H90O4,4,"bigmed, large, med, tiny",58.025,"['[1-hydroxy-3-[(16Z,19Z,22Z,25Z)-octacosa-16,19,22,25-tetraenoxy]propan-2-yl] (6Z,9Z,12Z,15Z,18Z,21Z)-tetracosa-6,9,12,15,18,21-hexaenoate']",['CC/C=C\\C/C=C\\C/C=C\\C/C=C\\CCCCCCCCCCCCCCCOCC(CO)OC(=O)CCCC/C=C\\C/C=C\\C/C=C\\C/C=C\\C/C=C\\C/C=C\\CC']
12416,C59H115O13P,4,"bigmed, large, med, tiny",58.56,"['[1-[hydroxy-(2,3,4,5,6-pentahydroxycyclohexyl)oxyphosphoryl]oxy-3-tetracosanoyloxypropan-2-yl] hexacosanoate']",['CCCCCCCCCCCCCCCCCCCCCCCCCC(=O)OC(COC(=O)CCCCCCCCCCCCCCCCCCCCCCC)COP(=O)(O)OC1C(C(C(C(C1O)O)O)O)O']
12482,C59H97N2O6P,4,"bigmed, large, med, tiny",55.1375,"['[3-hydroxy-2-[[(8Z,11Z,14Z,17Z,20Z,23Z,26Z,29Z,32Z,35Z,38Z,41Z)-tetratetraconta-8,11,14,17,20,23,26,29,32,35,38,41-dodecaenoyl]amino]decyl] 2-(trimethylazaniumyl)ethyl phosphate']",['CCCCCCCC(C(COP(=O)([O-])OCC[N+](C)(C)C)NC(=O)CCCCCC/C=C\\C/C=C\\C/C=C\\C/C=C\\C/C=C\\C/C=C\\C/C=C\\C/C=C\\C/C=C\\C/C=C\\C/C=C\\C/C=C\\CC)O']
11548,C55H110O2,4,"bigmed, large, med, tiny",61.5375,['triacontyl pentacosanoate'],['CCCCCCCCCCCCCCCCCCCCCCCCCCCCCCOC(=O)CCCCCCCCCCCCCCCCCCCCCCCC']
12501,C5H11NO2,4,"bigmed, large, med, tiny",96.81,['2-(trimethylazaniumyl)acetate'],['C[N+](C)(C)CC(=O)[O-]']
12910,C62H112NO10P,4,"bigmed, large, med, tiny",79.945,[],[]
12904,C62H111NO10,4,"bigmed, large, med, tiny",60.7075,"['[4,5-dihydroxy-2-[(E)-3-hydroxy-2-[[(13Z,16Z)-2-hydroxydocosa-13,16-dienoyl]amino]hexadec-4-enoxy]-6-(hydroxymethyl)oxan-3-yl] (10E,12E)-octadeca-10,12-dienoate']",['CCCCCCCCCCC/C=C/C(C(COC1C(C(C(C(O1)CO)O)O)OC(=O)CCCCCCCC/C=C/C=C/CCCCC)NC(=O)C(CCCCCCCCCC/C=C\\C/C=C\\CCCCC)O)O']
12893,C62H109O10P,4,"bigmed, large, med, tiny",78.9875,[],[]
12890,C62H108O15,4,"bigmed, large, med, tiny",60.4675,"['[2-[(7Z,10Z,13Z,16Z,19Z)-docosa-7,10,13,16,19-pentaenoyl]oxy-3-[3,4,5-trihydroxy-6-[[3,4,5-trihydroxy-6-(hydroxymethyl)oxan-2-yl]oxymethyl]oxan-2-yl]oxypropyl] pentacosanoate']",['CCCCCCCCCCCCCCCCCCCCCCCCC(=O)OCC(COC1C(C(C(C(O1)COC2C(C(C(C(O2)CO)O)O)O)O)O)O)OC(=O)CCCCC/C=C\\C/C=C\\C/C=C\\C/C=C\\C/C=C\\CC']
12862,C62H102O6,4,"bigmed, large, large, med",55.48,"['[(2S)-1-[(4Z,7Z,10Z,13Z,16Z)-docosa-4,7,10,13,16-pentaenoyl]oxy-3-pentadecanoyloxypropan-2-yl] (7Z,10Z,13Z,16Z)-docosa-7,10,13,16-tetraenoate']",['CCCCCCCCCCCCCCC(=O)OC[C@@H](COC(=O)CC/C=C\\C/C=C\\C/C=C\\C/C=C\\C/C=C\\CCCCC)OC(=O)CCCCC/C=C\\C/C=C\\C/C=C\\C/C=C\\CCCCC']
12813,C61H123NO4,4,"bigmed, large, med, tiny",56.2425,"['N-(1,3-dihydroxyoctacosan-2-yl)-3-hydroxytritriacontanamide']",['CCCCCCCCCCCCCCCCCCCCCCCCCCCCCCC(CC(=O)NC(CO)C(CCCCCCCCCCCCCCCCCCCCCCCCC)O)O']
12779,C61H115O10P,4,"bigmed, large, med, tiny",71.805,[],[]
12763,C61H112O13S,4,"bigmed, large, med, tiny",61.7075,[],[]
12751,C61H110O15,4,"bigmed, large, med, tiny",88.6675,"['[2-[(10Z,13Z,16Z)-docosa-10,13,16-trienoyl]oxy-3-[3,4,5-trihydroxy-6-[[3,4,5-trihydroxy-6-(hydroxymethyl)oxan-2-yl]oxymethyl]oxan-2-yl]oxypropyl] tetracosanoate']",['CCCCCCCCCCCCCCCCCCCCCCCC(=O)OCC(COC1C(C(C(C(O1)COC2C(C(C(C(O2)CO)O)O)O)O)O)O)OC(=O)CCCCCCCC/C=C\\C/C=C\\C/C=C\\CCCCC']
12628,C60H114NO10P,4,"bigmed, large, med, tiny",79.2125,"['[3-hexadecanoyloxy-2-[(E)-octadec-9-enoyl]oxypropyl] 2-(trimethylazaniumyl)ethyl phosphate;(9Z,12Z)-octadeca-9,12-dienoic acid']",['CCCCCCCCCCCCCCCC(=O)OCC(COP(=O)([O-])OCC[N+](C)(C)C)OC(=O)CCCCCCC/C=C/CCCCCCCC.CCCCC/C=C\\C/C=C\\CCCCCCCC(=O)O']
12597,C60H109O13P,4,"bigmed, large, med, tiny",65.6775,"['[1-[hydroxy-(2,3,4,5,6-pentahydroxycyclohexyl)oxyphosphoryl]oxy-3-pentacosanoyloxypropan-2-yl] (14Z,17Z,20Z,23Z)-hexacosa-14,17,20,23-tetraenoate']",['CCCCCCCCCCCCCCCCCCCCCCCCC(=O)OCC(COP(=O)(O)OC1C(C(C(C(C1O)O)O)O)O)OC(=O)CCCCCCCCCCCC/C=C\\C/C=C\\C/C=C\\C/C=C\\CC']
12581,C60H108NO11P,4,"bigmed, large, med, tiny",57.66,"['ethoxy-[[3-(2,5,8,11,14,17-hexaoxabicyclo[16.4.0]docosa-1(18),19,21-trien-20-ylmethoxy)-5-octadecoxyphenyl]methyl]phosphinate;tetrabutylazanium']",['CCCCCCCCCCCCCCCCCCOC1=CC(=CC(=C1)CP(=O)([O-])OCC)OCC2=CC3=C(C=C2)OCCOCCOCCOCCOCCO3.CCCC[N+](CCCC)(CCCC)CCCC']
12580,C60H108NO10P,4,"bigmed, large, med, tiny",64.64500000000001,[],[]
12574,C60H107NO12S,4,"bigmed, large, med, tiny",84.2825,"['[(2R,3S,4S,5R,6S)-3,4,5-tri(dodecanoyloxy)-6-[nitro-(3-oxocyclopentyl)methyl]sulfanyloxan-2-yl]methyl dodecanoate']",['CCCCCCCCCCCC(=O)OC[C@@H]1[C@@H]([C@@H]([C@H]([C@@H](O1)SC(C2CCC(=O)C2)[N+](=O)[O-])OC(=O)CCCCCCCCCCC)OC(=O)CCCCCCCCCCC)OC(=O)CCCCCCCCCCC']
12569,C60H106O15,4,"bigmed, large, med, tiny",75.35,"['[1-nonadecanoyloxy-3-[3,4,5-trihydroxy-6-[[3,4,5-trihydroxy-6-(hydroxymethyl)oxan-2-yl]oxymethyl]oxan-2-yl]oxypropan-2-yl] (14Z,17Z,20Z,23Z)-hexacosa-14,17,20,23-tetraenoate']",['CCCCCCCCCCCCCCCCCCC(=O)OCC(COC1C(C(C(C(O1)COC2C(C(C(C(O2)CO)O)O)O)O)O)O)OC(=O)CCCCCCCCCCCC/C=C\\C/C=C\\C/C=C\\C/C=C\\CC']
12568,C60H106O14,4,"bigmed, large, med, tiny",60.6675,"['[1-[(14Z,17Z,20Z)-octacosa-14,17,20-trienoxy]-3-[3,4,5-trihydroxy-6-[[3,4,5-trihydroxy-6-(hydroxymethyl)oxan-2-yl]oxymethyl]oxan-2-yl]oxypropan-2-yl] (9Z,12Z)-heptadeca-9,12-dienoate']",['CCCCCCC/C=C\\C/C=C\\C/C=C\\CCCCCCCCCCCCCOCC(COC1C(C(C(C(O1)COC2C(C(C(C(O2)CO)O)O)O)O)O)O)OC(=O)CCCCCCC/C=C\\C/C=C\\CCCC']
12515,C5H5N5,4,"bigmed, large, med, tiny",93.96,['7H-purin-6-amine'],['C1=NC2=NC=NC(=C2N1)N']
12512,C5H4N4,4,"bigmed, large, med, tiny",99.2975,['7H-purine'],['C1=C2C(=NC=N1)N=CN2']
12504,C5H11NO4,4,"bigmed, large, med, tiny",75.83,"['(4R,5S,6R)-6-(hydroxymethyl)oxazinane-4,5-diol']",['C1[C@H]([C@@H]([C@H](ON1)CO)O)O']
11613,C55H89NO7,4,"bigmed, large, med, tiny",57.8875,"['4-[2-[(5E,8E,11E,14E,17E,20E,23E)-hexacosa-5,8,11,14,17,20,23-heptaenoyl]oxy-3-[(7E,9E)-nonadeca-7,9-dienoyl]oxypropoxy]-2-(trimethylazaniumyl)butanoate']",['CCCCCCCCC/C=C/C=C/CCCCCC(=O)OCC(COCCC(C(=O)[O-])[N+](C)(C)C)OC(=O)CCC/C=C/C/C=C/C/C=C/C/C=C/C/C=C/C/C=C/C/C=C/CC']
11533,C55H108O10,4,"bigmed, large, med, tiny",54.4225,"['(3,5-dihydroxy-1-adamantyl) 2,2-dimethylbutanoate;methane;(2-methyl-2-adamantyl) 2,2-dimethylbutanoate;(5-oxo-4-oxatricyclo[4.2.1.03,7]nonan-2-yl) 2-methylbutanoate']",['C.C.C.C.C.C.C.C.C.CCC(C)C(=O)OC1C2CC3C1OC(=O)C3C2.CCC(C)(C)C(=O)OC1(C2CC3CC(C2)CC1C3)C.CCC(C)(C)C(=O)OC12CC3CC(C1)(CC(C3)(C2)O)O']
5959,C34H69NO3,4,"bigmed, large, med, tiny",72.9725,"['N-[(2S,3R)-1,3-dihydroxyoctadecan-2-yl]hexadecanamide']",['CCCCCCCCCCCCCCC[C@H]([C@H](CO)NC(=O)CCCCCCCCCCCCCCC)O']
10572,C51H83O9P,4,"bigmed, large, med, tiny",56.5225,[],[]
10546,C51H81O9P,4,"large, large, med, tiny",59.1,"['tris(3-(3,5-ditert-butyl-4-hydroxyphenyl)propanoic acid);phosphane']",['CC(C)(C)C1=CC(=CC(=C1O)C(C)(C)C)CCC(=O)O.CC(C)(C)C1=CC(=CC(=C1O)C(C)(C)C)CCC(=O)O.CC(C)(C)C1=CC(=CC(=C1O)C(C)(C)C)CCC(=O)O.P']
10496,C51H74O4,4,"large, large, med, tiny",66.24,['2-tert-butyl-4-[2-(5-tert-butyl-4-hydroxy-2-methylphenyl)butan-2-yl]-5-methylphenol;2-tert-butyl-4-[2-(5-tert-butyl-4-hydroxy-2-methylphenyl)propan-2-yl]-5-methylphenol'],['CCC(C)(C1=CC(=C(C=C1C)O)C(C)(C)C)C2=CC(=C(C=C2C)O)C(C)(C)C.CC1=CC(=C(C=C1C(C)(C)C2=CC(=C(C=C2C)O)C(C)(C)C)C(C)(C)C)O']
10365,C50H90NO9P,4,"bigmed, large, med, tiny",58.06,"['2-amino-3-[hydroxy-[2-[(Z)-icos-11-enoyl]oxy-3-[(12Z,15Z,18Z,21Z)-tetracosa-12,15,18,21-tetraenoxy]propoxy]phosphoryl]oxypropanoic acid']",['CCCCCCCC/C=C\\CCCCCCCCCC(=O)OC(COCCCCCCCCCCC/C=C\\C/C=C\\C/C=C\\C/C=C\\CC)COP(=O)(O)OCC(C(=O)O)N']
10326,C50H86NO12P,4,"bigmed, large, med, tiny",61.4,"['2-amino-3-[[2-[13-(3,4-dimethyl-5-pentylfuran-2-yl)tridecanoyloxy]-3-[11-(3,4-dimethyl-5-propylfuran-2-yl)undecanoyloxy]propoxy]-hydroxyphosphoryl]oxypropanoic acid']",['CCCCCC1=C(C(=C(O1)CCCCCCCCCCCCC(=O)OC(COC(=O)CCCCCCCCCCC2=C(C(=C(O2)CCC)C)C)COP(=O)(O)OCC(C(=O)O)N)C)C']
10290,C50H82O4,4,"large, large, large, tiny",62.42,"['3,7-dimethylocta-1,6-dien-3-ol;2-(4-methylcyclohex-3-en-1-yl)propan-2-ol;1-methyl-4-propan-2-ylbenzene;2-methyl-5-propan-2-ylbicyclo[3.1.0]hexan-2-ol;5-methyl-2-propan-2-ylphenol']",['CC1=CCC(CC1)C(C)(C)O.CC1=CC=C(C=C1)C(C)C.CC1=CC(=C(C=C1)C(C)C)O.CC(C)C12CCC(C1C2)(C)O.CC(=CCCC(C)(C=C)O)C']
10260,C50H79O9P,4,"bigmed, large, med, tiny",58.1325,"['[1-[2,3-dihydroxypropoxy(hydroxy)phosphoryl]oxy-3-[(5Z,8Z,11Z,14Z,17Z)-icosa-5,8,11,14,17-pentaenoxy]propan-2-yl] (6Z,9Z,12Z,15Z,18Z,21Z)-tetracosa-6,9,12,15,18,21-hexaenoate']",['CC/C=C\\C/C=C\\C/C=C\\C/C=C\\C/C=C\\CCCCOCC(COP(=O)(O)OCC(CO)O)OC(=O)CCCC/C=C\\C/C=C\\C/C=C\\C/C=C\\C/C=C\\C/C=C\\CC']
10214,C50H72O4,4,"bigmed, large, med, tiny",58.6075,"['[(2Z,4E,6E,8E,10E,12E,14E,16E)-17-[(4R)-4-hydroxy-2,6,6-trimethylcyclohex-2-en-1-yl]-2-[(E)-2-[(4R)-4-hydroxy-2,6,6-trimethylcyclohexen-1-yl]ethenyl]-6,11,15-trimethylheptadeca-2,4,6,8,10,12,14,16-octaenyl] (E)-dec-2-enoate']",['CCCCCCC/C=C/C(=O)OC/C(=C\\C=C\\C(=C\\C=C\\C=C(/C)\\C=C\\C=C(/C)\\C=C\\C1C(=C[C@@H](CC1(C)C)O)C)\\C)/C=C/C2=C(C[C@H](CC2(C)C)O)C']
10188,C4H8N2O,4,"bigmed, large, med, tiny",99.2025,['1-nitrosopyrrolidine'],['C1CCN(C1)N=O']
10186,C4H7NS2,4,"bigmed, large, med, tiny",66.6625,"['3-methyl-1,3-thiazolidine-2-thione']",['CN1CCSC1=S']
10182,C4H6O4,4,"bigmed, large, large, med",80.5975,['butanedioic acid'],['C(CC(=O)O)C(=O)O']
10180,C4H6O2S2,4,"bigmed, large, med, tiny",65.31,['dithiolane-4-carboxylic acid'],['C1C(CSS1)C(=O)O']
10140,C49H95O9P,4,"bigmed, large, large, tiny",54.4875,"['[1-[2,3-dihydroxypropoxy(hydroxy)phosphoryl]oxy-3-[(Z)-hexacos-15-enoxy]propan-2-yl] (Z)-heptadec-9-enoate']",['CCCCCCCCCC/C=C\\CCCCCCCCCCCCCCOCC(COP(=O)(O)OCC(CO)O)OC(=O)CCCCCCC/C=C\\CCCCCCC']
10136,C49H95O10P,4,"bigmed, large, med, tiny",61.325,"['[(2R)-1-[[(2S)-2,3-dihydroxypropoxy]-hydroxyphosphoryl]oxy-3-henicosanoyloxypropan-2-yl] (Z)-docos-11-enoate']",['CCCCCCCCCCCCCCCCCCCCC(=O)OC[C@H](COP(=O)(O)OC[C@H](CO)O)OC(=O)CCCCCCCCC/C=C\\CCCCCCCCCC']
10118,C49H93O9P,4,"bigmed, large, med, tiny",54.57,"['[1-[2,3-dihydroxypropoxy(hydroxy)phosphoryl]oxy-3-[(Z)-docos-13-enoxy]propan-2-yl] (11Z,14Z)-henicosa-11,14-dienoate']",['CCCCCCCC/C=C\\CCCCCCCCCCCCOCC(COP(=O)(O)OCC(CO)O)OC(=O)CCCCCCCCC/C=C\\C/C=C\\CCCCCC']
10117,C49H93O7P,4,"bigmed, large, med, tiny",69.6825,[],[]
10095,C49H91O11P,4,"bigmed, large, med, tiny",66.485,"['[(2R)-1-deuterio-2-[(Z)-hexadec-6-enoyl]oxy-3-[hydroxy-[(2R,3R)-1,3,4-trihydroxybutan-2-yl]oxyphosphoryl]oxypropyl] (6Z,18Z)-hexacosa-6,18-dienoate']",['[2H]C([C@H](COP(=O)(O)O[C@H](CO)[C@@H](CO)O)OC(=O)CCCC/C=C\\CCCCCCCCC)OC(=O)CCCC/C=C\\CCCCCCCCCC/C=C\\CCCCCCC']
10086,C49H90O10,4,"bigmed, large, large, med",58.4575,"['[(2S)-2-[(E)-icos-11-enoyl]oxy-3-[(2R,3R,4S,5R,6R)-3,4,5-trihydroxy-6-(hydroxymethyl)oxan-2-yl]oxypropyl] (E)-icos-11-enoate']",['CCCCCCCC/C=C/CCCCCCCCCC(=O)OC[C@H](CO[C@H]1[C@@H]([C@H]([C@H]([C@H](O1)CO)O)O)O)OC(=O)CCCCCCCCC/C=C/CCCCCCCC']
10060,C49H87O8P,4,"bigmed, large, large, tiny",53.88,"['[(2R)-1-[(7Z,10Z,13Z,16Z)-docosa-7,10,13,16-tetraenoyl]oxy-3-phosphonooxypropan-2-yl] (Z)-tetracos-15-enoate']",['CCCCCCCC/C=C\\CCCCCCCCCCCCCC(=O)O[C@H](COC(=O)CCCCC/C=C\\C/C=C\\C/C=C\\C/C=C\\CCCCC)COP(=O)(O)O']
10022,C49H85NO12S,4,"bigmed, large, med, tiny",55.035,[],[]
10551,C51H82NO9P,4,"bigmed, large, med, tiny",60.7375,[],[]
10585,C51H85NO6,4,"bigmed, large, med, tiny",63.465,"['3-[3-[(dimethylamino)methyl]-5-[3-[(9Z,12Z)-octadeca-9,12-dienoyl]oxypropoxy]phenoxy]propyl (9Z,12Z)-octadeca-9,12-dienoate']",['CCCCC/C=C\\C/C=C\\CCCCCCCC(=O)OCCCOC1=CC(=CC(=C1)CN(C)C)OCCCOC(=O)CCCCCCC/C=C\\C/C=C\\CCCCC']
11521,C55H107NO4,4,"bigmed, large, med, tiny",55.75,"['N-[(4E,8E)-1,3-dihydroxyheptadeca-4,8-dien-2-yl]-2-hydroxyoctatriacontanamide']",['CCCCCCCCCCCCCCCCCCCCCCCCCCCCCCCCCCCCC(C(=O)NC(CO)C(/C=C/CC/C=C/CCCCCCCC)O)O']
10609,C51H87NO5,4,"bigmed, large, med, tiny",59.0,"['[(5Z,8Z,11Z,14Z,17Z)-1-(1,3-dihydroxytetradecan-2-ylamino)-1-oxoicosa-5,8,11,14,17-pentaen-3-yl] (11E,14E)-heptadeca-11,14-dienoate']",['CCCCCCCCCCCC(C(CO)NC(=O)CC(C/C=C\\C/C=C\\C/C=C\\C/C=C\\C/C=C\\CC)OC(=O)CCCCCCCCC/C=C/C/C=C/CC)O']
11421,C54H97NO11S,4,"bigmed, large, med, tiny",71.41,[],[]
11409,C54H95NO7,4,"bigmed, large, med, tiny",68.1375,"['4-[3-[(Z)-hexacos-15-enoyl]oxy-2-[(6Z,9Z,12Z,15Z)-octadeca-6,9,12,15-tetraenoyl]oxypropoxy]-2-(trimethylazaniumyl)butanoate']",['CCCCCCCCCC/C=C\\CCCCCCCCCCCCCC(=O)OCC(COCCC(C(=O)[O-])[N+](C)(C)C)OC(=O)CCCC/C=C\\C/C=C\\C/C=C\\C/C=C\\CC']
11362,C54H89NO6S,4,"bigmed, large, med, tiny",65.475,[],[]
11352,C54H87NO6,4,"bigmed, large, med, tiny",55.2625,"['dimethyl (3aR,4R,7S,7aS)-3,5-dihexadecyl-1-oxo-7-(2-phenylethylcarbamoyl)-3a,4,7,7a-tetrahydroindene-2,4-dicarboxylate']",['CCCCCCCCCCCCCCCCC1=C[C@@H]([C@@H]2[C@H]([C@H]1C(=O)OC)C(=C(C2=O)C(=O)OC)CCCCCCCCCCCCCCCC)C(=O)NCCC3=CC=CC=C3']
11328,C54H84O11,4,"bigmed, large, med, tiny",90.5475,"['2,4-dihydroxyheptadec-16-enyl acetate;2,4-dihydroxyheptadec-16-ynyl acetate;2-methoxy-5-(1-phenylprop-2-enyl)cyclohexa-2,5-diene-1,4-dione']",['CC(=O)OCC(CC(CCCCCCCCCCCC=C)O)O.CC(=O)OCC(CC(CCCCCCCCCCCC#C)O)O.COC1=CC(=O)C(=CC1=O)C(C=C)C2=CC=CC=C2']
11134,C53H89O15P,4,"bigmed, large, med, tiny",54.7625,[],[]
11113,C53H88NO11P,4,"bigmed, large, med, tiny",61.5875,"['[(2R,3R)-3-hexadecanoyloxy-1-hydroxy-4-[phenylmethoxy-[2-(phenylmethoxycarbonylamino)ethoxy]phosphoryl]oxybutan-2-yl] hexadecanoate']",['CCCCCCCCCCCCCCCC(=O)O[C@H](CO)[C@@H](COP(=O)(OCCNC(=O)OCC1=CC=CC=C1)OCC2=CC=CC=C2)OC(=O)CCCCCCCCCCCCCCC']
11102,C53H86O14,4,"bigmed, large, med, tiny",60.3475,"['[1-[(9Z,12Z,15Z)-octadeca-9,12,15-trienoxy]-3-[3,4,5-trihydroxy-6-[[3,4,5-trihydroxy-6-(hydroxymethyl)oxan-2-yl]oxymethyl]oxan-2-yl]oxypropan-2-yl] (5Z,8Z,11Z,14Z,17Z)-icosa-5,8,11,14,17-pentaenoate']",['CC/C=C\\C/C=C\\C/C=C\\CCCCCCCCOCC(COC1C(C(C(C(O1)COC2C(C(C(C(O2)CO)O)O)O)O)O)O)OC(=O)CCC/C=C\\C/C=C\\C/C=C\\C/C=C\\C/C=C\\CC']
11076,C53H82O5,4,"bigmed, large, med, tiny",63.285,"['[1-hydroxy-3-[(8Z,11Z,14Z,17Z)-icosa-8,11,14,17-tetraenoyl]oxypropan-2-yl] (9Z,12Z,15Z,18Z,21Z,24Z,27Z)-triaconta-9,12,15,18,21,24,27-heptaenoate']",['CC/C=C\\C/C=C\\C/C=C\\C/C=C\\CCCCCCC(=O)OCC(CO)OC(=O)CCCCCCC/C=C\\C/C=C\\C/C=C\\C/C=C\\C/C=C\\C/C=C\\C/C=C\\CC']
11071,C53H82O12S,4,"bigmed, large, med, tiny",64.295,"['[6-[2-[(4Z,7Z,10Z,13Z,16Z,19Z)-docosa-4,7,10,13,16,19-hexaenoyl]oxy-3-[(10Z,13Z,16Z,19Z)-docosa-10,13,16,19-tetraenoyl]oxypropoxy]-3,4,5-trihydroxyoxan-2-yl]methanesulfonic acid']",['CC/C=C\\C/C=C\\C/C=C\\C/C=C\\CCCCCCCCC(=O)OCC(COC1C(C(C(C(O1)CS(=O)(=O)O)O)O)O)OC(=O)CC/C=C\\C/C=C\\C/C=C\\C/C=C\\C/C=C\\C/C=C\\CC']
11070,C53H82O11,4,"bigmed, large, med, tiny",56.5025,"['[(1R,4E,6E,9S,11S,12R,13R,14Z,16E,19E,21S,23S,24S)-11-hydroxy-23-[(Z,5R)-5-hydroxy-6-(3-hydroxy-5-methyl-2-methylidenehexoxy)-6-oxohex-2-enyl]-12,15,24-trimethyl-3-oxo-2,22,26-trioxatricyclo[19.3.1.19,13]hexacosa-4,6,14,16,19-pentaen-24-yl]methyl dodecanoate']",['CCCCCCCCCCCC(=O)OC[C@@]1([C@H]2C[C@@H](/C=C/C/C=C/C(=C\\[C@@H]3[C@@H]([C@H](C[C@@H](O3)C/C=C/C=C/C(=O)O2)O)C)/C)O[C@H]1C/C=C\\C[C@H](C(=O)OCC(=C)C(CC(C)C)O)O)C']
11059,C53H81NO10,4,"bigmed, large, med, tiny",65.595,[],[]
10919,C52H93NO11S,4,"bigmed, large, med, tiny",83.3675,[],[]
10914,C52H92O14,4,"bigmed, large, med, tiny",67.295,"['[1-[(14Z,17Z,20Z,23Z)-hexacosa-14,17,20,23-tetraenoxy]-3-[3,4,5-trihydroxy-6-[[3,4,5-trihydroxy-6-(hydroxymethyl)oxan-2-yl]oxymethyl]oxan-2-yl]oxypropan-2-yl] undecanoate']",['CCCCCCCCCCC(=O)OC(COCCCCCCCCCCCCC/C=C\\C/C=C\\C/C=C\\C/C=C\\CC)COC1C(C(C(C(O1)COC2C(C(C(C(O2)CO)O)O)O)O)O)O']
10856,C52H86O11,4,"bigmed, large, med, tiny",76.89,"['6-[2-[(9Z,12Z)-heptadeca-9,12-dienoyl]oxy-3-[(14Z,17Z,20Z,23Z)-hexacosa-14,17,20,23-tetraenoyl]oxypropoxy]-3,4,5-trihydroxyoxane-2-carboxylic acid']",['CCCC/C=C\\C/C=C\\CCCCCCCC(=O)OC(COC1C(C(C(C(O1)C(=O)O)O)O)O)COC(=O)CCCCCCCCCCCC/C=C\\C/C=C\\C/C=C\\C/C=C\\CC']
10793,C52H78O10,4,"bigmed, large, med, tiny",61.5,"['(13S,17R)-17-[3-[2-[2-[2-[2-[2-[3-[(8R,9S,13S,14S,17R)-3,17-dihydroxy-13-methyl-7,8,9,11,12,14,15,16-octahydro-6H-cyclopenta[a]phenanthren-17-yl]propoxy]ethoxy]ethoxy]ethoxy]ethoxy]ethoxy]propyl]-13-methyl-7,8,9,11,12,14,15,16-octahydro-6H-cyclopenta[a]phenanthrene-3,17-diol']",['C[C@]12CC[C@H]3[C@H]([C@@H]1CC[C@]2(CCCOCCOCCOCCOCCOCCOCCC[C@@]4(CCC5[C@@]4(CCC6C5CCC7=C6C=CC(=C7)O)C)O)O)CCC8=C3C=CC(=C8)O']
10732,C51H99O7P,4,"bigmed, large, med, tiny",61.0575,[],[]
10714,C51H98NO8P,4,"bigmed, large, med, tiny",57.3325,['[3-[2-(dimethylamino)ethoxy-hydroxyphosphoryl]oxy-2-[(Z)-docos-13-enoyl]oxypropyl] (Z)-docos-13-enoate'],['CCCCCCCC/C=C\\CCCCCCCCCCCC(=O)OCC(COP(=O)(O)OCCN(C)C)OC(=O)CCCCCCCCCCC/C=C\\CCCCCCCC']
10654,C51H91N2O7P,4,"bigmed, large, med, tiny",76.635,"['[(E)-3,4-dihydroxy-2-[[(10Z,13Z,16Z,19Z,22Z,25Z)-octacosa-10,13,16,19,22,25-hexaenoyl]amino]octadec-8-enyl] 2-(trimethylazaniumyl)ethyl phosphate']",['CCCCCCCCC/C=C/CCCC(C(C(COP(=O)([O-])OCC[N+](C)(C)C)NC(=O)CCCCCCCC/C=C\\C/C=C\\C/C=C\\C/C=C\\C/C=C\\C/C=C\\CC)O)O']
12911,C62H112NO11P,4,"bigmed, large, med, tiny",84.17,[],[]
12921,C62H113O11P,4,"bigmed, large, med, tiny",58.870000000000005,"['[3-[[2-[(9Z,12Z)-hexadeca-9,12-dienoyl]oxy-3-hydroxypropoxy]-hydroxyphosphoryl]oxy-2-octadecanoyloxypropyl] (13Z,16Z)-docosa-13,16-dienoate']",['CCCCCCCCCCCCCCCCCC(=O)OC(COC(=O)CCCCCCCCCCC/C=C\\C/C=C\\CCCCC)COP(=O)(O)OCC(CO)OC(=O)CCCCCCC/C=C\\C/C=C\\CCC']
12964,C62H120O16P2,4,"bigmed, large, med, tiny",72.2125,[],[]
14959,C7H14O5,4,"bigmed, large, med, tiny",77.4425,"['(2R,3S,4R,5S,6S)-2-methoxy-6-methyloxane-3,4,5-triol']",['C[C@H]1[C@H]([C@H]([C@@H]([C@@H](O1)OC)O)O)O']
14748,C76H129NO9,4,"bigmed, large, large, tiny",62.295,"['[2-[(3,5-ditert-butyl-4-hydroxyphenyl)methyl]-2-[4-[3-(3,5-ditert-butyl-4-hydroxyphenyl)propanoyloxymethyl]-4-methyl-5H-1,3-oxazol-2-yl]-3-octadecanoyloxypropyl] octadecanoate']",['CCCCCCCCCCCCCCCCCC(=O)OCC(CC1=CC(=C(C(=C1)C(C)(C)C)O)C(C)(C)C)(COC(=O)CCCCCCCCCCCCCCCCC)C2=NC(CO2)(C)COC(=O)CCC3=CC(=C(C(=C3)C(C)(C)C)O)C(C)(C)C']
14747,C76H129NO18,4,"bigmed, large, med, tiny",66.525,"['(4Z,7Z,10Z,13Z,16Z,19Z)-N-[(4E,8E,12E)-1-[5-[3,4-dihydroxy-6-(hydroxymethyl)-5-[3,4,5-trihydroxy-6-(hydroxymethyl)oxan-2-yl]oxyoxan-2-yl]oxy-3,4-dihydroxy-6-(hydroxymethyl)oxan-2-yl]oxy-3-hydroxyhexatriaconta-4,8,12-trien-2-yl]docosa-4,7,10,13,16,19-hexaenamide']",['CCCCCCCCCCCCCCCCCCCCCCC/C=C/CC/C=C/CC/C=C/C(C(COC1C(C(C(C(O1)CO)OC2C(C(C(C(O2)CO)OC3C(C(C(C(O3)CO)O)O)O)O)O)O)O)NC(=O)CC/C=C\\C/C=C\\C/C=C\\C/C=C\\C/C=C\\C/C=C\\CC)O']
14693,C75H128O16P2,4,"bigmed, large, med, tiny",69.625,"['[3-[[3-[[3-[(10Z,13Z,16Z)-docosa-10,13,16-trienoyl]oxy-2-[(9Z,12Z)-hexadeca-9,12-dienoyl]oxypropoxy]-hydroxyphosphoryl]oxy-2-hydroxypropoxy]-hydroxyphosphoryl]oxy-2-hydroxypropyl] (13Z,16Z,19Z,22Z,25Z)-octacosa-13,16,19,22,25-pentaenoate']",['CCCCC/C=C\\C/C=C\\C/C=C\\CCCCCCCCC(=O)OCC(COP(=O)(O)OCC(COP(=O)(O)OCC(COC(=O)CCCCCCCCCCC/C=C\\C/C=C\\C/C=C\\C/C=C\\C/C=C\\CC)O)O)OC(=O)CCCCCCC/C=C\\C/C=C\\CCC']
14614,C74H131NO9,4,"bigmed, large, large, tiny",61.3525,[],[]
14613,C74H131NO18,4,"bigmed, large, med, tiny",60.105,"['(22Z,25Z,28Z)-N-[(4E,8E,12E)-1-[5-[3,4-dihydroxy-6-(hydroxymethyl)-5-[3,4,5-trihydroxy-6-(hydroxymethyl)oxan-2-yl]oxyoxan-2-yl]oxy-3,4-dihydroxy-6-(hydroxymethyl)oxan-2-yl]oxy-3-hydroxyicosa-4,8,12-trien-2-yl]hexatriaconta-22,25,28-trienamide']",['CCCCCCC/C=C/CC/C=C/CC/C=C/C(C(COC1C(C(C(C(O1)CO)OC2C(C(C(C(O2)CO)OC3C(C(C(C(O3)CO)O)O)O)O)O)O)O)NC(=O)CCCCCCCCCCCCCCCCCCCC/C=C\\C/C=C\\C/C=C\\CCCCCCC)O']
14518,C73H132O16P2,4,"bigmed, large, med, tiny",64.13,"['[3-[[3-[[3-hexadecanoyloxy-2-[(Z)-tetradec-9-enoyl]oxypropoxy]-hydroxyphosphoryl]oxy-2-hydroxypropoxy]-hydroxyphosphoryl]oxy-2-hydroxypropyl] (19Z,22Z,25Z,28Z,31Z)-tetratriaconta-19,22,25,28,31-pentaenoate']",['CCCCCCCCCCCCCCCC(=O)OCC(COP(=O)(O)OCC(COP(=O)(O)OCC(COC(=O)CCCCCCCCCCCCCCCCC/C=C\\C/C=C\\C/C=C\\C/C=C\\C/C=C\\CC)O)O)OC(=O)CCCCCCC/C=C\\CCCC']
14510,C73H130O16P2,4,"bigmed, large, med, tiny",78.13,"['[2-hydroxy-3-[hydroxy-[2-hydroxy-3-[hydroxy-[3-[(Z)-octadec-9-enoyl]oxy-2-[(Z)-tetradec-9-enoyl]oxypropoxy]phosphoryl]oxypropoxy]phosphoryl]oxypropyl] (17Z,20Z,23Z,26Z,29Z)-dotriaconta-17,20,23,26,29-pentaenoate']",['CCCCCCCC/C=C\\CCCCCCCC(=O)OCC(COP(=O)(O)OCC(COP(=O)(O)OCC(COC(=O)CCCCCCCCCCCCCCC/C=C\\C/C=C\\C/C=C\\C/C=C\\C/C=C\\CC)O)O)OC(=O)CCCCCCC/C=C\\CCCC']
14473,C73H121O9P,4,"bigmed, large, med, tiny",57.6125,[],[]
14459,C73H118O11,4,"bigmed, large, med, tiny",78.7775,"['1-butan-2-yl-4-(1-ethoxyethoxy)benzene;4-butan-2-ylphenol;1-ethenyl-4-(1-ethoxyethoxy)benzene;bis((1-ethylcyclopentyl) 2,2-dimethylbutanoate);(1-ethylcyclopentyl) 2-methylprop-2-enoate']",['CCC(C)C1=CC=C(C=C1)O.CCC(C)C1=CC=C(C=C1)OC(C)OCC.CCC1(CCCC1)OC(=O)C(=C)C.CCC1(CCCC1)OC(=O)C(C)(C)CC.CCC1(CCCC1)OC(=O)C(C)(C)CC.CCOC(C)OC1=CC=C(C=C1)C=C']
14451,C73H106O6,4,"bigmed, large, med, tiny",56.145,"['[2-[(7Z,10Z,13Z,16Z,19Z)-docosa-7,10,13,16,19-pentaenoyl]oxy-3-[(4Z,7Z,10Z,13Z)-hexadeca-4,7,10,13-tetraenoyl]oxypropyl] (5Z,8Z,11Z,14Z,17Z,20Z,23Z,26Z,29Z)-dotriaconta-5,8,11,14,17,20,23,26,29-nonaenoate']",['CC/C=C\\C/C=C\\C/C=C\\C/C=C\\CCC(=O)OCC(COC(=O)CCC/C=C\\C/C=C\\C/C=C\\C/C=C\\C/C=C\\C/C=C\\C/C=C\\C/C=C\\C/C=C\\CC)OC(=O)CCCCC/C=C\\C/C=C\\C/C=C\\C/C=C\\C/C=C\\CC']
14297,C71H131NO5,4,"bigmed, large, med, tiny",67.8675,"['[(12Z,15Z)-30-[[(E)-1,3-dihydroxynonadec-4-en-2-yl]amino]-30-oxotriaconta-12,15-dienyl] (13Z,16Z)-docosa-13,16-dienoate']",['CCCCCCCCCCCCCC/C=C/C(C(CO)NC(=O)CCCCCCCCCCCCC/C=C\\C/C=C\\CCCCCCCCCCCOC(=O)CCCCCCCCCCC/C=C\\C/C=C\\CCCCC)O']
14251,C71H118O14,4,"bigmed, large, med, tiny",72.205,"['[1-[(14Z,17Z,20Z)-octacosa-14,17,20-trienoxy]-3-[3,4,5-trihydroxy-6-[[3,4,5-trihydroxy-6-(hydroxymethyl)oxan-2-yl]oxymethyl]oxan-2-yl]oxypropan-2-yl] (7Z,10Z,13Z,16Z,19Z,22Z,25Z)-octacosa-7,10,13,16,19,22,25-heptaenoate']",['CCCCCCC/C=C\\C/C=C\\C/C=C\\CCCCCCCCCCCCCOCC(COC1C(C(C(C(O1)COC2C(C(C(C(O2)CO)O)O)O)O)O)O)OC(=O)CCCCC/C=C\\C/C=C\\C/C=C\\C/C=C\\C/C=C\\C/C=C\\C/C=C\\CC']
14242,C71H116O14,4,"bigmed, large, med, tiny",70.82000000000001,"['[1-[(10Z,13Z,16Z,19Z,22Z,25Z)-octacosa-10,13,16,19,22,25-hexaenoxy]-3-[3,4,5-trihydroxy-6-[[3,4,5-trihydroxy-6-(hydroxymethyl)oxan-2-yl]oxymethyl]oxan-2-yl]oxypropan-2-yl] (13Z,16Z,19Z,22Z,25Z)-octacosa-13,16,19,22,25-pentaenoate']",['CC/C=C\\C/C=C\\C/C=C\\C/C=C\\C/C=C\\CCCCCCCCCCCC(=O)OC(COCCCCCCCCC/C=C\\C/C=C\\C/C=C\\C/C=C\\C/C=C\\C/C=C\\CC)COC1C(C(C(C(O1)COC2C(C(C(C(O2)CO)O)O)O)O)O)O']
14129,C70H114NO11P,4,"bigmed, large, med, tiny",66.63,[],[]
14125,C70H112O14,4,"bigmed, large, med, tiny",74.1525,"['(4S,4aS,7S,7aS)-4,7-dimethyl-4,4a,5,6,7,7a-hexahydro-3H-cyclopenta[c]pyran-1-one;(4R,4aS,7S,7aS)-4,7-dimethyl-4,4a,5,6,7,7a-hexahydro-3H-cyclopenta[c]pyran-1-one;(4S,4aR,7S,7aS)-4,7-dimethyl-4,4a,5,6,7,7a-hexahydro-3H-cyclopenta[c]pyran-1-one;(4S,4aS,7S,7aR)-4,7-dimethyl-4,4a,5,6,7,7a-hexahydro-3H-cyclopenta[c]pyran-1-one;(4R,4aR,7S,7aS)-4,7-dimethyl-4,4a,5,6,7,7a-hexahydro-3H-cyclopenta[c]pyran-1-one;(4S,4aR,7S,7aR)-4,7-dimethyl-4,4a,5,6,7,7a-hexahydro-3H-cyclopenta[c]pyran-1-one;(4R,4aR,7S,7aR)-4,7-dimethyl-4,4a,5,6,7,7a-hexahydro-3H-cyclopenta[c]pyran-1-one']",['C[C@H]1CC[C@H]2[C@@H]1C(=O)OC[C@H]2C.C[C@H]1CC[C@H]2[C@H]1C(=O)OC[C@H]2C.C[C@H]1CC[C@@H]2[C@@H]1C(=O)OC[C@H]2C.C[C@H]1CC[C@@H]2[C@H]1C(=O)OC[C@H]2C.C[C@H]1CC[C@H]2[C@@H]1C(=O)OC[C@@H]2C.C[C@H]1CC[C@H]2[C@H]1C(=O)OC[C@@H]2C.C[C@H]1CC[C@@H]2[C@H]1C(=O)OC[C@@H]2C']
14084,C6H5ClO3,4,"bigmed, large, med, tiny",54.07,['2-(chloromethyl)-5-hydroxypyran-4-one'],['C1=C(OC=C(C1=O)O)CCl']
14061,C6H14S,4,"bigmed, large, med, tiny",75.8275,['hexane-1-thiol'],['CCCCCCS']
14025,C6H11NO,4,"bigmed, large, med, tiny",86.0125,['azepan-2-one'],['C1CCC(=O)NCC1']
13974,C69H130O14,4,"bigmed, large, med, tiny",63.885,"['[1-[(Z)-octacos-17-enoxy]-3-[3,4,5-trihydroxy-6-[[3,4,5-trihydroxy-6-(hydroxymethyl)oxan-2-yl]oxymethyl]oxan-2-yl]oxypropan-2-yl] (Z)-hexacos-15-enoate']",['CCCCCCCCCC/C=C\\CCCCCCCCCCCCCCCCOCC(COC1C(C(C(C(O1)COC2C(C(C(C(O2)CO)O)O)O)O)O)O)OC(=O)CCCCCCCCCCCCC/C=C\\CCCCCCCCCC']
14955,C7H14O,4,"bigmed, large, med, tiny",80.06,['heptan-2-one'],['CCCCCC(=O)C']
14968,C7H16N4O,4,"bigmed, large, med, tiny",85.8175,['N-[4-(diaminomethylideneamino)butyl]acetamide'],['CC(=O)NCCCCN=C(N)N']
13018,C63H102O15,4,"bigmed, large, med, tiny",69.72749999999999,"['[2-[(7Z,10Z,13Z,16Z,19Z)-docosa-7,10,13,16,19-pentaenoyl]oxy-3-[3,4,5-trihydroxy-6-[[3,4,5-trihydroxy-6-(hydroxymethyl)oxan-2-yl]oxymethyl]oxan-2-yl]oxypropyl] (14Z,17Z,20Z,23Z)-hexacosa-14,17,20,23-tetraenoate']",['CC/C=C\\C/C=C\\C/C=C\\C/C=C\\CCCCCCCCCCCCC(=O)OCC(COC1C(C(C(C(O1)COC2C(C(C(C(O2)CO)O)O)O)O)O)O)OC(=O)CCCCC/C=C\\C/C=C\\C/C=C\\C/C=C\\C/C=C\\CC']
15089,C8H10O5S,4,"bigmed, large, med, tiny",75.4,['[4-(2-hydroxyethyl)phenyl] hydrogen sulfate'],['C1=CC(=CC=C1CCO)OS(=O)(=O)O']
15339,C9H7N,4,"bigmed, large, med, tiny",84.6975,['quinoline'],['C1=CC=C2C(=C1)C=CC=N2']
15321,C9H19NO4,4,"bigmed, large, med, tiny",64.655,"['(2R)-2,4-dihydroxy-N-(3-hydroxypropyl)-3,3-dimethylbutanamide']",['CC(C)(CO)[C@H](C(=O)NCCCO)O']
15318,C9H19NO,4,"bigmed, large, med, tiny",99.6925,"['N,N-dibutylformamide']",['CCCCN(CCCC)C=O']
15307,C9H18N6,4,"bigmed, large, med, tiny",75.45,"['2-N,2-N,4-N,4-N,6-N,6-N-hexamethyl-1,3,5-triazine-2,4,6-triamine']",['CN(C)C1=NC(=NC(=N1)N(C)C)N(C)C']
15306,C9H18N4O3,4,"bigmed, large, med, tiny",82.03,['2-[[[(3S)-3-amino-3-(2-aminocyclopropyl)propanoyl]amino]-methylamino]acetic acid'],['CN(CC(=O)O)NC(=O)C[C@@H](C1CC1N)N']
15295,C9H17NO3,4,"large, med, tiny, tiny",74.3,"['4-(2,2-dimethylpropanoylamino)butanoic acid']",['CC(C)(C)C(=O)NCCCC(=O)O']
15288,C9H17N3O4,4,"large, med, med, tiny",71.9875,['(2S)-2-[[(2S)-2-[[(2S)-2-aminopropanoyl]amino]propanoyl]amino]propanoic acid'],['C[C@@H](C(=O)N[C@@H](C)C(=O)N[C@@H](C)C(=O)O)N']
15284,C9H16O4,4,"bigmed, large, med, tiny",75.14,['nonanedioic acid'],['C(CCCC(=O)O)CCCC(=O)O']
15276,C9H16N3O2,4,"bigmed, large, med, tiny",75.4125,['[(1S)-1-carboxy-2-(1H-imidazol-5-yl)ethyl]-trimethylazanium'],['C[N+](C)(C)[C@@H](CC1=CN=CN1)C(=O)O']
15272,C9H16N2O4,4,"bigmed, large, med, tiny",65.53,"['(3aR,4R,5R,6R,6aS)-2-(dimethylamino)-6-(hydroxymethyl)-4,5,6,6a-tetrahydro-3aH-cyclopenta[d][1,3]oxazole-4,5-diol']",['CN(C)C1=N[C@@H]2[C@H]([C@@H]([C@H]([C@@H]2O1)CO)O)O']
15265,C9H15NO2,4,"bigmed, large, med, tiny",79.3825,['1-azabicyclo[2.2.2]octan-3-yl acetate'],['CC(=O)OC1CN2CCC1CC2']
15247,C9H13NO7,4,"bigmed, large, med, tiny",73.2875,['(2S)-2-(3-carboxypropanoylamino)pentanedioic acid'],['C(CC(=O)O)[C@@H](C(=O)O)NC(=O)CCC(=O)O']
15242,C9H13N3O4,4,"bigmed, large, med, tiny",71.925,"['4-amino-1-[(2R,4S,5R)-4-hydroxy-5-(hydroxymethyl)oxolan-2-yl]pyrimidin-2-one']",['C1[C@@H]([C@H](O[C@H]1N2C=CC(=NC2=O)N)CO)O']
15220,C9H11N3O,4,"bigmed, large, med, tiny",84.82,['3-[(2S)-1-nitrosopyrrolidin-2-yl]pyridine'],['C1C[C@H](N(C1)N=O)C2=CN=CC=C2']
15171,C8H19N,4,"bigmed, large, med, tiny",88.5175,['octan-1-amine'],['CCCCCCCCN']
15170,C8H18O5,4,"bigmed, large, med, tiny",95.96,['2-[2-[2-(2-hydroxyethoxy)ethoxy]ethoxy]ethanol'],['C(COCCOCCOCCO)O']
15147,C8H16O4,4,"large, large, med, tiny",76.825,"['2,4,6,8-tetramethyl-1,3,5,7-tetraoxocane']",['CC1OC(OC(OC(O1)C)C)C']
15139,C8H16,4,"bigmed, large, med, tiny",86.4575,['oct-1-ene'],['CCCCCCC=C']
15113,C8H14,4,"bigmed, large, med, tiny",87.5925,"['2,5-dimethylhexa-2,4-diene']",['CC(=CC=C(C)C)C']
13915,C69H117NO7,4,"bigmed, large, med, tiny",80.255,[],[]
13906,C69H114O15,4,"bigmed, large, med, tiny",60.5075,"['methyl 60-[4-(2-methylprop-2-enoyloxy)butanoyloxy]-7,13,19,25,31,37,43,49,55-nonaoxohexacontanoate']",['CC(=C)C(=O)OCCCC(=O)OCCCCCC(=O)CCCCCC(=O)CCCCCC(=O)CCCCCC(=O)CCCCCC(=O)CCCCCC(=O)CCCCCC(=O)CCCCCC(=O)CCCCCC(=O)CCCCCC(=O)OC']
13885,C69H107NO8,4,"bigmed, large, med, tiny",74.705,"['(6Z,9Z,12Z,15Z,18Z,21Z,24Z,27Z,30Z,33Z,36Z,39Z)-N-[(4E,8E,12E)-3-hydroxy-1-[3,4,5-trihydroxy-6-(hydroxymethyl)oxan-2-yl]oxyhenicosa-4,8,12-trien-2-yl]dotetraconta-6,9,12,15,18,21,24,27,30,33,36,39-dodecaenamide']",['CCCCCCCC/C=C/CC/C=C/CC/C=C/C(C(COC1C(C(C(C(O1)CO)O)O)O)NC(=O)CCCC/C=C\\C/C=C\\C/C=C\\C/C=C\\C/C=C\\C/C=C\\C/C=C\\C/C=C\\C/C=C\\C/C=C\\C/C=C\\C/C=C\\CC)O']
13884,C69H107NO7,4,"bigmed, large, med, tiny",71.8425,"['N-[2-[2-[4-[hydroxy(diphenyl)methyl]phenoxy]ethoxy]ethyl]-3,4,5-tris(11-methyldodecoxy)benzamide']",['CC(C)CCCCCCCCCCOC1=CC(=CC(=C1OCCCCCCCCCCC(C)C)OCCCCCCCCCCC(C)C)C(=O)NCCOCCOC2=CC=C(C=C2)C(C3=CC=CC=C3)(C4=CC=CC=C4)O']
13302,C64H125NO10,4,"bigmed, large, med, tiny",74.755,"['N-[(E)-3,4-dihydroxy-1-[3,4,5-trihydroxy-6-(hydroxymethyl)oxan-2-yl]oxyheptacos-8-en-2-yl]-2-hydroxyhentriacontanamide']",['CCCCCCCCCCCCCCCCCCCCCCCCCCCCCC(C(=O)NC(COC1C(C(C(C(O1)CO)O)O)O)C(C(CCC/C=C/CCCCCCCCCCCCCCCCCC)O)O)O']
13235,C64H113O8P,4,"bigmed, large, med, tiny",60.7275,['octadecyl 3-[3-tert-butyl-4-[[2-tert-butyl-6-methyl-4-(3-octadecoxy-3-oxopropyl)phenyl]-trihydroxy-lambda5-phosphanyl]oxy-5-methylphenyl]propanoate'],['CCCCCCCCCCCCCCCCCCOC(=O)CCC1=CC(=C(C(=C1)C)OP(C2=C(C=C(C=C2C)CCC(=O)OCCCCCCCCCCCCCCCCCC)C(C)(C)C)(O)(O)O)C(C)(C)C']
13230,C64H112O10,4,"bigmed, large, med, tiny",53.9275,"['[2,2-bis(hydroxymethyl)-3-[2-(hydroxymethyl)-3-[(9Z,12Z)-octadeca-9,12-dienoyl]oxy-2-[[(9Z,12Z)-octadeca-9,12-dienoyl]oxymethyl]propoxy]propyl] (9Z,12Z)-octadeca-9,12-dienoate']",['CCCCC/C=C\\C/C=C\\CCCCCCCC(=O)OCC(COCC(COC(=O)CCCCCCC/C=C\\C/C=C\\CCCCC)(COC(=O)CCCCCCC/C=C\\C/C=C\\CCCCC)CO)(CO)CO']
13227,C64H111O11P,4,"bigmed, large, med, tiny",61.5,"['[3-[(2-hexadecanoyloxy-3-hydroxypropoxy)-hydroxyphosphoryl]oxy-2-[(11Z,14Z)-icosa-11,14-dienoyl]oxypropyl] (7Z,10Z,13Z,16Z,19Z)-docosa-7,10,13,16,19-pentaenoate']",['CCCCCCCCCCCCCCCC(=O)OC(CO)COP(=O)(O)OCC(COC(=O)CCCCC/C=C\\C/C=C\\C/C=C\\C/C=C\\C/C=C\\CC)OC(=O)CCCCCCCCC/C=C\\C/C=C\\CCCCC']
13216,C64H110O10,4,"bigmed, large, med, tiny",62.05,['ethene;bis(4-[3-(oxan-2-yloxy)propoxy]cyclohexane-1-carboxylic acid);1-propyl-4-[4-[2-[4-(4-propylcyclohexyl)cyclohexyl]ethynyl]cyclohexyl]cyclohexane'],['CCCC1CCC(CC1)C2CCC(CC2)C#CC3CCC(CC3)C4CCC(CC4)CCC.C=C.C1CCOC(C1)OCCCOC2CCC(CC2)C(=O)O.C1CCOC(C1)OCCCOC2CCC(CC2)C(=O)O']
13214,C64H110NO8P,4,"bigmed, large, med, tiny",78.58500000000001,"['[(2R)-3-[(18Z,21Z,24Z,27Z,30Z)-hexatriaconta-18,21,24,27,30-pentaenoyl]oxy-2-[(5Z,8Z,11Z,14Z)-icosa-5,8,11,14-tetraenoyl]oxypropyl] 2-(trimethylazaniumyl)ethyl phosphate']",['CCCCC/C=C\\C/C=C\\C/C=C\\C/C=C\\CCCC(=O)O[C@H](COC(=O)CCCCCCCCCCCCCCCC/C=C\\C/C=C\\C/C=C\\C/C=C\\C/C=C\\CCCCC)COP(=O)([O-])OCC[N+](C)(C)C']
13213,C64H110NO11P,4,"bigmed, large, med, tiny",75.9225,"['[(3R,4R,5S,6R)-5-diphenoxyphosphoryloxy-2-hydroxy-6-(hydroxymethyl)-3-[[(3R)-3-hydroxytetradecanoyl]amino]oxan-4-yl] 3-undecylhenicosanoate']",['CCCCCCCCCCCCCCCCCCC(CCCCCCCCCCC)CC(=O)O[C@H]1[C@@H]([C@H](OC([C@@H]1NC(=O)C[C@@H](CCCCCCCCCCC)O)O)CO)OP(=O)(OC2=CC=CC=C2)OC3=CC=CC=C3']
13212,C64H110NO10P,4,"bigmed, large, med, tiny",73.18,[],[]
13204,C64H107O9P,4,"bigmed, large, large, med",78.69749999999999,[],[]
13203,C64H107O8P,4,"bigmed, large, med, tiny",78.3325,[],[]
13202,C64H107O10P,4,"bigmed, large, med, tiny",76.83500000000001,[],[]
13194,C64H106O12S,4,"bigmed, large, med, tiny",67.61,"['[tris(2,4,6-tripentoxyphenyl)-lambda4-sulfanyl] hydrogen carbonate']",['CCCCCOC1=CC(=C(C(=C1)OCCCCC)S(C2=C(C=C(C=C2OCCCCC)OCCCCC)OCCCCC)(C3=C(C=C(C=C3OCCCCC)OCCCCC)OCCCCC)OC(=O)O)OCCCCC']
13091,C63H113O9P,4,"bigmed, large, med, tiny",59.45,[],[]
13090,C63H113O8P,4,"bigmed, large, med, tiny",53.425,[],[]
13088,C63H113O10P,4,"bigmed, large, med, tiny",68.465,[],[]
13078,C63H112O12S,4,"bigmed, large, med, tiny",72.16,"['[1-[3,5-dihydroxy-6-(hydroxymethyl)-4-sulfooxyoxan-2-yl]oxy-3-[(Z)-hexacos-15-enoxy]propan-2-yl] (13Z,16Z,19Z,22Z,25Z)-octacosa-13,16,19,22,25-pentaenoate']",['CCCCCCCCCC/C=C\\CCCCCCCCCCCCCCOCC(COC1C(C(C(C(O1)CO)O)OS(=O)(=O)O)O)OC(=O)CCCCCCCCCCC/C=C\\C/C=C\\C/C=C\\C/C=C\\C/C=C\\CC']
13069,C63H111NO10,4,"bigmed, large, med, tiny",66.8025,"['[4,5-dihydroxy-2-[(E)-3-hydroxy-2-[[(9Z,12Z,15Z,18Z)-2-hydroxytetracosa-9,12,15,18-tetraenoyl]amino]heptadec-4-enoxy]-6-(hydroxymethyl)oxan-3-yl] (Z)-hexadec-7-enoate']",['CCCCCCCCCCCC/C=C/C(C(COC1C(C(C(C(O1)CO)O)O)OC(=O)CCCCC/C=C\\CCCCCCCC)NC(=O)C(CCCCCC/C=C\\C/C=C\\C/C=C\\C/C=C\\CCCCC)O)O']
13034,C63H106NO11P,4,"bigmed, large, med, tiny",61.6275,[],[]
13033,C63H106NO10P,4,"bigmed, large, med, tiny",64.265,[],[]
13350,C65H105NO9,4,"bigmed, large, med, tiny",69.7075,"['[(2R,4S,5S)-2-[4-(dimethylamino)butanoyloxymethyl]-4,5-bis[[(9Z,12Z,15Z)-octadeca-9,12,15-trienoyl]oxy]oxolan-3-yl] (9Z,12Z,15Z)-octadeca-9,12,15-trienoate']",['CC/C=C\\C/C=C\\C/C=C\\CCCCCCCC(=O)O[C@@H]1[C@@H](O[C@@H](C1OC(=O)CCCCCCC/C=C\\C/C=C\\C/C=C\\CC)COC(=O)CCCN(C)C)OC(=O)CCCCCCC/C=C\\C/C=C\\C/C=C\\CC']
13352,C65H106O10,4,"bigmed, large, med, tiny",68.0175,"['1-adamantylmethoxymethyl 10-(2,2-dimethylbutanoyloxy)tetracyclo[6.2.1.13,6.02,7]dodecane-4-carboxylate;1-adamantylmethoxymethyl 10-(2-methylbutanoyloxy)tetracyclo[6.2.1.13,6.02,7]dodecane-4-carboxylate;methane']",['C.C.C.C.CCC(C)C(=O)OC1CC2CC1C3C2C4CC3C(C4)C(=O)OCOCC56CC7CC(C5)CC(C7)C6.CCC(C)(C)C(=O)OC1CC2CC1C3C2C4CC3C(C4)C(=O)OCOCC56CC7CC(C5)CC(C7)C6']
13366,C65H109NO10,4,"bigmed, large, med, tiny",68.6575,"['[4,5-dihydroxy-2-[(E)-3-hydroxy-2-[[(9Z,11E,13E)-2-hydroxyhexadeca-9,11,13-trienoyl]amino]heptadec-4-enoxy]-6-(hydroxymethyl)oxan-3-yl] (11Z,14Z,17Z,20Z,23Z)-hexacosa-11,14,17,20,23-pentaenoate']",['CCCCCCCCCCCC/C=C/C(C(COC1C(C(C(C(O1)CO)O)O)OC(=O)CCCCCCCCC/C=C\\C/C=C\\C/C=C\\C/C=C\\C/C=C\\CC)NC(=O)C(CCCCCC/C=C\\C=C\\C=C\\CC)O)O']
13636,C67H107NO10,4,"bigmed, large, med, tiny",59.307500000000005,"['[4,5-dihydroxy-2-[(E)-3-hydroxy-2-[[(9Z,12Z,15Z,18Z,21Z)-2-hydroxytetracosa-9,12,15,18,21-pentaenoyl]amino]heptadec-4-enoxy]-6-(hydroxymethyl)oxan-3-yl] (7E,9E,11Z,13E,15E,17Z)-icosa-7,9,11,13,15,17-hexaenoate']",['CCCCCCCCCCCC/C=C/C(C(COC1C(C(C(C(O1)CO)O)O)OC(=O)CCCCC/C=C/C=C/C=C\\C=C\\C=C\\C=C/CC)NC(=O)C(CCCCCC/C=C\\C/C=C\\C/C=C\\C/C=C\\C/C=C\\CC)O)O']
13854,C68H130O9,4,"bigmed, large, med, tiny",58.58,[],[]
13835,C68H128NO8P,4,"bigmed, large, med, tiny",65.7075,"['[2-[(18Z,21Z,24Z)-dotriaconta-18,21,24-trienoyl]oxy-3-[(Z)-octacos-17-enoyl]oxypropyl] 2-(trimethylazaniumyl)ethyl phosphate']",['CCCCCCCCCC/C=C\\CCCCCCCCCCCCCCCC(=O)OCC(COP(=O)([O-])OCC[N+](C)(C)C)OC(=O)CCCCCCCCCCCCCCCC/C=C\\C/C=C\\C/C=C\\CCCCCCC']
13834,C68H128N2O22,4,"bigmed, large, med, tiny",80.5875,"['N-[1-[5-[(3R)-1-[4-[(4S)-5-acetamido-1-[3-[(3S,5R)-3,5-dihydroxy-6-(hydroxymethyl)oxan-2-yl]propyl]-8-hydroxy-2-(hydroxymethyl)-3,7-dioxabicyclo[4.1.1]octan-4-yl]-1,3-dihydroxybutan-2-yl]oxy-2,3-dihydroxybutoxy]-3,4-dihydroxy-6-(hydroxymethyl)oxan-2-yl]oxy-3-hydroxyoctadecan-2-yl]octadecanamide']",['CCCCCCCCCCCCCCCCCC(=O)NC(COC1C(C(C(C(O1)CO)OC(C([C@@H](C)O)O)OC(CO)C(C[C@H]2C(C3C(C(O3)(C(O2)CO)CCCC4[C@H](C[C@H](C(O4)CO)O)O)O)NC(=O)C)O)O)O)C(CCCCCCCCCCCCCCC)O']
13831,C68H127O10P,4,"bigmed, large, med, tiny",52.1875,[],[]
13750,C68H106O12,4,"bigmed, large, med, tiny",75.07,"['3,4-dihydroxy-5-[3,4,5-tris[[(Z)-octadec-9-enoyl]oxy]benzoyl]oxybenzoic acid']",['CCCCCCCC/C=C\\CCCCCCCC(=O)OC1=CC(=CC(=C1OC(=O)CCCCCCC/C=C\\CCCCCCCC)OC(=O)CCCCCCC/C=C\\CCCCCCCC)C(=O)OC2=CC(=CC(=C2O)O)C(=O)O']
13749,C68H106O11,4,"bigmed, large, med, tiny",79.98,"['[(2R,3R,4S,5R,6R)-6-[(2S,3S,4R,5R)-3,4-bis(octa-1,3-dienoxy)-2,5-bis(octa-1,3-dienoxymethyl)oxolan-2-yl]oxy-3,4,5-tris(octa-1,3-dienoxy)oxan-2-yl]methanol']",['CCCCC=CC=COC[C@@H]1[C@H]([C@@H]([C@](O1)(COC=CC=CCCCC)O[C@@H]2[C@@H]([C@H]([C@@H]([C@H](O2)CO)OC=CC=CCCCC)OC=CC=CCCCC)OC=CC=CCCCC)OC=CC=CCCCC)OC=CC=CCCCC']
13709,C67H125O8P,4,"bigmed, large, large, med",73.725,[],[]
13642,C67H109NO7,4,"bigmed, large, med, tiny",75.26,"['(1R,3aS,5aR,5bR,9S,11aR,13aR)-5a,5b,8,8,11a-pentamethyl-9-(propanoylamino)-1-prop-1-en-2-yl-1,2,3,4,5,6,7,7a,9,10,11,11b,12,13,13a,13b-hexadecahydrocyclopenta[a]chrysene-3a-carboxylic acid;(1R,3aS,5aR,5bR,9S,11aR,13aR)-5a,5b,8,8,11a-pentamethyl-9-propanoyloxy-1-prop-1-en-2-yl-1,2,3,4,5,6,7,7a,9,10,11,11b,12,13,13a,13b-hexadecahydrocyclopenta[a]chrysene-3a-carboxylic acid;methane']",['C.CCC(=O)N[C@H]1CC[C@@]2(C3CC[C@@H]4C5[C@@H](CC[C@@]5(CC[C@]4([C@@]3(CCC2C1(C)C)C)C)C(=O)O)C(=C)C)C.CCC(=O)O[C@H]1CC[C@@]2(C3CC[C@@H]4C5[C@@H](CC[C@@]5(CC[C@]4([C@@]3(CCC2C1(C)C)C)C)C(=O)O)C(=C)C)C']
13625,C67H103NO9,4,"bigmed, large, med, tiny",65.7125,[],[]
13373,C65H110O12S,4,"bigmed, large, med, tiny",75.945,"['[1-[3,5-dihydroxy-6-(hydroxymethyl)-4-sulfooxyoxan-2-yl]oxy-3-[(16Z,19Z,22Z,25Z)-octacosa-16,19,22,25-tetraenoxy]propan-2-yl] (13Z,16Z,19Z,22Z,25Z)-octacosa-13,16,19,22,25-pentaenoate']",['CC/C=C\\C/C=C\\C/C=C\\C/C=C\\CCCCCCCCCCCCCCCOCC(COC1C(C(C(C(O1)CO)O)OS(=O)(=O)O)O)OC(=O)CCCCCCCCCCC/C=C\\C/C=C\\C/C=C\\C/C=C\\C/C=C\\CC']
13624,C67H103NO8,4,"bigmed, large, med, tiny",59.4225,"['(6Z,9Z,12Z,15Z,18Z,21Z,24Z,27Z,30Z,33Z,36Z,39Z)-N-[(4E,8E,12E)-3-hydroxy-1-[3,4,5-trihydroxy-6-(hydroxymethyl)oxan-2-yl]oxynonadeca-4,8,12-trien-2-yl]dotetraconta-6,9,12,15,18,21,24,27,30,33,36,39-dodecaenamide']",['CCCCCC/C=C/CC/C=C/CC/C=C/C(C(COC1C(C(C(C(O1)CO)O)O)O)NC(=O)CCCC/C=C\\C/C=C\\C/C=C\\C/C=C\\C/C=C\\C/C=C\\C/C=C\\C/C=C\\C/C=C\\C/C=C\\C/C=C\\C/C=C\\CC)O']
13623,C67H103NO7,4,"bigmed, large, med, tiny",55.8875,[],[]
13571,C66H123NO10,4,"bigmed, large, large, med",64.7875,"['(21Z,24Z)-N-[(8E,12E)-3,4-dihydroxy-1-[3,4,5-trihydroxy-6-(hydroxymethyl)oxan-2-yl]oxydocosa-8,12-dien-2-yl]-2-hydroxyoctatriaconta-21,24-dienamide']",['CCCCCCCCCCCCC/C=C\\C/C=C\\CCCCCCCCCCCCCCCCCCC(C(=O)NC(COC1C(C(C(C(O1)CO)O)O)O)C(C(CCC/C=C/CC/C=C/CCCCCCCCC)O)O)O']
13520,C66H111O8P,4,"bigmed, large, med, tiny",66.885,[],[]
13506,C66H108O12,4,"bigmed, large, med, tiny",68.13,"['[(1R,3S,4R,6S)-4,5,6-trihydroxy-1,2,3-tris(4-propylcyclohexanecarbonyl)-2,3-bis[(4-propylcyclohexanecarbonyl)oxy]cyclohexyl] 4-propylcyclohexane-1-carboxylate']",['CCCC1CCC(CC1)C(=O)[C@@]2([C@@H](C([C@@H]([C@@](C2(C(=O)C3CCC(CC3)CCC)OC(=O)C4CCC(CC4)CCC)(C(=O)C5CCC(CC5)CCC)OC(=O)C6CCC(CC6)CCC)O)O)O)OC(=O)C7CCC(CC7)CCC']
13505,C66H108O11,4,"bigmed, large, med, tiny",70.00999999999999,[],[]
13504,C66H108O10,4,"bigmed, large, med, tiny",77.295,"['3,7-dimethyloct-6-en-3-yl acetate;methyl 2-hydroxybenzoate;phenol;trans-(1R,5R)-5-methyl-2-propan-2-ylcyclohexan-1-ol;1,7,7-trimethylbicyclo[2.2.1]heptan-2-one;bis(1,3,3-trimethyl-2-oxabicyclo[2.2.2]octane)']",['CCC(C)(CCC=C(C)C)OC(=O)C.C[C@@H]1CCC([C@@H](C1)O)C(C)C.CC1(C2CCC(O1)(CC2)C)C.CC1(C2CCC(O1)(CC2)C)C.CC1(C2CCC1(C(=O)C2)C)C.COC(=O)C1=CC=CC=C1O.C1=CC=C(C=C1)O']
13378,C65H111O10P,4,"bigmed, large, med, tiny",57.4975,[],[]
9999,C49H83NO7,4,"bigmed, large, med, tiny",65.725,"['4-[2-[(7Z,10Z,13Z,16Z,19Z)-docosa-7,10,13,16,19-pentaenoyl]oxy-3-[(Z)-heptadec-9-enoyl]oxypropoxy]-2-(trimethylazaniumyl)butanoate']",['CCCCCCC/C=C\\CCCCCCCC(=O)OCC(COCCC(C(=O)[O-])[N+](C)(C)C)OC(=O)CCCCC/C=C\\C/C=C\\C/C=C\\C/C=C\\C/C=C\\CC']
9955,C49H78O9,4,"bigmed, large, med, tiny",54.425,"['[1-[(5Z,8Z,11Z,14Z,17Z)-icosa-5,8,11,14,17-pentaenoxy]-3-[3,4,5-trihydroxy-6-(hydroxymethyl)oxan-2-yl]oxypropan-2-yl] (8Z,11Z,14Z,17Z)-icosa-8,11,14,17-tetraenoate']",['CC/C=C\\C/C=C\\C/C=C\\C/C=C\\CCCCCCC(=O)OC(COCCCC/C=C\\C/C=C\\C/C=C\\C/C=C\\C/C=C\\CC)COC1C(C(C(C(O1)CO)O)O)O']
9931,C49H75O10P,4,"bigmed, large, med, tiny",71.7225,[],[]
7230,C39H74NO7P,4,"bigmed, large, med, tiny",67.02,"['[(2R)-1-[2-aminoethoxy(hydroxy)phosphoryl]oxy-3-[(Z)-hexadec-1-enoxy]propan-2-yl] (9Z,12Z)-octadeca-9,12-dienoate']",['CCCCCCCCCCCCCC/C=C\\OC[C@H](COP(=O)(O)OCCN)OC(=O)CCCCCCC/C=C\\C/C=C\\CCCCC']
7189,C39H71N2O6P,4,"bigmed, large, large, tiny",60.9625,"['[(4E,8E,12E)-3-hydroxy-2-[[(11Z,14Z)-icosa-11,14-dienoyl]amino]tetradeca-4,8,12-trienyl] 2-(trimethylazaniumyl)ethyl phosphate']",['CCCCC/C=C\\C/C=C\\CCCCCCCCCC(=O)NC(COP(=O)([O-])OCC[N+](C)(C)C)C(/C=C/CC/C=C/CC/C=C/C)O']
7157,C39H68NO6P,4,"bigmed, large, med, tiny",61.975,[None],['C[C@@H]1CC(OC2C1[C@]3(CC[C@]4(C[C@@]45CC[C@@H](C(C5)(C)C)OC6CN(CCO6)C7CCOCC7)[C@H]([C@@]3(C2)C)CCP)C)[C@@H](C(C)(C)O)O']
7137,C39H66O5,4,"bigmed, large, med, tiny",80.35,"['[(2S)-3-hydroxy-2-[(9Z,12Z,15Z)-octadeca-9,12,15-trienoyl]oxypropyl] (9Z,12Z)-octadeca-9,12-dienoate']",['CCCCC/C=C\\C/C=C\\CCCCCCCC(=O)OC[C@H](CO)OC(=O)CCCCCCC/C=C\\C/C=C\\C/C=C\\CC']
7114,C39H65NO6,4,"bigmed, large, med, tiny",72.035,"['(3R,5R,8R,9S,10S,12S,13R,14S,17R)-17-[(2R)-5-aminopentan-2-yl]-10,13-dimethyl-3-[[(1S,4S,5R,8S,9R,10S,12R,13R)-1,5,9-trimethyl-11,14,15,16-tetraoxatetracyclo[10.3.1.04,13.08,13]hexadecan-10-yl]oxy]-2,3,4,5,6,7,8,9,11,12,14,15,16,17-tetradecahydro-1H-cyclopenta[a]phenanthren-12-ol']",['C[C@@H]1CC[C@H]2[C@H]([C@H](O[C@H]3[C@@]24[C@H]1CC[C@@](O3)(OO4)C)O[C@@H]5CC[C@]6([C@@H](C5)CC[C@@H]7[C@@H]6C[C@@H]([C@]8([C@H]7CC[C@@H]8[C@H](C)CCCN)C)O)C)C']
7113,C39H65NO5,4,"bigmed, large, med, tiny",65.7875,"['(2S)-2-[[(1R,3aS,5aR,5bR,7aR,9S,11aR,11bR,13aR,13bS)-9-hydroxy-5a,5b,8,8,11a-pentamethyl-1-(3-propoxyprop-1-en-2-yl)-1,2,3,4,5,6,7,7a,9,10,11,11b,12,13,13a,13b-hexadecahydrocyclopenta[a]chrysene-3a-carbonyl]amino]-4-methylpentanoic acid']",['CCCOCC(=C)[C@@H]1CC[C@]2([C@H]1[C@H]3CC[C@@H]4[C@]5(CC[C@@H](C([C@@H]5CC[C@]4([C@@]3(CC2)C)C)(C)C)O)C)C(=O)N[C@@H](CC(C)C)C(=O)O']
7110,C39H65NO10,4,"bigmed, large, med, tiny",68.68,"['[(2R,3R,5R,10S,12S,13R,14S,17R)-17-[(2R,5R)-5,6-dihydroxy-6-methylheptan-2-yl]-2,12-dihydroxy-4,4,10,13,14-pentamethyl-2,3,5,6,7,11,12,15,16,17-decahydro-1H-cyclopenta[a]phenanthren-3-yl] 3-hydroxy-5-[(2-methoxy-2-oxoethyl)amino]-3-methyl-5-oxopentanoate']",['C[C@H](CC[C@H](C(C)(C)O)O)[C@H]1CC[C@@]2([C@@]1([C@H](CC3=C2CC[C@@H]4[C@@]3(C[C@H]([C@@H](C4(C)C)OC(=O)CC(C)(CC(=O)NCC(=O)OC)O)O)C)O)C)C']
7101,C39H64NO6P,4,"bigmed, large, med, tiny",88.52,[],[]
7088,C39H62O6,4,"bigmed, large, med, tiny",73.545,"['4-[[(1R,3aS,5aR,5bR,7aR,9S,11aR,11bR,13aR,13bR)-5a,5b,8,8,11a-pentamethyl-1-prop-1-en-2-yl-3a-propoxycarbonyl-1,2,3,4,5,6,7,7a,9,10,11,11b,12,13,13a,13b-hexadecahydrocyclopenta[a]chrysen-9-yl]oxy]-2,2-dimethyl-4-oxobutanoic acid']",['CCCOC(=O)[C@]12CC[C@H]([C@@H]1[C@H]3CC[C@@H]4[C@]5(CC[C@@H](C([C@@H]5CC[C@]4([C@@]3(CC2)C)C)(C)C)OC(=O)CC(C)(C)C(=O)O)C)C(=C)C']
7087,C39H62O5,4,"bigmed, large, med, tiny",68.7825,"['[(2S)-1-hydroxy-3-[(Z)-tetradec-9-enoyl]oxypropan-2-yl] (4Z,7Z,10Z,13Z,16Z,19Z)-docosa-4,7,10,13,16,19-hexaenoate']",['CCCC/C=C\\CCCCCCCC(=O)OC[C@H](CO)OC(=O)CC/C=C\\C/C=C\\C/C=C\\C/C=C\\C/C=C\\C/C=C\\CC']
7048,C39H57O15P,4,"large, large, med, tiny",57.56,[],[]
7041,C39H54O4,4,"bigmed, large, med, tiny",65.745,"['(1R,3aS,5aR,5bR,7aR,11aS,11bR,13aR,13bR)-9-[3-(2-carboxyethyl)phenyl]-5a,5b,8,8,11a-pentamethyl-1-prop-1-en-2-yl-1,2,3,4,5,6,7,7a,11,11b,12,13,13a,13b-tetradecahydrocyclopenta[a]chrysene-3a-carboxylic acid']",['CC(=C)[C@@H]1CC[C@]2([C@H]1[C@H]3CC[C@H]4[C@]([C@@]3(CC2)C)(CC[C@@H]5[C@@]4(CC=C(C5(C)C)C6=CC=CC(=C6)CCC(=O)O)C)C)C(=O)O']
7018,C38H75O10P,4,"bigmed, large, med, tiny",63.010000000000005,"['[(2R)-3-[[(2S)-2,3-dihydroxypropoxy]-hydroxyphosphoryl]oxy-2-hexadecanoyloxypropyl] hexadecanoate']",['CCCCCCCCCCCCCCCC(=O)OC[C@H](COP(=O)(O)OC[C@H](CO)O)OC(=O)CCCCCCCCCCCCCCC']
7010,C38H75N2O7P,4,"bigmed, large, med, tiny",72.31,"['2-aminoethyl [(E,2S,3R)-3-hydroxy-2-[[(Z)-2-hydroxydocos-13-enoyl]amino]tetradec-4-enyl] hydrogen phosphate']",['CCCCCCCCC/C=C/[C@H]([C@H](COP(=O)(O)OCCN)NC(=O)C(CCCCCCCCCC/C=C\\CCCCCCCC)O)O']
6996,C38H73NO8,4,"large, large, large, med",58.27,"['N-[(Z)-3-hydroxy-1-[(2R,3R,4S,5R,6R)-3,4,5-trihydroxy-6-(hydroxymethyl)oxan-2-yl]oxyoctadec-4-en-2-yl]tetradecanamide']",['CCCCCCCCCCCCC/C=C\\C(C(CO[C@H]1[C@@H]([C@H]([C@H]([C@H](O1)CO)O)O)O)NC(=O)CCCCCCCCCCCCC)O']
6977,C38H72NO7P,4,"bigmed, large, med, tiny",71.83500000000001,"['[(2R)-1-[2-aminoethoxy(hydroxy)phosphoryl]oxy-3-[(Z)-hexadec-1-enoxy]propan-2-yl] (9Z,12Z)-heptadeca-9,12-dienoate']",['CCCCCCCCCCCCCC/C=C\\OC[C@H](COP(=O)(O)OCCN)OC(=O)CCCCCCC/C=C\\C/C=C\\CCCC']
6948,C38H70O13S,4,"bigmed, large, med, tiny",84.745,[],[]
6886,C38H65NO7,4,"bigmed, large, med, tiny",56.4375,"['(1S,4R,5R,6R,8R,10S,11R,12S,13R,16R,18S,21R)-8-[(1S)-1-ethoxy-2-hydroxy-2-methylpropyl]-18-[(2S)-4-(2-hydroxyethyl)morpholin-2-yl]oxy-4,6,12,17,17-pentamethyl-9-oxahexacyclo[11.9.0.01,21.04,12.05,10.016,21]docosan-11-ol']",['CCO[C@@H]([C@H]1C[C@H]([C@H]2[C@H](O1)[C@@H]([C@@]3([C@@]2(CC[C@]45[C@H]3CC[C@@H]6[C@]4(C5)CC[C@@H](C6(C)C)O[C@H]7CN(CCO7)CCO)C)C)O)C)C(C)(C)O']
6885,C38H65NO6S,4,"bigmed, large, med, tiny",71.665,"['5-[[(3aR,5aR,5bR,9S,11aR,13aR,13bR)-5a,5b,8,8,11a-pentamethyl-3a-[3-[methyl(methylsulfonyl)amino]propyl]-1,2,3,4,5,6,7,7a,9,10,11,11b,12,13,13a,13b-hexadecahydrocyclopenta[a]chrysen-9-yl]oxy]-3,3-dimethyl-5-oxopentanoic acid']",['C[C@@]12CC[C@]3(CCC[C@@H]3[C@H]1CCC4[C@]2(CCC5[C@@]4(CC[C@@H](C5(C)C)OC(=O)CC(C)(C)CC(=O)O)C)C)CCCN(C)S(=O)(=O)C']
6829,C38H60O4,4,"bigmed, large, med, tiny",63.4175,"['[(1S,4R,12R,13S,16S,17S)-17-hydroxy-12-methyl-8-oxapentacyclo[14.2.1.01,13.04,12.05,9]nonadeca-5(9),6,10-trien-17-yl]methyl octadecanoate']",['CCCCCCCCCCCCCCCCCC(=O)OC[C@@]1(C[C@@]23CC[C@H]4C5=C(C=C[C@@]4([C@H]2CC[C@H]1C3)C)OC=C5)O']
7196,C39H71NO7,4,"bigmed, large, med, tiny",60.465,"['4-[2-[(11Z,14Z)-henicosa-11,14-dienoyl]oxy-3-octanoyloxypropoxy]-2-(trimethylazaniumyl)butanoate']",['CCCCCCCC(=O)OCC(COCCC(C(=O)[O-])[N+](C)(C)C)OC(=O)CCCCCCCCC/C=C\\C/C=C\\CCCCCC']
7232,C39H74O10,4,"bigmed, large, med, tiny",66.6375,"['[(2S)-2-tetradecanoyloxy-3-[(2R,3R,4S,5R,6R)-3,4,5-trihydroxy-6-(hydroxymethyl)oxan-2-yl]oxypropyl] hexadecanoate']",['CCCCCCCCCCCCCCCC(=O)OC[C@H](CO[C@H]1[C@@H]([C@H]([C@H]([C@H](O1)CO)O)O)O)OC(=O)CCCCCCCCCCCCC']
7654,C41H68NO7P,4,"bigmed, large, med, tiny",82.2575,"['[1-[2-aminoethoxy(hydroxy)phosphoryl]oxy-3-[(6Z,9Z,12Z,15Z)-octadeca-6,9,12,15-tetraenoxy]propan-2-yl] (6Z,9Z,12Z,15Z)-octadeca-6,9,12,15-tetraenoate']",['CC/C=C\\C/C=C\\C/C=C\\C/C=C\\CCCCCOCC(COP(=O)(O)OCCN)OC(=O)CCCC/C=C\\C/C=C\\C/C=C\\C/C=C\\CC']
7255,C39H75O9P,4,"bigmed, large, med, tiny",65.41,"['[(2R)-1-[[(2S)-2,3-dihydroxypropoxy]-hydroxyphosphoryl]oxy-3-hexadecoxypropan-2-yl] (9Z,12Z)-heptadeca-9,12-dienoate']",['CCCCCCCCCCCCCCCCOC[C@H](COP(=O)(O)OC[C@H](CO)O)OC(=O)CCCCCCC/C=C\\C/C=C\\CCCC']
7621,C41H65NO10,4,"bigmed, large, med, tiny",61.675,"['(1S,2R,5S,7R,9R,10S,14R,15S,19S)-15-[(2R,5S,6R)-5-(dimethylamino)-6-methyloxan-2-yl]oxy-19-ethyl-14-methyl-7-[(2R,3R,4R,5S,6S)-3,4,5-trimethoxy-6-methyloxan-2-yl]oxy-20-oxatetracyclo[10.10.0.02,10.05,9]docosa-3,11-diene-13,21-dione']",['CC[C@H]1CCC[C@@H]([C@H](C(=O)C2=C[C@H]3[C@@H]4C[C@@H](C[C@H]4C=C[C@H]3[C@@H]2CC(=O)O1)O[C@H]5[C@@H]([C@@H]([C@H]([C@@H](O5)C)OC)OC)OC)C)O[C@H]6CC[C@@H]([C@H](O6)C)N(C)C']
7603,C41H63NO10,4,"bigmed, large, med, tiny",72.4075,"['(1R,9S,12S,13R,14S,17R,18E,21S,23S,24R,25S,27R)-12-[(E)-1-cyclobutylprop-1-en-2-yl]-1,14-dihydroxy-23,25-dimethoxy-13,19,21,27-tetramethyl-17-prop-2-enyl-11,28-dioxa-4-azatricyclo[22.3.1.04,9]octacos-18-ene-2,3,10,16-tetrone']",['C[C@@H]1C[C@@H]([C@@H]2[C@H](C[C@H]([C@@](O2)(C(=O)C(=O)N3CCCC[C@H]3C(=O)O[C@@H]([C@@H]([C@H](CC(=O)[C@@H](/C=C(/C1)\\C)CC=C)O)C)/C(=C/C4CCC4)/C)O)C)OC)OC']
7586,C41H58O5,4,"bigmed, large, med, tiny",59.345,"['methyl 10-[(E)-3-(4-methoxyphenyl)prop-2-enoyl]oxy-2,2,6a,6b,9,9,12a-heptamethyl-1,3,4,5,6,6a,7,8,8a,10,11,12,13,14b-tetradecahydropicene-4a-carboxylate']",['CC1(CCC2(CCC3(C(=CCC4C3(CCC5C4(CCC(C5(C)C)OC(=O)/C=C/C6=CC=C(C=C6)OC)C)C)C2C1)C)C(=O)OC)C']
7570,C40H80NO9P,4,"large, large, med, tiny",59.7125,['(2S)-2-amino-3-[hydroxy-[(2R)-3-icosoxy-2-tetradecanoyloxypropoxy]phosphoryl]oxypropanoic acid'],['CCCCCCCCCCCCCCCCCCCCOC[C@H](COP(=O)(O)OC[C@@H](C(=O)O)N)OC(=O)CCCCCCCCCCCCC']
7544,C40H77O9P,4,"large, large, med, tiny",58.815,"['[(2R)-1-[[(2S)-2,3-dihydroxypropoxy]-hydroxyphosphoryl]oxy-3-[(Z)-icos-1-enoxy]propan-2-yl] (Z)-tetradec-9-enoate']",['CCCCCCCCCCCCCCCCCC/C=C\\OC[C@H](COP(=O)(O)OC[C@H](CO)O)OC(=O)CCCCCCC/C=C\\CCCC']
7543,C40H77O13P,4,"bigmed, large, large, med",57.475,"['[1-dodecanoyloxy-3-[hydroxy-(2,3,4,5,6-pentahydroxycyclohexyl)oxyphosphoryl]oxypropan-2-yl] nonadecanoate']",['CCCCCCCCCCCCCCCCCCC(=O)OC(COC(=O)CCCCCCCCCCC)COP(=O)(O)OC1C(C(C(C(C1O)O)O)O)O']
7521,C40H76NO8P,4,"bigmed, large, med, tiny",60.375,"['[(2R)-2,3-bis[[(Z)-hexadec-9-enoyl]oxy]propyl] 2-(trimethylazaniumyl)ethyl phosphate']",['CCCCCC/C=C\\CCCCCCCC(=O)OC[C@H](COP(=O)([O-])OCC[N+](C)(C)C)OC(=O)CCCCCCC/C=C\\CCCCCC']
7514,C40H75O7P,4,"large, large, med, tiny",63.2525,"['[(2R)-1-[(Z)-icos-1-enoxy]-3-phosphonooxypropan-2-yl] (9Z,12Z)-heptadeca-9,12-dienoate']",['CCCCCCCCCCCCCCCCCC/C=C\\OC[C@H](COP(=O)(O)O)OC(=O)CCCCCCC/C=C\\C/C=C\\CCCC']
7512,C40H75O14P,4,"bigmed, large, med, tiny",60.13,"['[(2R)-3-[2,3-bis(ethoxycarbonyloxy)propoxy-hydroxyphosphoryl]oxy-2-tetradecanoyloxypropyl] tetradecanoate']",['CCCCCCCCCCCCCC(=O)OC[C@H](COP(=O)(O)OCC(COC(=O)OCC)OC(=O)OCC)OC(=O)CCCCCCCCCCCCC']
7433,C40H69O8P,4,"bigmed, large, med, tiny",64.1325,"['[(2R)-1-pentadecanoyloxy-3-phosphonooxypropan-2-yl] (4Z,7Z,10Z,13Z,16Z)-docosa-4,7,10,13,16-pentaenoate']",['CCCCCCCCCCCCCCC(=O)OC[C@H](COP(=O)(O)O)OC(=O)CC/C=C\\C/C=C\\C/C=C\\C/C=C\\C/C=C\\CCCCC']
7429,C40H69NO7,4,"bigmed, large, med, tiny",61.825,"['[(3S,5R,8R,9R,10R,12R,13R,14R,17S)-12-hydroxy-17-[(2S,5S)-5-(2-hydroxypropan-2-yl)-2-methyloxolan-2-yl]-4,4,8,10,14-pentamethyl-2,3,5,6,7,9,11,12,13,15,16,17-dodecahydro-1H-cyclopenta[a]phenanthren-3-yl] (2S)-3-methyl-2-[(2-methylpropan-2-yl)oxycarbonylamino]butanoate']",['CC(C)[C@@H](C(=O)O[C@H]1CC[C@]2([C@H](C1(C)C)CC[C@@]3([C@@H]2C[C@H]([C@H]4[C@]3(CC[C@@H]4[C@@]5(CC[C@H](O5)C(C)(C)O)C)C)O)C)C)NC(=O)OC(C)(C)C']
7428,C40H69NO6S,4,"bigmed, large, med, tiny",63.8575,"['2-[4-[10,13-dimethyl-3-[(Z)-tetradec-9-enoyl]oxy-2,3,4,5,6,7,8,9,11,12,14,15,16,17-tetradecahydro-1H-cyclopenta[a]phenanthren-17-yl]pentanoylamino]ethanesulfonic acid']",['CCCC/C=C\\CCCCCCCC(=O)OC1CCC2(C(C1)CCC3C2CCC4(C3CCC4C(C)CCC(=O)NCCS(=O)(=O)O)C)C']
7418,C40H68O9,4,"bigmed, large, med, tiny",66.235,"['[1-nonoxy-3-[3,4,5-trihydroxy-6-(hydroxymethyl)oxan-2-yl]oxypropan-2-yl] (7Z,10Z,13Z,16Z,19Z)-docosa-7,10,13,16,19-pentaenoate']",['CCCCCCCCCOCC(COC1C(C(C(C(O1)CO)O)O)O)OC(=O)CCCCC/C=C\\C/C=C\\C/C=C\\C/C=C\\C/C=C\\CC']
7365,C40H63NO7,4,"bigmed, large, med, tiny",59.465,[],[]
7314,C3H7ClO2,4,"bigmed, large, med, tiny",54.66,[],[]
7312,C3H5O7P,4,"bigmed, large, med, tiny",79.9975,[],[]
7263,C39H76O12S,4,"bigmed, large, med, tiny",59.9025,[],[]
7262,C39H76O10,4,"bigmed, large, med, tiny",62.2675,[],[]
7261,C39H76NO9P,4,"bigmed, large, med, tiny",73.8175,[],[]
6752,C37H73N2O7P,4,"bigmed, large, large, med",60.62,[],[]
1573,C18H39NO2,4,"bigmed, large, med, tiny",96.375,[],[]
6729,C37H71NO5,4,"bigmed, large, med, tiny",75.38499999999999,[],[]
6714,C37H70NO6P,4,"bigmed, large, med, tiny",62.0925,[],[]
6291,C36H56NO8P,4,"large, large, med, tiny",71.535,[],[]
6265,C36H52O4,4,"bigmed, large, med, tiny",67.325,[],[]
6257,C36H49NO6,4,"bigmed, large, med, tiny",73.845,[],[]
6255,C36H49NO11,4,"bigmed, large, med, tiny",54.8175,[],[]
6238,C35H71NO3,4,"bigmed, large, med, tiny",64.33500000000001,[],[]
6220,C35H69NO3,4,"bigmed, large, med, tiny",65.3875,[],[]
6206,C35H67O8P,4,"bigmed, large, large, med",66.61500000000001,[],[]
6127,C35H61NO4,4,"bigmed, large, med, tiny",73.9175,[],[]
6097,C35H59NO11,4,"bigmed, large, med, tiny",62.2725,[],[]
6070,C35H57NO4,4,"bigmed, large, med, tiny",65.755,[],[]
6069,C35H57NO3,4,"bigmed, large, med, tiny",61.182500000000005,"['(3S,5R,8R,9R,10R,12R,13R,14R,17S)-17-[(2S)-2-hydroxy-5-(2-phenylethylamino)pentan-2-yl]-4,4,8,10,14-pentamethyl-2,3,5,6,7,9,11,12,13,15,16,17-dodecahydro-1H-cyclopenta[a]phenanthrene-3,12-diol']",['C[C@]12CC[C@@H](C([C@@H]1CC[C@@]3([C@@H]2C[C@H]([C@H]4[C@]3(CC[C@@H]4[C@](C)(CCCNCCC5=CC=CC=C5)O)C)O)C)(C)C)O']
6065,C35H57NO10,4,"bigmed, large, med, tiny",67.2675,[],[]
6032,C35H54O13,4,"bigmed, large, med, tiny",71.7625,[],[]
6030,C35H54O10,4,"bigmed, large, med, tiny",76.5325,[],[]
6025,C35H53O8P,4,"bigmed, large, med, tiny",69.725,[],[]
6013,C35H52O5,4,"bigmed, large, med, tiny",90.8925,[],[]
5988,C35H48O9,4,"bigmed, large, med, tiny",73.9675,[],[]
5986,C35H48O14,4,"bigmed, large, med, tiny",66.5825,[],[]
5961,C34H69NO5,4,"bigmed, large, med, tiny",59.0375,[],[]
6362,C36H61O8P,4,"bigmed, large, med, tiny",63.4125,[],[]
6364,C36H62N2O,4,"bigmed, large, med, tiny",69.2975,[],[]
6418,C36H66N4O4,4,"large, large, large, large",60.4975,[],[]
6564,C37H58O11,4,"bigmed, large, med, tiny",80.3825,[],[]
6709,C37H69O14P,4,"bigmed, large, large, tiny",57.3925,[],[]
6685,C37H68NO6P,4,"bigmed, large, large, tiny",60.6125,[],[]
6677,C37H67NO6,4,"bigmed, large, med, tiny",57.3575,[],[]
6636,C37H64NO10P,4,"bigmed, large, med, tiny",75.2125,[],[]
6599,C37H61NO5,4,"bigmed, large, med, tiny",69.64750000000001,[],[]
6595,C37H61NO11,4,"bigmed, large, med, tiny",70.955,[],[]
6584,C37H60NO13P,4,"bigmed, large, med, tiny",64.285,[],[]
6565,C37H58O11P2,4,"bigmed, large, med, tiny",76.1275,[],[]
6559,C37H57O8P,4,"bigmed, large, med, tiny",61.605,[],[]
6426,C36H66O12S,4,"bigmed, large, med, tiny",84.2725,[],[]
6550,C37H56O5,4,"bigmed, large, med, tiny",77.4,[],[]
6547,C37H56O13S,4,"bigmed, large, med, tiny",69.6375,[],[]
6518,C37H51NO8,4,"bigmed, large, med, tiny",62.045,[],[]
6514,C37H50N2O,4,"bigmed, large, med, tiny",57.1175,[],[]
6480,C36H71N2O6P,4,"bigmed, large, med, tiny",73.4625,[],[]
6463,C36H69NO6,4,"bigmed, large, large, tiny",61.745,[],[]
6459,C36H69NO12S,4,"bigmed, large, med, tiny",79.7575,[],[]
6448,C36H68NO6P,4,"bigmed, large, med, tiny",70.2825,[],[]
7632,C41H66NO8P,4,"bigmed, large, med, tiny",56.115,[],[]
7668,C41H69NO7,4,"bigmed, large, med, tiny",76.055,[],[]
9923,C49H74O12,4,"bigmed, large, med, tiny",52.6925,[],[]
9453,C47H80O10,4,"bigmed, large, large, tiny",56.5475,[],[]
9407,C47H76O12,4,"bigmed, large, med, tiny",57.43,[],[]
9370,C47H73NO6,4,"bigmed, large, med, tiny",72.17,[],[]
9365,C47H72O6,4,"bigmed, large, med, tiny",64.0475,[],[]
9346,C47H70O4,4,"large, large, med, tiny",71.0825,[],[]
9338,C47H69O10P,4,"large, large, med, tiny",58.44,[],[]
9281,C46H88NO11P,4,"bigmed, large, med, tiny",56.7175,[],[]
9279,C46H87O8P,4,"bigmed, large, med, tiny",65.32,[],[]
9174,C46H79NO9,4,"bigmed, large, med, tiny",70.57,[],[]
9171,C46H79NO7,4,"bigmed, large, med, tiny",75.015,[],[]
9165,C46H79NO10,4,"bigmed, large, med, tiny",75.9975,[],[]
9139,C46H76O9,4,"bigmed, large, med, tiny",70.24,[],[]
9133,C46H76NO9P,4,"bigmed, large, med, tiny",69.79249999999999,[],[]
9124,C46H75NO7S,4,"bigmed, large, med, tiny",87.4325,[],[]
9085,C46H71NO8,4,"bigmed, large, med, tiny",65.34,[],[]
9084,C46H71NO6,4,"bigmed, large, med, tiny",73.9575,[],[]
8999,C45H86O6,4,"large, large, med, tiny",54.8325,[],[]
8987,C45H85O7P,4,"bigmed, large, large, med",58.835,[],[]
8967,C45H84O15P2,4,"large, large, med, tiny",65.08,[],[]
8947,C45H83NO3,4,"bigmed, large, large, tiny",53.0425,[],[]
9436,C47H79NO5,4,"bigmed, large, med, tiny",66.8125,[],[]
9470,C47H81NO7S,4,"bigmed, large, med, tiny",61.3625,[],[]
7671,C41H69O11P,4,"bigmed, large, med, tiny",58.815,[],[]
9523,C47H84O6,4,"bigmed, large, med, tiny",57.52,[],[]
9838,C48H91NO11S,4,"bigmed, large, med, tiny",54.045,[],[]
9772,C48H85NO11S,4,"bigmed, large, med, tiny",73.8225,[],[]
9760,C48H84NO8P,4,"large, large, med, tiny",56.435,[],[]
9714,C48H80O10,4,"bigmed, large, large, large",68.4,[],[]
9689,C48H78NO8P,4,"bigmed, large, med, tiny",73.1325,[],[]
9678,C48H77NO5,4,"bigmed, large, med, tiny",64.68,[],[]
9677,C48H77NO10,4,"bigmed, large, med, tiny",66.45,[],[]
9670,C48H76NO8P,4,"bigmed, large, med, tiny",53.5625,[],[]
9663,C48H75NO7S,4,"bigmed, large, med, tiny",72.35,[],[]
9654,C48H74O4,4,"bigmed, large, med, tiny",66.04,[],[]
9651,C48H74O10,4,"bigmed, large, med, tiny",67.4875,[],[]
9646,C48H73O9P,4,"bigmed, large, med, tiny",65.58,[],[]
9633,C48H72NO9P,4,"bigmed, large, med, tiny",63.8425,[],[]
9629,C48H71O10P,4,"large, large, med, tiny",55.3275,[],[]
9626,C48H70O12,4,"bigmed, large, med, tiny",58.79,[],[]
9616,C47H95N2O8P,4,"bigmed, large, med, tiny",57.9525,[],[]
9601,C47H92NO9P,4,"bigmed, large, med, tiny",56.235,[],[]
9594,C47H91O14P,4,"large, large, med, tiny",68.6975,[],[]
9582,C47H90O14,4,"bigmed, large, med, tiny",65.435,[],[]
8945,C45H83NO10,4,"bigmed, large, med, tiny",54.7325,[],[]
8879,C45H78O14,4,"bigmed, large, med, tiny",61.1675,[],[]
8857,C45H77NO13,4,"bigmed, large, med, tiny",66.2525,[],[]
8853,C45H77N2O6P,4,"bigmed, large, med, tiny",81.7025,[],[]
8082,C42H81NO13S,4,"bigmed, large, med, tiny",66.425,[],[]
8063,C42H79NO9,4,"bigmed, large, med, tiny",61.115,[],[]
8037,C42H78NO10P,4,"bigmed, large, med, tiny",55.9125,[],[]
8030,C42H77NO3,4,"bigmed, large, med, tiny",54.555,[],[]
7997,C42H75NO12S,4,"bigmed, large, med, tiny",55.74,[],[]
7978,C42H73O7P,4,"bigmed, large, med, tiny",63.735,[],[]
7971,C42H73NO6S,4,"bigmed, large, med, tiny",61.4625,[],[]
7959,C42H72O12,4,"bigmed, large, med, tiny",79.86500000000001,[],[]
7946,C42H71NO7,4,"bigmed, large, med, tiny",74.3125,[],[]
7916,C42H69NO3,4,"bigmed, large, large, med",59.1875,[],[]
7899,C42H67NO7,4,"bigmed, large, med, tiny",64.285,[],[]
7878,C42H63O16P,4,"bigmed, large, med, tiny",57.7925,[],[]
7859,C41H83NO3,4,"large, large, med, tiny",71.74,[],[]
7829,C41H80NO8P,4,"bigmed, large, med, tiny",53.2775,[],[]
7822,C41H79O7P,4,"bigmed, large, med, tiny",76.83250000000001,[],[]
7756,C41H75NO8,4,"bigmed, large, med, tiny",66.795,[],[]
7751,C41H75NO14,4,"bigmed, large, med, tiny",56.697500000000005,[],[]
7712,C41H72NO7P,4,"bigmed, large, med, tiny",73.4675,[],[]
7694,C41H71N2O6P,4,"bigmed, large, med, tiny",74.72749999999999,[],[]
8089,C42H81NO9,4,"bigmed, large, med, tiny",61.4025,[],[]
8110,C42H83NO4,4,"large, large, large, med",58.0225,[],[]
8184,C43H68O4,4,"bigmed, large, med, tiny",64.1575,[],[]
8545,C44H76NO7P,4,"large, large, large, large",60.22,[],[]
8829,C45H75N2O7P,4,"bigmed, large, med, tiny",68.1275,[],[]
8773,C45H68O12,4,"bigmed, large, med, tiny",67.74,[],[]
8766,C45H67O8P,4,"large, large, med, tiny",77.265,[],[]
8748,C45H60O4,4,"bigmed, large, med, tiny",55.0025,[],[]
8706,C44H86NO10P,4,"bigmed, large, med, tiny",69.88250000000001,[],[]
8615,C44H80NO14P,4,"bigmed, large, med, tiny",61.99,[],[]
8566,C44H77NO7S,4,"bigmed, large, med, tiny",78.9625,[],[]
8548,C44H76O10,4,"bigmed, large, med, tiny",61.7325,[],[]
8527,C44H74O9,4,"bigmed, large, med, tiny",76.18,[],[]
8203,C43H70O14,4,"bigmed, large, med, tiny",66.2275,[],[]
8524,C44H74O2,4,"bigmed, large, med, tiny",53.8975,[],[]
8488,C44H72NO9P,4,"bigmed, large, med, tiny",66.4575,[],[]
8425,C44H55CoN4O16,4,"bigmed, large, med, tiny",56.81,[],[]
8395,C43H84O9,4,"large, large, med, tiny",58.505,[],[]
8383,C43H83O11P,4,"bigmed, large, med, tiny",53.7375,[],[]
8256,C43H75N2O6P,4,"bigmed, large, med, tiny",90.9375,[],[]
8249,C43H74O13S,4,"bigmed, large, med, tiny",59.245,[],[]
8211,C43H71NO8,4,"large, large, med, tiny",55.5925,[],[]
1574,C18H39NO3,4,"bigmed, large, med, tiny",89.6375,[],[]
6493,C36H72,4,"bigmed, large, med, tiny",93.8,[],[]
1572,C18H39NO,4,"bigmed, large, med, tiny",97.78,[],[]
176,C11H15NO,4,"bigmed, large, med, tiny",95.9175,[],[]
1530,C18H34O,4,"bigmed, large, med, tiny",91.66,[],[]
1161,C16H33NO2,4,"bigmed, large, med, tiny",73.5375,[],[]
673,C14H22N2O3,4,"bigmed, large, med, tiny",73.1025,[],[]
1523,C18H33NO3S,4,"bigmed, large, med, tiny",75.4975,[],[]
1157,C16H32O3,4,"bigmed, large, med, tiny",96.35,[],[]
1154,C16H32NO9P,4,"bigmed, large, med, tiny",65.11749999999999,[],[]
169,C11H15N3O2,4,"bigmed, large, med, tiny",80.42,[],[]
1514,C18H32O2,4,"large, large, med, tiny",75.3925,[],[]
1142,C16H31NO4S,4,"bigmed, large, med, tiny",62.2575,[],[]
1141,C16H31NO4,4,"bigmed, large, med, tiny",75.785,[],[]
1497,C18H30O6S,4,"bigmed, large, med, tiny",70.215,[],[]
1316,C17H34N10O5,4,"bigmed, large, med, tiny",95.8825,[],[]
297,C12H11N5,4,"bigmed, large, med, tiny",74.235,[],[]
62,C10H16O3,4,"large, large, med, tiny",75.675,[],[]
1493,C18H30O4,4,"bigmed, large, large, tiny",66.8025,[],[]
166,C11H14O5,4,"bigmed, large, med, tiny",81.8475,[],[]
299,C12H11O4P,4,"bigmed, large, med, tiny",88.85,[],[]
723,C14H26N6O4S,4,"bigmed, large, med, tiny",63.517500000000005,[],[]
300,C12H12N2O2,4,"bigmed, large, med, tiny",90.28,[],[]
1531,C18H34O2,4,"bigmed, large, med, tiny",65.58,[],[]
1533,C18H34O4,4,"bigmed, large, med, tiny",77.61500000000001,[],[]
1483,C18H29NO5,4,"bigmed, large, med, tiny",67.0725,[],[]
181,C11H16N2O5,4,"bigmed, large, large, tiny",70.4625,[],[]
1295,C17H32O,4,"bigmed, large, med, tiny",90.5325,[],[]
594,C13H26O2,4,"bigmed, large, med, tiny",66.785,[],[]
43,C10H15N5,4,"bigmed, large, med, tiny",65.8675,[],[]
601,C13H29N,4,"bigmed, large, med, tiny",94.4975,[],[]
1551,C18H36O3,4,"bigmed, large, med, tiny",89.6375,[],[]
1217,C17H22O4,4,"large, large, med, tiny",62.115,[],[]
1216,C17H22O3,4,"bigmed, large, med, tiny",65.0325,[],[]
1550,C18H36O2,4,"bigmed, large, med, tiny",96.3775,[],[]
1549,C18H36O,4,"bigmed, large, med, tiny",97.3575,[],[]
1547,C18H36NO8P,4,"bigmed, large, med, tiny",74.195,[],[]
615,C14H12O3S,4,"bigmed, large, med, tiny",67.9075,[],[]
521,C13H20O2,4,"bigmed, large, med, tiny",71.4475,[],[]
1543,C18H36,4,"bigmed, large, med, tiny",79.76750000000001,[],[]
503,C13H18N4O3,4,"bigmed, large, med, tiny",67.655,[],[]
654,C14H19NO3,4,"bigmed, large, med, tiny",75.41,[],[]
1542,C18H35O7P,4,"bigmed, large, med, tiny",68.675,[],[]
182,C11H16N2O8,4,"bigmed, large, med, tiny",76.7175,[],[]
1173,C16H35NO3,4,"bigmed, large, med, tiny",96.35,[],[]
1170,C16H34O9,4,"bigmed, large, med, tiny",95.5325,[],[]
160,C11H14N4O2,4,"bigmed, large, med, tiny",74.60249999999999,[],[]
728,C14H26O2,4,"bigmed, large, med, tiny",72.7675,[],[]
256,C11H21N5O2,4,"bigmed, large, med, tiny",80.4725,[],[]
1340,C17H36O3,4,"bigmed, large, med, tiny",66.4325,[],[]
1355,C18H15O4P,4,"bigmed, large, med, tiny",87.42,[],[]
126,C10H22O5,4,"bigmed, large, med, tiny",80.595,[],[]
1445,C18H26O4S,4,"bigmed, large, med, tiny",60.0925,[],[]
1443,C18H26O3,4,"bigmed, large, med, tiny",69.7,[],[]
813,C15H18N4O3,4,"bigmed, large, med, tiny",69.2225,[],[]
817,C15H18O4,4,"bigmed, large, med, tiny",63.975,[],[]
1019,C16H20O2,4,"bigmed, large, med, tiny",69.9125,[],[]
828,C15H20O3,4,"bigmed, large, med, tiny",71.2175,[],[]
1433,C18H25N5O6,4,"bigmed, large, med, tiny",81.88,[],[]
847,C15H21NO5,4,"bigmed, large, med, tiny",70.13499999999999,[],[]
857,C15H22O2,4,"bigmed, large, med, tiny",71.925,[],[]
977,C15H33N,4,"bigmed, large, med, tiny",84.25,[],[]
973,C15H31NO,4,"bigmed, large, med, tiny",95.0025,[],[]
865,C15H23N5O3,4,"bigmed, large, med, tiny",60.3425,[],[]
1415,C18H24N2O5,4,"bigmed, large, large, tiny",62.3075,[],[]
410,C12H22O2,4,"bigmed, large, med, tiny",84.25,[],[]
395,C12H21NO4,4,"bigmed, large, med, tiny",64.2975,[],[]
93,C10H18O2,4,"bigmed, large, med, tiny",95.2175,[],[]
366,C12H19N5O4,4,"bigmed, large, med, tiny",59.2275,[],[]
127,C10H22O6,4,"bigmed, large, med, tiny",87.99,[],[]
1044,C16H23N3O5,4,"large, large, med, tiny",72.455,[],[]
729,C14H26O3,4,"bigmed, large, med, tiny",86.6175,[],[]
134,C10H8O3,4,"bigmed, large, med, tiny",81.555,[],[]
730,C14H26O4,4,"bigmed, large, med, tiny",77.4025,[],[]
157,C11H14N2O2,4,"bigmed, large, med, tiny",77.35249999999999,[],[]
1100,C16H28O5,4,"large, large, med, tiny",64.6625,[],[]
1094,C16H28N6O6,4,"bigmed, large, med, tiny",73.1625,[],[]
750,C14H28N6O4,4,"bigmed, large, large, med",64.87,[],[]
754,C14H28O,4,"bigmed, large, med, tiny",99.87,[],[]
460,C12H27O4P,4,"bigmed, large, med, tiny",82.285,[],[]
755,C14H28O2,4,"bigmed, large, med, tiny",87.94,[],[]
458,C12H26O7,4,"bigmed, large, med, tiny",91.6575,[],[]
1071,C16H26N2O3,4,"bigmed, large, med, tiny",66.13250000000001,[],[]
770,C14H30O3,4,"bigmed, large, med, tiny",84.7575,[],[]
447,C12H24O2,4,"bigmed, large, med, tiny",90.6175,[],[]
1329,C17H35N5O4S,4,"bigmed, large, med, tiny",69.845,[],[]
771,C14H30O8,4,"bigmed, large, med, tiny",92.1925,[],[]
446,C12H24O,4,"bigmed, large, med, tiny",79.72,[],[]
772,C14H31N,4,"bigmed, large, med, tiny",98.4425,[],[]
1333,C17H35NO,4,"bigmed, large, med, tiny",89.965,[],[]
439,C12H24N6O2,4,"bigmed, large, med, tiny",71.8675,[],[]
1337,C17H35O9P,4,"bigmed, large, med, tiny",81.79,[],[]
209,C11H18N4O2,4,"bigmed, large, med, tiny",82.995,[],[]
96,C10H18O5,4,"bigmed, large, med, tiny",82.0425,[],[]
1286,C17H31NO8,4,"bigmed, large, med, tiny",65.405,[],[]
543,C13H22O3,4,"bigmed, large, med, tiny",88.5625,[],[]
245,C11H20N4O7,4,"bigmed, large, med, tiny",58.0525,[],[]
1564,C18H38N6O4,4,"bigmed, large, med, tiny",79.145,[],[]
566,C13H24O2,4,"bigmed, large, med, tiny",77.245,[],[]
567,C13H24O3,4,"bigmed, large, med, tiny",60.227500000000006,[],[]
1238,C17H25N3O4,4,"bigmed, large, med, tiny",83.7925,[],[]
218,C11H18O3,4,"bigmed, large, med, tiny",75.96000000000001,[],[]
1570,C18H39N,4,"bigmed, large, med, tiny",82.6825,[],[]
564,C13H24N6O7,4,"bigmed, large, med, tiny",80.8775,[],[]
1569,C18H38O10,4,"bigmed, large, med, tiny",97.385,[],[]
246,C11H20N6O3,4,"bigmed, large, med, tiny",68.4425,[],[]
1264,C17H28N8O4,4,"large, large, med, tiny",60.79,[],[]
575,C13H25NO3,4,"bigmed, large, med, tiny",87.0,[],[]
235,C11H19NO4,4,"bigmed, large, med, tiny",93.6775,[],[]
11086,C53H84O15,3,"bigmed, large, tiny",53.71666666666667,[],[]
5388,C32H61O14P,3,"large, med, tiny",68.69666666666667,[],[]
1022,C16H20O6,3,"bigmed, med, tiny",60.31666666666666,[],[]
11090,C53H85NO5,3,"bigmed, large, tiny",61.14333333333334,[],[]
5395,C32H62NO7P,3,"bigmed, med, tiny",61.44333333333333,[],[]
5390,C32H61O8P,3,"bigmed, large, large",59.60333333333333,[],[]
1026,C16H21N5O2,3,"bigmed, med, tiny",66.01666666666667,[],[]
5371,C32H60O14,3,"bigmed, med, tiny",57.17,[],[]
5380,C32H61NO2,3,"bigmed, large, med",61.72666666666667,[],[]
5377,C32H60O6,3,"bigmed, large, large",66.91333333333334,[],[]
11085,C53H84O13S,3,"bigmed, med, tiny",63.91,[],[]
5367,C32H60NO12P,3,"bigmed, med, tiny",67.33666666666666,[],[]
336,C12H16O5,3,"large, med, tiny",61.623333333333335,[],[]
5348,C32H58O13S,3,"large, med, tiny",80.08333333333333,[],[]
11121,C53H88O4,3,"bigmed, med, tiny",54.68666666666667,[],[]
11127,C53H89NO5,3,"large, med, tiny",55.39333333333334,[],[]
5344,C32H58NO7P,3,"bigmed, med, tiny",73.99666666666667,[],[]
5341,C32H58NO11P,3,"bigmed, med, tiny",68.39999999999999,[],[]
5334,C32H57O12P,3,"bigmed, med, tiny",72.66333333333334,[],[]
11147,C53H91NO9,3,"bigmed, large, tiny",57.473333333333336,[],[]
5323,C32H57N2O7P,3,"large, med, tiny",69.87,[],[]
5312,C32H56O11,3,"bigmed, med, tiny",63.650000000000006,[],[]
5297,C32H55NO4,3,"bigmed, large, tiny",58.54,[],[]
5407,C32H63NO11S,3,"bigmed, large, med",52.26666666666667,[],[]
11080,C53H83NO8,3,"bigmed, med, tiny",59.126666666666665,[],[]
11082,C53H84NO10P,3,"bigmed, med, tiny",55.84,[],[]
3852,C27H44O8,3,"large, med, tiny",63.56,[],[]
5512,C33H52NO8P,3,"bigmed, large, tiny",60.06,[],[]
5500,C33H50O9,3,"bigmed, large, tiny",72.47666666666667,[],[]
11024,C53H105NO4,3,"large, med, tiny",51.85333333333333,[],[]
11034,C53H107N2O7P,3,"bigmed, large, tiny",65.01333333333334,[],[]
11041,C53H76O11,3,"bigmed, med, tiny",65.8,[],[]
1014,C16H20N2O3,3,"bigmed, med, tiny",65.90333333333334,[],[]
11045,C53H78O12,3,"bigmed, large, tiny",55.330000000000005,[],[]
5486,C33H49O13P,3,"bigmed, med, tiny",75.16000000000001,[],[]
5483,C33H49NO9,3,"bigmed, large, med",62.96666666666667,[],[]
1015,C16H20N2O8,3,"bigmed, med, tiny",68.50666666666666,[],[]
1017,C16H20N4O4,3,"bigmed, large, med",64.04666666666667,[],[]
343,C12H17NO3,3,"bigmed, large, tiny",76.00333333333333,[],[]
5471,C33H47NO7,3,"bigmed, large, tiny",59.14000000000001,[],[]
11060,C53H81NO5,3,"large, med, tiny",61.31666666666666,[],[]
11081,C53H83O9P,3,"bigmed, med, tiny",66.74333333333333,[],[]
12730,C61H108NO10P,3,"bigmed, med, tiny",62.25,[],[]
3856,C27H45NO2,3,"bigmed, med, tiny",95.08,[],[]
3859,C27H45NO5S,3,"bigmed, med, tiny",70.58333333333333,[],[]
5465,C33H46N4O6,3,"bigmed, med, tiny",61.00333333333333,[],[]
5457,C33H44O8,3,"large, med, tiny",72.54333333333334,[],[]
3863,C27H45NO7S,3,"bigmed, med, tiny",55.85999999999999,[],[]
342,C12H17NO,3,"bigmed, med, tiny",87.04333333333334,[],[]
340,C12H17N5O5,3,"bigmed, med, tiny",59.16,[],[]
11073,C53H82O14,3,"bigmed, large, tiny",60.65,[],[]
3867,C27H45O7P,3,"bigmed, med, tiny",55.46666666666667,[],[]
5430,C32H65NO5,3,"bigmed, large, large",61.26333333333334,[],[]
3878,C27H46O12,3,"large, med, tiny",80.75,[],[]
5419,C32H64N4O3,3,"bigmed, large, med",55.91333333333333,[],[]
11202,C53H96O2,3,"bigmed, large, tiny",55.61000000000001,[],[]
4176,C28H48O,3,"bigmed, large, med",64.70666666666666,[],[]
1268,C17H28O4,3,"bigmed, med, tiny",77.22000000000001,[],[]
11007,C53H103NO3,3,"bigmed, med, tiny",54.79,[],[]
5156,C31H62N4O3,3,"bigmed, large, med",61.31333333333333,[],[]
3939,C27H50NO11P,3,"bigmed, med, tiny",65.79333333333334,[],[]
5153,C31H61O8P,3,"large, med, tiny",58.79666666666666,[],[]
5148,C31H61O10P,3,"bigmed, large, med",66.29666666666667,[],[]
11358,C54H88O6,3,"bigmed, large, tiny",56.86666666666667,[],[]
11360,C54H89NO10,3,"bigmed, med, tiny",60.96333333333333,[],[]
5138,C31H60O13S,3,"bigmed, med, tiny",59.47,[],[]
1266,C17H28O3,3,"bigmed, med, tiny",60.82,[],[]
11369,C54H90O14,3,"bigmed, med, tiny",67.19333333333333,[],[]
5127,C31H59O10P,3,"bigmed, med, tiny",55.053333333333335,[],[]
5126,C31H59NO9,3,"large, med, tiny",85.35333333333334,[],[]
1064,C16H24O8,3,"bigmed, med, tiny",79.22333333333334,[],[]
5120,C31H59N3O,3,"bigmed, large, tiny",68.89999999999999,[],[]
1067,C16H25N5O6,3,"bigmed, med, tiny",65.27666666666666,[],[]
11371,C54H90O4,3,"large, med, tiny",58.84666666666666,[],[]
11383,C54H91O12P,3,"bigmed, large, med",62.09666666666666,[],[]
3944,C27H50O14,3,"bigmed, large, tiny",65.48,[],[]
5104,C31H57O12P,3,"bigmed, med, tiny",63.61333333333334,[],[]
5099,C31H57NO7,3,"bigmed, med, tiny",95.67,[],[]
11405,C54H95NO11S,3,"bigmed, med, tiny",61.06666666666667,[],[]
5094,C31H57NO10S,3,"bigmed, med, tiny",70.33666666666666,[],[]
11415,C54H96O14,3,"bigmed, med, tiny",56.086666666666666,[],[]
12633,C60H114O9,3,"bigmed, med, tiny",54.46,[],[]
5089,C31H56O9,3,"large, med, tiny",83.94666666666667,[],[]
319,C12H14O,3,"bigmed, med, tiny",85.79,[],[]
5081,C31H56O12S,3,"bigmed, med, tiny",64.17666666666666,[],[]
11451,C55H100O10,3,"bigmed, med, tiny",58.23333333333333,[],[]
5079,C31H56O10,3,"large, med, tiny",70.92666666666666,[],[]
1078,C16H26O5,3,"bigmed, med, tiny",85.40666666666668,[],[]
3932,C27H49O12P,3,"bigmed, med, tiny",59.66666666666666,[],[]
3929,C27H49NO7S,3,"large, med, tiny",52.56333333333333,[],[]
3925,C27H49NO3,3,"bigmed, large, med",57.46666666666667,[],[]
5235,C32H50O10,3,"bigmed, med, tiny",57.79999999999999,[],[]
5287,C32H54O11S,3,"bigmed, med, tiny",62.76333333333333,[],[]
5285,C32H54O10,3,"large, med, tiny",70.84666666666668,[],[]
11214,C53H97O8P,3,"bigmed, med, tiny",62.06666666666666,[],[]
3886,C27H46O7,3,"bigmed, med, tiny",81.03666666666668,[],[]
1046,C16H23N5O,3,"bigmed, med, tiny",77.73666666666666,[],[]
5275,C32H53O7P,3,"bigmed, large, large",58.87,[],[]
1052,C16H24N2O,3,"bigmed, large, med",63.85333333333333,[],[]
1057,C16H24NO5,3,"large, med, tiny",79.63000000000001,[],[]
3889,C27H46O8S,3,"bigmed, med, tiny",84.21666666666667,[],[]
3899,C27H47O11P,3,"bigmed, med, tiny",70.98,[],[]
5248,C32H51NO9,3,"large, med, tiny",55.656666666666666,[],[]
11246,C54H102NO9P,3,"bigmed, med, tiny",62.81999999999999,[],[]
1059,C16H24O3,3,"bigmed, med, tiny",76.10666666666667,[],[]
5229,C32H49O12P,3,"large, med, tiny",62.07333333333333,[],[]
5164,C31H63NO,3,"bigmed, large, med",71.86,[],[]
11274,C54H105NO5,3,"bigmed, large, med",54.31333333333333,[],[]
5223,C32H48O8,3,"bigmed, med, tiny",59.20333333333334,[],[]
5220,C32H48O11,3,"bigmed, med, tiny",60.48333333333333,[],[]
3901,C27H47O8P,3,"large, med, tiny",77.25333333333333,[],[]
11291,C54H107NO3,3,"bigmed, med, tiny",55.32,[],[]
5196,C32H45NO4,3,"bigmed, med, tiny",60.10999999999999,[],[]
5193,C32H44O8,3,"bigmed, med, tiny",70.07333333333332,[],[]
5183,C32H42O8,3,"bigmed, med, tiny",54.01666666666667,[],[]
11326,C54H83O9P,3,"bigmed, med, tiny",56.98666666666667,[],[]
11331,C54H84O15,3,"bigmed, med, tiny",54.35333333333333,[],[]
11332,C54H84O5,3,"bigmed, med, tiny",57.82666666666668,[],[]
3914,C27H48O14,3,"large, med, tiny",72.89333333333333,[],[]
5177,C32H40O8,3,"bigmed, med, tiny",63.453333333333326,[],[]
5290,C32H54O2,3,"bigmed, large, med",61.923333333333325,[],[]
5523,C33H53NO10,3,"large, med, tiny",78.85333333333334,[],[]
5521,C33H52O7,3,"bigmed, med, tiny",91.78333333333336,[],[]
10508,C51H78NO11P,3,"large, med, tiny",56.04666666666666,[],[]
5945,C34H67O12P,3,"bigmed, med, tiny",53.81,[],[]
10519,C51H79NO3,3,"large, med, tiny",54.620000000000005,[],[]
942,C15H29N3O5,3,"bigmed, med, tiny",58.97,[],[]
5927,C34H66NO10P,3,"bigmed, large, tiny",61.20666666666667,[],[]
10535,C51H80O4,3,"bigmed, large, tiny",56.82333333333333,[],[]
10541,C51H81NO7,3,"bigmed, med, tiny",56.03666666666666,[],[]
947,C15H29N7O6,3,"large, med, tiny",71.5,[],[]
3816,C27H42O4,3,"large, large, med",60.3,[],[]
10577,C51H84O13S,3,"bigmed, med, tiny",61.09666666666666,[],[]
10578,C51H84O14,3,"bigmed, large, med",53.6,[],[]
10580,C51H84O4,3,"bigmed, med, tiny",67.28333333333333,[],[]
955,C15H30N4O4,3,"large, med, tiny",93.01333333333332,[],[]
3819,C27H42O6,3,"bigmed, large, med",67.32333333333334,[],[]
10604,C51H86O9,3,"bigmed, med, tiny",55.59333333333333,[],[]
5877,C34H62NO12P,3,"bigmed, med, tiny",59.21,[],[]
5867,C34H61NO5,3,"large, med, tiny",59.46333333333333,[],[]
10624,C51H88O5,3,"bigmed, med, tiny",56.03666666666667,[],[]
10628,C51H89N2O6P,3,"bigmed, large, med",63.56333333333333,[],[]
10632,C51H89NO12S,3,"bigmed, med, tiny",63.78,[],[]
10634,C51H89NO7,3,"bigmed, med, tiny",54.46333333333333,[],[]
3824,C27H43N3O,3,"bigmed, large, med",57.32333333333333,[],[]
5850,C34H60NO7P,3,"bigmed, large, tiny",64.00333333333333,[],[]
959,C15H30N6O5,3,"bigmed, med, tiny",68.56333333333333,[],[]
10658,C51H91NO6S,3,"bigmed, med, tiny",59.36333333333334,[],[]
10664,C51H91O18P,3,"bigmed, med, tiny",59.93000000000001,[],[]
961,C15H30O,3,"bigmed, med, tiny",71.97666666666667,[],[]
5811,C34H57NO10,3,"bigmed, med, tiny",61.89333333333334,[],[]
10673,C51H93NO6S,3,"bigmed, med, tiny",63.31333333333333,[],[]
5804,C34H56O13,3,"bigmed, med, tiny",54.330000000000005,[],[]
5947,C34H68,3,"bigmed, med, tiny",96.73666666666666,[],[]
941,C15H29N3O4S2,3,"bigmed, med, tiny",59.88666666666666,[],[]
5522,C33H52O9,3,"bigmed, med, tiny",58.01,[],[]
10493,C51H74O11,3,"large, med, tiny",60.28333333333333,[],[]
6083,C35H58NO10P,3,"bigmed, large, med",57.24666666666667,[],[]
6079,C35H57O8P,3,"large, med, tiny",62.05666666666667,[],[]
6078,C35H57O7P,3,"large, med, tiny",69.09666666666668,[],[]
6077,C35H57O13P,3,"large, med, tiny",55.99,[],[]
6074,C35H57NO9,3,"bigmed, med, tiny",71.41666666666667,[],[]
10400,C50H93O18P,3,"large, med, tiny",58.30666666666667,[],[]
6057,C35H56O15,3,"large, med, tiny",67.19666666666667,[],[]
10402,C50H93O8P,3,"bigmed, large, med",56.70666666666667,[],[]
10407,C50H94O10,3,"large, med, tiny",60.173333333333325,[],[]
6052,C35H56O10,3,"large, med, tiny",59.203333333333326,[],[]
6049,C35H56NO13P,3,"bigmed, med, tiny",78.47333333333334,[],[]
10408,C50H94O14,3,"large, med, tiny",55.36666666666667,[],[]
10409,C50H94O15,3,"large, med, tiny",50.99333333333333,[],[]
6023,C35H53O13P,3,"bigmed, med, tiny",65.38333333333334,[],[]
10446,C50H97O7P,3,"large, med, tiny",61.43666666666667,[],[]
933,C15H28N6O7,3,"bigmed, med, tiny",86.64666666666666,[],[]
6010,C35H52O13S,3,"bigmed, med, tiny",70.74333333333334,[],[]
10464,C51H100O4,3,"bigmed, med, tiny",62.61000000000001,[],[]
10472,C51H101O7P,3,"bigmed, med, tiny",51.620000000000005,[],[]
5996,C35H50O6,3,"bigmed, med, tiny",57.626666666666665,[],[]
935,C15H28O2,3,"bigmed, med, tiny",71.04,[],[]
937,C15H28O4,3,"bigmed, med, tiny",69.98333333333333,[],[]
5983,C35H48O10,3,"bigmed, med, tiny",58.2,[],[]
10487,C51H68O6,3,"bigmed, med, tiny",59.16,[],[]
5979,C35H46O7,3,"bigmed, large, med",57.8,[],[]
5978,C35H46O2,3,"large, med, tiny",61.72666666666667,[],[]
5973,C35H45NO10,3,"large, med, tiny",62.31,[],[]
5972,C35H44O5,3,"bigmed, med, tiny",56.94,[],[]
10491,C51H72O4,3,"bigmed, large, med",56.57,[],[]
10707,C51H97NO8,3,"large, large, med",58.120000000000005,[],[]
10711,C51H97O8P,3,"bigmed, med, tiny",58.51666666666667,[],[]
5782,C34H55NO3,3,"bigmed, med, tiny",65.81666666666666,[],[]
5779,C34H55NO10,3,"large, med, tiny",58.71,[],[]
5624,C33H60O10,3,"bigmed, med, tiny",79.16666666666667,[],[]
5617,C33H59O7P,3,"large, med, tiny",72.31666666666666,[],[]
12739,C61H109NO6,3,"bigmed, large, med",64.49666666666667,[],[]
10896,C52H90O10,3,"bigmed, large, med",66.14333333333333,[],[]
985,C16H13F2N3O,3,"bigmed, med, tiny",77.54,[],[]
10901,C52H90O7,3,"bigmed, med, tiny",56.15333333333333,[],[]
5602,C33H58O15P2,3,"large, med, tiny",53.56666666666666,[],[]
10918,C52H93NO10,3,"bigmed, large, med",63.03666666666667,[],[]
5598,C33H58O11S,3,"bigmed, med, tiny",79.64333333333333,[],[]
10921,C52H93NO6,3,"bigmed, large, large",50.76666666666667,[],[]
3845,C27H44O3,3,"bigmed, med, tiny",56.89333333333334,[],[]
10928,C52H94NO7P,3,"large, large, med",58.72666666666667,[],[]
10932,C52H94O4,3,"bigmed, med, tiny",51.47,[],[]
10938,C52H95NO6S,3,"large, med, tiny",58.51333333333333,[],[]
5577,C33H57NO15,3,"large, med, tiny",57.86000000000001,[],[]
5571,C33H56O6,3,"large, large, tiny",58.09666666666667,[],[]
5565,C33H56O11,3,"bigmed, med, tiny",66.61,[],[]
10944,C52H96NO7P,3,"large, large, med",56.64333333333334,[],[]
5560,C33H56NO10P,3,"large, med, tiny",75.88,[],[]
10957,C52H97O9P,3,"bigmed, large, tiny",54.44333333333333,[],[]
5553,C33H55NO7,3,"bigmed, med, tiny",94.85666666666668,[],[]
5552,C33H55NO6,3,"bigmed, med, tiny",55.88,[],[]
1270,C17H29N5O4S,3,"bigmed, med, tiny",59.49333333333333,[],[]
997,C16H17N3O4,3,"bigmed, med, tiny",72.47333333333334,[],[]
999,C16H17NO3,3,"bigmed, med, tiny",66.66333333333334,[],[]
10980,C53H100O12,3,"bigmed, large, tiny",54.156666666666666,[],[]
5533,C33H53O12P,3,"bigmed, med, tiny",58.66,[],[]
5531,C33H53O10P,3,"large, med, tiny",79.21,[],[]
11467,C55H102N2O16,3,"bigmed, med, tiny",52.303333333333335,[],[]
5631,C33H61NO10,3,"large, med, tiny",68.04333333333334,[],[]
5635,C33H61NO8,3,"large, large, med",62.00333333333333,[],[]
5646,C33H62O10,3,"bigmed, large, large",59.96666666666666,[],[]
5711,C34H46O10,3,"bigmed, med, tiny",61.86666666666667,[],[]
5771,C34H54O10,3,"large, med, tiny",61.43000000000001,[],[]
5768,C34H53O9P,3,"large, med, tiny",76.01333333333334,[],[]
5761,C34H53NO13,3,"large, med, tiny",71.16666666666667,[],[]
12755,C61H111O11P,3,"bigmed, large, med",59.24333333333334,[],[]
5743,C34H52NO10P,3,"large, med, tiny",76.25999999999999,[],[]
10771,C52H105N2O7P,3,"bigmed, large, med",54.15333333333333,[],[]
5737,C34H51NO10,3,"large, med, tiny",61.083333333333336,[],[]
5736,C34H50O9,3,"bigmed, large, med",63.173333333333325,[],[]
5733,C34H50O6,3,"bigmed, large, large",58.31999999999999,[],[]
5728,C34H50NO12P,3,"large, med, tiny",70.67,[],[]
10785,C52H76O4,3,"large, large, med",55.41333333333333,[],[]
10790,C52H78NO10P,3,"bigmed, large, tiny",54.26666666666667,[],[]
5718,C34H48O10,3,"large, med, tiny",60.76666666666667,[],[]
10808,C52H80O11,3,"bigmed, med, tiny",73.98666666666666,[],[]
351,C12H18N4O2,3,"bigmed, med, tiny",71.55333333333333,[],[]
10809,C52H80O12S,3,"bigmed, med, tiny",53.26,[],[]
12752,C61H110O4,3,"bigmed, large, tiny",53.48,[],[]
12747,C61H110O10,3,"large, large, med",51.63,[],[]
5685,C33H65O12P,3,"bigmed, med, tiny",54.68666666666667,[],[]
10812,C52H80O4,3,"large, large, med",57.82,[],[]
5681,C33H65NO6,3,"bigmed, med, tiny",62.696666666666665,[],[]
975,C15H31O9P,3,"large, med, tiny",81.05,[],[]
10814,C52H80O9,3,"bigmed, large, med",81.06,[],[]
10817,C52H81NO5,3,"bigmed, large, med",57.84,[],[]
5671,C33H64NO7P,3,"bigmed, large, tiny",57.31,[],[]
10830,C52H83N2O6P,3,"bigmed, med, tiny",54.47,[],[]
10834,C52H83NO7,3,"bigmed, med, tiny",56.57333333333333,[],[]
5658,C33H63NO4,3,"bigmed, med, tiny",63.09,[],[]
11466,C55H101O8P,3,"bigmed, med, tiny",59.080000000000005,[],[]
11482,C55H103NO8,3,"bigmed, large, med",65.14666666666666,[],[]
3957,C27H51NO5,3,"bigmed, large, med",57.96666666666667,[],[]
1158,C16H32O4,3,"bigmed, med, tiny",89.45666666666666,[],[]
4521,C29H53NO8S,3,"bigmed, med, tiny",57.01666666666667,[],[]
4520,C29H53NO8,3,"large, med, tiny",69.07000000000001,[],[]
4512,C29H52O9S,3,"bigmed, med, tiny",70.63000000000001,[],[]
1184,C17H17ClN6O3,3,"bigmed, med, tiny",70.28,[],[]
1185,C17H17ClO6,3,"bigmed, med, tiny",64.22,[],[]
4507,C29H52O22P4,3,"bigmed, large, med",56.74666666666667,[],[]
1190,C17H18N2O,3,"large, med, tiny",74.32333333333334,[],[]
12105,C57H98O9,3,"bigmed, large, med",58.370000000000005,[],[]
4489,C29H51O13P,3,"large, med, tiny",67.86,[],[]
12523,C5H7N5O,3,"bigmed, med, tiny",87.14333333333333,[],[]
4474,C29H50O7,3,"bigmed, med, tiny",58.79,[],[]
4470,C29H50O2,3,"bigmed, med, tiny",56.77333333333333,[],[]
4117,C28H44O3,3,"bigmed, large, tiny",59.97,[],[]
4468,C29H50O13,3,"large, med, tiny",77.76666666666667,[],[]
1193,C17H18O7,3,"bigmed, med, tiny",79.46666666666667,[],[]
4451,C29H49NO4,3,"bigmed, large, tiny",62.443333333333335,[],[]
4448,C29H48O8S,3,"bigmed, med, tiny",66.98,[],[]
4446,C29H48O6S,3,"bigmed, med, tiny",61.18333333333334,[],[]
4441,C29H48O14,3,"large, med, tiny",74.79,[],[]
4436,C29H48NO8P,3,"large, med, tiny",77.69333333333334,[],[]
4427,C29H47NO7,3,"bigmed, med, tiny",54.68,[],[]
12187,C58H109O10P,3,"bigmed, large, med",73.53666666666668,[],[]
12193,C58H110NO8P,3,"bigmed, med, tiny",54.49333333333333,[],[]
4413,C29H46O4,3,"bigmed, med, tiny",72.88,[],[]
12194,C58H110NO9P,3,"bigmed, large, med",52.06666666666666,[],[]
4406,C29H46N2O,3,"large, med, tiny",58.78,[],[]
4391,C29H44O12,3,"large, med, tiny",66.95666666666666,[],[]
12221,C58H112O6,3,"bigmed, med, tiny",51.01666666666667,[],[]
12248,C58H117NO4,3,"bigmed, med, tiny",55.59666666666666,[],[]
4529,C29H54NO12P,3,"large, med, tiny",70.02333333333333,[],[]
1177,C17H12O5,3,"bigmed, med, tiny",72.09666666666668,[],[]
4106,C28H43NO8,3,"bigmed, med, tiny",54.74,[],[]
4568,C29H57N2O8P,3,"bigmed, med, tiny",62.84,[],[]
4057,C28H39NO3,3,"bigmed, med, tiny",73.38666666666666,[],[]
4059,C28H39NO6,3,"bigmed, med, tiny",62.20666666666667,[],[]
4586,C29H59NO,3,"large, med, tiny",68.70333333333333,[],[]
4582,C29H58NO7P,3,"large, large, med",52.92666666666667,[],[]
4578,C29H57O8P,3,"bigmed, med, tiny",63.17666666666667,[],[]
4065,C28H40O10,3,"bigmed, med, tiny",67.26333333333334,[],[]
12535,C5H9NO,3,"bigmed, med, tiny",86.44333333333333,[],[]
1169,C16H34O,3,"large, med, tiny",78.83333333333333,[],[]
12010,C57H113N2O6P,3,"large, large, med",52.28333333333333,[],[]
4572,C29H57NO7,3,"bigmed, large, med",69.39666666666666,[],[]
4571,C29H57NO5,3,"bigmed, med, tiny",57.156666666666666,[],[]
4086,C28H42O11,3,"bigmed, med, tiny",58.156666666666666,[],[]
4570,C29H57NO4,3,"bigmed, med, tiny",63.73666666666667,[],[]
4567,C29H57N2O7P,3,"large, med, tiny",77.59333333333333,[],[]
12530,C5H8O,3,"bigmed, med, tiny",85.80666666666666,[],[]
4565,C29H56O9,3,"large, large, med",63.32333333333333,[],[]
12020,C57H115NO3,3,"bigmed, med, tiny",58.10333333333333,[],[]
4091,C28H42O7,3,"large, med, tiny",64.51333333333334,[],[]
12041,C57H88O9,3,"large, med, tiny",66.37333333333333,[],[]
4546,C29H55N3O,3,"large, med, tiny",65.46333333333332,[],[]
4541,C29H54O5,3,"bigmed, med, tiny",62.5,[],[]
12042,C57H89NO10,3,"large, med, tiny",52.77666666666666,[],[]
4539,C29H54O3,3,"bigmed, med, tiny",84.48333333333333,[],[]
4538,C29H54O21P4,3,"bigmed, large, tiny",71.61333333333333,[],[]
12043,C57H89NO7,3,"large, med, tiny",56.79333333333333,[],[]
4095,C28H42O9,3,"bigmed, med, tiny",62.32999999999999,[],[]
4100,C28H43NO5,3,"bigmed, large, med",66.14,[],[]
248,C11H20O,3,"bigmed, med, tiny",73.52333333333333,[],[]
4380,C29H42O9,3,"bigmed, med, tiny",68.41666666666667,[],[]
4379,C29H42O8,3,"bigmed, med, tiny",63.55,[],[]
4377,C29H42O6S,3,"large, med, tiny",70.11333333333333,[],[]
4155,C28H46O8,3,"large, med, tiny",71.69666666666667,[],[]
12389,C59H112O14,3,"bigmed, large, tiny",68.31666666666666,[],[]
12510,C5H13NO,3,"bigmed, med, tiny",91.07,[],[]
12399,C59H113O10P,3,"bigmed, large, tiny",60.39333333333334,[],[]
12405,C59H114O12S,3,"bigmed, large, tiny",60.25,[],[]
12406,C59H114O13S,3,"bigmed, med, tiny",66.55,[],[]
4248,C28H52O4,3,"large, large, med",60.54333333333333,[],[]
12411,C59H115NO11S,3,"bigmed, large, tiny",59.51333333333334,[],[]
4244,C28H52O10,3,"bigmed, med, tiny",68.92333333333333,[],[]
1226,C17H23N5O7,3,"large, med, tiny",82.57333333333334,[],[]
265,C11H21NO7,3,"bigmed, med, tiny",62.080000000000005,[],[]
262,C11H21NO3,3,"large, med, tiny",57.7,[],[]
12426,C59H117O9P,3,"bigmed, med, tiny",55.18333333333334,[],[]
4230,C28H51NO8,3,"large, med, tiny",54.77666666666667,[],[]
4156,C28H47N3O3,3,"bigmed, med, tiny",64.49,[],[]
12384,C59H112NO8P,3,"large, large, med",53.446666666666665,[],[]
257,C11H21N5O3,3,"large, med, tiny",66.66000000000001,[],[]
12435,C59H88O11,3,"bigmed, med, tiny",74.86333333333333,[],[]
12438,C59H90O11,3,"bigmed, med, tiny",52.95666666666667,[],[]
4216,C28H50O4S,3,"large, med, tiny",58.723333333333336,[],[]
4215,C28H50O4,3,"bigmed, med, tiny",57.92666666666667,[],[]
4210,C28H50NO9P,3,"large, med, tiny",74.71,[],[]
4164,C28H47NO6S,3,"bigmed, med, tiny",53.98,[],[]
4209,C28H50NO6P,3,"bigmed, med, tiny",62.64000000000001,[],[]
12500,C5H11NO,3,"bigmed, med, tiny",85.52333333333333,[],[]
12473,C59H96NO11P,3,"bigmed, large, med",58.2,[],[]
4170,C28H47O9P,3,"bigmed, med, tiny",62.53333333333333,[],[]
1234,C17H24O4,3,"bigmed, med, tiny",64.86,[],[]
4181,C28H48O2,3,"bigmed, med, tiny",67.46666666666667,[],[]
4268,C28H54O4,3,"large, med, tiny",83.83,[],[]
4139,C28H46NO11P,3,"large, med, tiny",59.94,[],[]
12260,C58H90O10,3,"large, med, tiny",55.54333333333333,[],[]
4340,C29H39NO10,3,"bigmed, med, tiny",63.22666666666667,[],[]
4373,C29H42O2,3,"bigmed, large, med",56.93000000000001,[],[]
4119,C28H44O4S,3,"bigmed, large, tiny",54.75333333333333,[],[]
12281,C58H94O4,3,"bigmed, med, tiny",62.34666666666666,[],[]
4368,C29H42N2O3,3,"large, med, tiny",74.88666666666667,[],[]
4367,C29H41NO8,3,"bigmed, med, tiny",74.69,[],[]
4121,C28H44O5S,3,"bigmed, med, tiny",60.126666666666665,[],[]
12282,C58H94O5,3,"bigmed, large, med",63.36000000000001,[],[]
12296,C58H96O6,3,"large, med, tiny",62.97666666666667,[],[]
4122,C28H44O6S,3,"bigmed, large, med",60.68333333333334,[],[]
12301,C58H97O9P,3,"bigmed, med, tiny",58.03333333333333,[],[]
1202,C17H20O6,3,"bigmed, med, tiny",68.64,[],[]
12309,C58H98O9,3,"large, med, tiny",57.370000000000005,[],[]
12522,C5H6O5,3,"bigmed, large, med",81.90333333333332,[],[]
4333,C29H38O4,3,"bigmed, med, tiny",53.97666666666667,[],[]
12382,C59H111O9P,3,"bigmed, med, tiny",59.99333333333333,[],[]
4332,C29H38O3,3,"large, med, tiny",57.34666666666666,[],[]
4310,C29H34N4,3,"bigmed, med, tiny",65.53333333333333,[],[]
4304,C28H61O12P,3,"bigmed, med, tiny",67.21,[],[]
4303,C28H59N2O7P,3,"large, med, tiny",71.33666666666666,[],[]
4302,C28H59N2O6P,3,"bigmed, med, tiny",63.203333333333326,[],[]
1214,C17H22N6O2,3,"large, med, tiny",55.943333333333335,[],[]
4288,C28H57N2O6P,3,"large, med, tiny",72.12333333333333,[],[]
12518,C5H6O,3,"bigmed, med, tiny",86.44333333333333,[],[]
12363,C59H108O9,3,"bigmed, large, tiny",58.50666666666667,[],[]
1247,C17H26N4O,3,"large, med, tiny",66.31,[],[]
4282,C28H56NO7P,3,"bigmed, large, med",62.03666666666667,[],[]
4279,C28H55O12P,3,"bigmed, med, tiny",59.31,[],[]
4275,C28H55NO5,3,"bigmed, med, tiny",67.07666666666667,[],[]
11967,C57H107O8P,3,"bigmed, large, tiny",58.173333333333325,[],[]
12558,C60H104O11,3,"bigmed, large, med",52.083333333333336,[],[]
5067,C31H55O10P,3,"large, med, tiny",77.14666666666666,[],[]
4624,C30H40O,3,"large, med, tiny",52.083333333333336,[],[]
11568,C55H84O14,3,"large, med, tiny",54.30666666666667,[],[]
12603,C60H110O13S,3,"bigmed, med, tiny",56.74,[],[]
4975,C31H49NO8,3,"bigmed, large, tiny",59.48666666666667,[],[]
4974,C31H49NO7,3,"bigmed, med, tiny",79.71,[],[]
1111,C16H29NO5,3,"large, med, tiny",72.30666666666666,[],[]
12594,C60H109NO17,3,"bigmed, med, tiny",77.19666666666667,[],[]
11584,C55H86O13S,3,"large, med, tiny",66.89999999999999,[],[]
11587,C55H86O4,3,"bigmed, med, tiny",52.67666666666667,[],[]
4964,C31H48O13,3,"large, med, tiny",70.73,[],[]
4957,C31H47O13P,3,"bigmed, med, tiny",73.83666666666666,[],[]
4956,C31H47O12P,3,"large, med, tiny",57.75666666666667,[],[]
11592,C55H87NO6,3,"bigmed, med, tiny",55.23333333333333,[],[]
4945,C31H46O9,3,"bigmed, med, tiny",66.21,[],[]
4944,C31H46O8,3,"bigmed, large, tiny",64.33,[],[]
6091,C35H58O4,3,"bigmed, med, tiny",73.65666666666667,[],[]
4940,C31H46O2,3,"bigmed, large, med",61.25666666666667,[],[]
11611,C55H89NO6,3,"bigmed, large, med",56.96,[],[]
11616,C55H90NO9P,3,"bigmed, large, tiny",56.31666666666666,[],[]
1256,C17H27N3O4S,3,"large, med, tiny",60.22666666666667,[],[]
4909,C31H43NO12,3,"large, med, tiny",68.79333333333334,[],[]
11619,C55H90O14,3,"bigmed, large, tiny",51.370000000000005,[],[]
11620,C55H90O15,3,"large, med, tiny",57.71666666666667,[],[]
4014,C28H31N2O3,3,"bigmed, med, tiny",61.11666666666667,[],[]
11634,C55H92NO9P,3,"bigmed, med, tiny",65.37333333333333,[],[]
11637,C55H92O5,3,"bigmed, med, tiny",60.92,[],[]
12591,C60H109NO11S,3,"bigmed, large, med",54.9,[],[]
4880,C30H60O2,3,"bigmed, med, tiny",68.42,[],[]
4879,C30H60O12P2,3,"large, med, tiny",54.72,[],[]
4876,C30H60N2O3,3,"large, med, tiny",55.2,[],[]
4979,C31H49O9P,3,"large, med, tiny",77.99000000000001,[],[]
11562,C55H82O6,3,"bigmed, large, large",56.79,[],[]
3983,C27H53NO4,3,"bigmed, med, tiny",63.39666666666667,[],[]
5022,C31H53N11O5,3,"bigmed, large, tiny",58.873333333333335,[],[]
3969,C27H52O11S,3,"bigmed, large, med",62.74666666666667,[],[]
12493,C5H10O,3,"bigmed, med, tiny",91.07,[],[]
1082,C16H27N9O5,3,"bigmed, med, tiny",84.95,[],[]
11490,C55H104O10,3,"large, med, tiny",54.27,[],[]
11492,C55H104O12,3,"large, med, tiny",53.99,[],[]
1083,C16H27NO11,3,"large, med, tiny",89.34333333333332,[],[]
11493,C55H104O12S,3,"large, large, tiny",67.96,[],[]
5046,C31H54O14,3,"large, med, tiny",73.33,[],[]
5045,C31H54O12,3,"bigmed, med, tiny",58.23,[],[]
1090,C16H28N4O5,3,"bigmed, med, tiny",81.69,[],[]
5033,C31H53O14P,3,"large, med, tiny",78.63666666666667,[],[]
11520,C55H107NO3,3,"large, med, tiny",57.35333333333333,[],[]
1092,C16H28N6O4,3,"bigmed, large, med",68.22666666666667,[],[]
3976,C27H53N2O6P,3,"large, med, tiny",76.19333333333334,[],[]
11556,C55H74N4O5,3,"bigmed, med, tiny",82.82333333333334,[],[]
5019,C31H52O7,3,"bigmed, large, tiny",60.03333333333333,[],[]
1096,C16H28O,3,"large, med, tiny",75.54333333333334,[],[]
1097,C16H28O2,3,"bigmed, med, tiny",65.72333333333334,[],[]
12610,C60H111O10P,3,"bigmed, med, tiny",55.97666666666667,[],[]
5006,C31H52NO9P,3,"large, med, tiny",78.91333333333334,[],[]
5005,C31H52NO7P,3,"large, med, tiny",70.69666666666667,[],[]
310,C12H13NO2S,3,"large, med, tiny",82.58,[],[]
1104,C16H29N3O6,3,"large, med, tiny",54.39333333333334,[],[]
5001,C31H52N2O5S,3,"bigmed, med, tiny",55.373333333333335,[],[]
4997,C31H51O13P,3,"large, large, med",56.29,[],[]
11539,C55H109NO4,3,"bigmed, large, tiny",54.23666666666667,[],[]
3981,C27H53NO3,3,"bigmed, med, tiny",83.67,[],[]
11550,C55H111NO5,3,"bigmed, med, tiny",56.97666666666667,[],[]
4875,C30H59O8P,3,"bigmed, med, tiny",56.53333333333333,[],[]
11703,C55H99NO6,3,"large, large, tiny",52.55,[],[]
4859,C30H58O2,3,"bigmed, large, med",61.78666666666667,[],[]
4049,C28H38O4,3,"large, med, tiny",64.13666666666667,[],[]
11835,C56H87O10P,3,"bigmed, large, tiny",56.19,[],[]
11840,C56H88O4,3,"large, med, tiny",64.25333333333333,[],[]
12571,C60H106O9,3,"bigmed, large, tiny",53.74666666666667,[],[]
1143,C16H31NO5,3,"large, med, tiny",74.58333333333333,[],[]
11843,C56H89NO13,3,"bigmed, med, tiny",65.23333333333333,[],[]
4709,C30H49N3O2,3,"large, med, tiny",64.66666666666667,[],[]
1151,C16H32N6O5,3,"large, large, tiny",55.27666666666666,[],[]
4706,C30H48O2,3,"bigmed, med, tiny",54.120000000000005,[],[]
11856,C56H91NO5,3,"large, med, tiny",67.01666666666667,[],[]
283,C11H23NO2,3,"bigmed, med, tiny",88.50999999999999,[],[]
4692,C30H47NO8,3,"large, med, tiny",59.65,[],[]
4689,C30H47NO6,3,"bigmed, large, med",63.29333333333333,[],[]
4688,C30H47NO5S,3,"bigmed, large, med",56.376666666666665,[],[]
11874,C56H95NO11S,3,"bigmed, med, tiny",71.90333333333332,[],[]
11833,C56H87NO10,3,"bigmed, large, med",59.82333333333333,[],[]
11877,C56H95NO5,3,"large, med, tiny",55.223333333333336,[],[]
11881,C56H95NO9,3,"bigmed, med, tiny",54.72,[],[]
4051,C28H38O7,3,"bigmed, large, large",61.28,[],[]
1152,C16H32N8O5,3,"large, med, tiny",69.15666666666667,[],[]
12559,C60H104O6,3,"bigmed, large, med",54.56666666666666,[],[]
4668,C30H46N2O3,3,"bigmed, med, tiny",58.31666666666666,[],[]
11887,C56H96O7,3,"large, med, tiny",52.51333333333333,[],[]
11888,C56H97NO14,3,"bigmed, med, tiny",54.09,[],[]
4659,C30H45NO5S,3,"large, med, tiny",64.45333333333333,[],[]
4654,C30H45NO10S,3,"large, med, tiny",69.52333333333333,[],[]
11920,C57H100O4,3,"bigmed, large, tiny",53.46666666666667,[],[]
4635,C30H42O8,3,"bigmed, large, med",69.91,[],[]
11926,C57H101NO8,3,"bigmed, med, tiny",61.01666666666667,[],[]
4727,C30H50NO8P,3,"bigmed, large, large",54.086666666666666,[],[]
11822,C56H84O10,3,"bigmed, med, tiny",59.10666666666666,[],[]
4835,C30H57N3O,3,"bigmed, med, tiny",62.74,[],[]
1130,C16H31ClO3,3,"large, large, med",55.50333333333333,[],[]
4834,C30H57N2O6P,3,"large, med, tiny",66.44666666666666,[],[]
4833,C30H56O6,3,"bigmed, large, tiny",59.373333333333335,[],[]
1129,C16H30O6,3,"large, med, tiny",66.69,[],[]
4830,C30H56O3,3,"bigmed, med, tiny",61.91333333333333,[],[]
4829,C30H56O2,3,"bigmed, med, tiny",59.51666666666667,[],[]
12586,C60H108O13S,3,"large, med, tiny",66.34666666666666,[],[]
4828,C30H56O14,3,"bigmed, med, tiny",60.00333333333333,[],[]
4827,C30H56O10,3,"bigmed, med, tiny",68.24666666666667,[],[]
237,C11H19NO6,3,"large, med, tiny",79.85000000000001,[],[]
4822,C30H55O9P,3,"bigmed, med, tiny",64.98666666666666,[],[]
12573,C60H107NO11S,3,"bigmed, large, med",61.30666666666667,[],[]
4807,C30H55N3O3,3,"bigmed, large, med",58.84666666666666,[],[]
4038,C28H37NO4,3,"bigmed, med, tiny",74.84666666666666,[],[]
4798,C30H54NO8P,3,"bigmed, med, tiny",67.68333333333334,[],[]
11818,C56H82O11,3,"large, med, tiny",61.25666666666667,[],[]
11752,C56H105O9P,3,"large, med, tiny",53.18,[],[]
11766,C56H107NO9,3,"bigmed, med, tiny",52.03333333333333,[],[]
4788,C30H53O11P,3,"bigmed, med, tiny",57.31,[],[]
293,C12H10O2S,3,"large, med, tiny",88.45666666666666,[],[]
4773,C30H52O2,3,"bigmed, med, tiny",56.43666666666667,[],[]
4771,C30H52O13,3,"bigmed, med, tiny",54.26666666666667,[],[]
4759,C30H52N4O5,3,"large, med, tiny",63.85666666666666,[],[]
4755,C30H51O9P,3,"bigmed, med, tiny",62.303333333333335,[],[]
11800,C56H111NO11S,3,"bigmed, med, tiny",62.806666666666665,[],[]
287,C11H8,3,"bigmed, med, tiny",77.29,[],[]
4745,C30H51NO6S,3,"bigmed, large, tiny",63.586666666666666,[],[]
11812,C56H113O12P,3,"bigmed, med, tiny",56.56,[],[]
4738,C30H50O9,3,"bigmed, med, tiny",72.66666666666667,[],[]
4942,C31H46O4,3,"bigmed, med, tiny",67.43333333333334,[],[]
10242,C50H78NO10P,3,"bigmed, med, tiny",59.51333333333333,[],[]
6093,C35H58O6,3,"bigmed, med, tiny",73.37,[],[]
9252,C46H85NO10,3,"bigmed, large, med",72.59666666666666,[],[]
7679,C41H70NO10P,3,"large, large, tiny",60.01333333333333,[],[]
7683,C41H70O10,3,"bigmed, med, tiny",74.49333333333333,[],[]
495,C13H17N3O,3,"bigmed, large, med",66.89333333333333,[],[]
665,C14H21N3O9S,3,"large, med, tiny",70.79,[],[]
7698,C41H71NO4,3,"large, med, tiny",55.2,[],[]
7699,C41H71NO6,3,"bigmed, med, tiny",54.23666666666667,[],[]
7727,C41H73NO4,3,"large, large, med",53.27333333333333,[],[]
657,C14H20NO4,3,"large, med, tiny",74.42,[],[]
9240,C46H84NO8P,3,"large, med, tiny",57.74666666666667,[],[]
9238,C46H84NO14P,3,"bigmed, med, tiny",71.24666666666667,[],[]
9231,C46H83O13P,3,"large, med, tiny",51.66333333333333,[],[]
7738,C41H74O10,3,"large, med, tiny",64.01333333333334,[],[]
7739,C41H74O11,3,"large, med, tiny",52.02333333333333,[],[]
9225,C46H83NO4,3,"bigmed, large, large",59.07333333333333,[],[]
7677,C41H69O7P,3,"bigmed, med, tiny",78.32,[],[]
9288,C46H88O15P2,3,"bigmed, med, tiny",82.97333333333334,[],[]
9289,C46H88O4,3,"bigmed, large, med",56.99333333333334,[],[]
7669,C41H69NO7S,3,"large, med, tiny",61.45666666666667,[],[]
672,C14H22N2O2,3,"bigmed, large, med",63.91,[],[]
7660,C41H68O13,3,"large, med, tiny",66.89,[],[]
9299,C46H89NO7,3,"bigmed, med, tiny",61.13666666666668,[],[]
7653,C41H68NO6P,3,"large, med, tiny",62.31666666666666,[],[]
7643,C41H67NO3,3,"bigmed, large, med",57.836666666666666,[],[]
494,C13H17ClN2O2,3,"large, med, tiny",54.66666666666666,[],[]
9310,C46H90O10,3,"bigmed, large, tiny",54.44333333333333,[],[]
7636,C41H66O13,3,"large, med, tiny",86.93666666666667,[],[]
9314,C46H91NO10,3,"bigmed, large, tiny",58.0,[],[]
9316,C46H91NO3,3,"large, med, tiny",54.18333333333334,[],[]
9317,C46H91NO5,3,"bigmed, large, med",54.93666666666667,[],[]
9321,C46H91O8P,3,"large, med, tiny",55.6,[],[]
9329,C46H93O9P,3,"bigmed, large, large",54.02666666666666,[],[]
9223,C46H83NO18,3,"bigmed, med, tiny",61.50333333333333,[],[]
7752,C41H75NO2,3,"large, large, large",57.080000000000005,[],[]
9333,C47H66O4,3,"bigmed, med, tiny",64.25333333333333,[],[]
7873,C42H62O4,3,"bigmed, med, tiny",63.24,[],[]
7841,C41H81NO3,3,"bigmed, large, med",57.56,[],[]
9147,C46H77NO9,3,"large, med, tiny",63.33666666666667,[],[]
7847,C41H81O12P,3,"large, large, med",54.88333333333333,[],[]
7850,C41H82NO10P,3,"large, med, tiny",67.24,[],[]
7869,C42H60O6,3,"large, med, tiny",68.15333333333332,[],[]
7870,C42H62NO10P,3,"large, med, tiny",79.50333333333333,[],[]
506,C13H18O4,3,"bigmed, med, tiny",78.40666666666668,[],[]
9205,C46H82N2O16,3,"large, med, tiny",57.653333333333336,[],[]
507,C13H18O5,3,"bigmed, large, med",65.64,[],[]
9116,C46H74O11,3,"large, med, tiny",59.446666666666665,[],[]
7909,C42H68O14,3,"large, med, tiny",65.54,[],[]
9103,C46H73NO6,3,"large, med, tiny",59.17,[],[]
635,C14H16O5,3,"bigmed, med, tiny",59.28,[],[]
7937,C42H70O4,3,"large, med, tiny",58.09666666666667,[],[]
9159,C46H78O14,3,"large, med, tiny",60.18,[],[]
645,C14H18O4,3,"bigmed, med, tiny",74.56666666666666,[],[]
7828,C41H80NO7P,3,"bigmed, med, tiny",53.51333333333334,[],[]
9167,C46H79NO12S,3,"large, med, tiny",67.21,[],[]
7818,C41H79O10P,3,"large, med, tiny",69.92333333333333,[],[]
7817,C41H79NO9,3,"bigmed, large, med",74.88333333333334,[],[]
9173,C46H79NO8,3,"large, large, med",55.74666666666667,[],[]
7797,C41H78O13S,3,"large, med, tiny",61.54666666666666,[],[]
9177,C46H80NO10P,3,"large, med, tiny",60.17,[],[]
7792,C41H78NO8P,3,"bigmed, med, tiny",62.19333333333333,[],[]
9178,C46H80NO8P,3,"bigmed, med, tiny",67.02333333333333,[],[]
9191,C46H81NO3,3,"bigmed, large, tiny",54.8,[],[]
7772,C41H76O6,3,"bigmed, large, large",57.123333333333335,[],[]
9201,C46H81O14P,3,"bigmed, med, tiny",81.07000000000001,[],[]
7764,C41H75O8P,3,"large, med, tiny",59.9,[],[]
7758,C41H75O11P,3,"bigmed, med, tiny",64.75333333333333,[],[]
7755,C41H75NO7,3,"bigmed, large, med",58.36000000000001,[],[]
7614,C41H64O13,3,"bigmed, med, tiny",57.66,[],[]
7602,C41H62O9,3,"bigmed, med, tiny",58.84,[],[]
630,C14H16N4,3,"bigmed, med, tiny",74.86,[],[]
9418,C47H77NO8,3,"bigmed, med, tiny",60.78333333333333,[],[]
7414,C40H68O13S,3,"large, med, tiny",78.55333333333334,[],[]
7417,C40H68O2,3,"large, med, tiny",57.20666666666667,[],[]
7419,C40H69N2O6P,3,"large, med, tiny",57.29666666666666,[],[]
7425,C40H69NO4,3,"bigmed, large, tiny",59.79,[],[]
7426,C40H69NO5,3,"bigmed, large, med",54.42,[],[]
7427,C40H69NO6,3,"large, med, tiny",59.01,[],[]
7430,C40H69NO9,3,"bigmed, med, tiny",61.903333333333336,[],[]
9399,C47H75O13P,3,"large, med, tiny",66.36,[],[]
7431,C40H69O10P,3,"bigmed, med, tiny",64.74,[],[]
9411,C47H76O5,3,"bigmed, med, tiny",62.43333333333334,[],[]
7446,C40H70O9,3,"bigmed, med, tiny",56.696666666666665,[],[]
7447,C40H71N2O7P,3,"bigmed, med, tiny",74.16666666666667,[],[]
711,C14H25N5O7,3,"large, med, tiny",91.44,[],[]
9408,C47H76O15,3,"bigmed, med, tiny",57.69,[],[]
7402,C40H67NO9,3,"bigmed, med, tiny",58.82333333333333,[],[]
9426,C47H78NO8P,3,"large, med, tiny",53.54,[],[]
9428,C47H78O10,3,"bigmed, large, med",58.473333333333336,[],[]
9432,C47H78O4,3,"large, med, tiny",54.10666666666666,[],[]
9434,C47H78O9,3,"bigmed, large, med",55.52,[],[]
9446,C47H79O8P,3,"bigmed, med, tiny",52.196666666666665,[],[]
9448,C47H80NO10P,3,"large, med, tiny",81.82666666666667,[],[]
7375,C40H64O5,3,"bigmed, med, tiny",73.10666666666667,[],[]
9456,C47H80O13S,3,"bigmed, large, med",52.64333333333334,[],[]
9460,C47H80O4,3,"large, large, med",59.53333333333333,[],[]
7354,C40H62,3,"bigmed, large, tiny",71.64333333333333,[],[]
7353,C40H61O8P,3,"bigmed, large, tiny",52.66333333333333,[],[]
7349,C40H61NO5,3,"bigmed, large, tiny",56.13333333333333,[],[]
7345,C40H59O15P,3,"large, med, tiny",58.51666666666667,[],[]
9463,C47H81NO10,3,"bigmed, large, med",58.81,[],[]
7339,C40H56O5,3,"large, med, tiny",64.72666666666667,[],[]
7335,C40H56,3,"large, med, tiny",58.086666666666666,[],[]
7474,C40H73NO14,3,"bigmed, med, tiny",57.32666666666666,[],[]
9396,C47H75NO6,3,"large, med, tiny",55.6,[],[]
7594,C41H60O2,3,"large, med, tiny",60.16666666666666,[],[]
9354,C47H71O9P,3,"large, med, tiny",84.85666666666667,[],[]
9361,C47H72O14,3,"large, med, tiny",59.29999999999999,[],[]
693,C14H24N4O7,3,"bigmed, med, tiny",60.25666666666666,[],[]
7545,C40H78NO10P,3,"bigmed, large, med",55.053333333333335,[],[]
9360,C47H72O10,3,"bigmed, med, tiny",58.11666666666667,[],[]
9359,C47H72NO9P,3,"large, med, tiny",63.75666666666666,[],[]
9355,C47H72NO10P,3,"bigmed, med, tiny",60.72,[],[]
9350,C47H71NO5,3,"bigmed, large, med",65.51,[],[]
9395,C47H75NO10,3,"bigmed, med, tiny",58.41,[],[]
9345,C47H70O2,3,"bigmed, large, med",55.3,[],[]
7575,C40H82NO6P,3,"large, large, tiny",60.2,[],[]
7581,C41H48N2O8,3,"large, med, tiny",68.19,[],[]
686,C14H23NO11,3,"bigmed, med, tiny",68.34,[],[]
7590,C41H60NO12P,3,"large, med, tiny",68.94,[],[]
7592,C41H60O12,3,"large, med, tiny",70.33333333333333,[],[]
7540,C40H77NO9,3,"bigmed, med, tiny",63.69,[],[]
7539,C40H77NO8,3,"bigmed, med, tiny",62.85333333333333,[],[]
7534,C40H77NO15,3,"bigmed, large, med",66.12333333333333,[],[]
7533,C40H77NO12S,3,"large, med, tiny",66.43333333333334,[],[]
7526,C40H76O15,3,"bigmed, med, tiny",65.93333333333334,[],[]
700,C14H24O3,3,"bigmed, med, tiny",68.5,[],[]
701,C14H24O8,3,"bigmed, med, tiny",60.60999999999999,[],[]
9367,C47H73NO10,3,"bigmed, large, med",56.67333333333334,[],[]
488,C13H16N4O2,3,"bigmed, med, tiny",76.39666666666666,[],[]
7517,C40H76NO10P,3,"bigmed, med, tiny",57.15,[],[]
9372,C47H73NO7,3,"bigmed, large, med",78.29,[],[]
9382,C47H74NO11P,3,"bigmed, large, med",54.88666666666666,[],[]
9383,C47H74NO7P,3,"bigmed, large, large",58.35666666666666,[],[]
9385,C47H74NO9P,3,"large, med, tiny",84.85666666666667,[],[]
9387,C47H74O11,3,"bigmed, large, med",52.26666666666667,[],[]
9388,C47H74O12,3,"bigmed, med, tiny",53.23,[],[]
9391,C47H74O2,3,"large, med, tiny",53.48333333333333,[],[]
7939,C42H70O9,3,"bigmed, med, tiny",62.26333333333334,[],[]
7949,C42H71O10P,3,"bigmed, med, tiny",55.31,[],[]
10352,C50H89NO11S,3,"large, med, tiny",60.26666666666667,[],[]
8789,C45H70NO8P,3,"large, med, tiny",80.73333333333333,[],[]
8822,C45H74O12S,3,"bigmed, large, med",59.25333333333333,[],[]
8370,C43H82O4,3,"bigmed, large, med",55.623333333333335,[],[]
8792,C45H70O11P2,3,"large, med, tiny",73.96666666666665,[],[]
8381,C43H83NO8,3,"large, large, med",56.72333333333333,[],[]
8791,C45H70O11,3,"bigmed, med, tiny",55.06,[],[]
8386,C43H83O14P,3,"large, med, tiny",54.02,[],[]
8787,C45H70NO10P,3,"bigmed, med, tiny",53.47,[],[]
552,C13H23N5O7,3,"bigmed, med, tiny",79.7,[],[]
8778,C45H69NO6,3,"bigmed, med, tiny",74.97333333333333,[],[]
8397,C43H85N2O7P,3,"large, med, tiny",58.54,[],[]
8774,C45H68O13S,3,"large, med, tiny",78.80000000000001,[],[]
8399,C43H85NO3,3,"bigmed, large, med",55.53333333333333,[],[]
8770,C45H68NO7P,3,"bigmed, med, tiny",57.86333333333334,[],[]
547,C13H23N3O6,3,"large, med, tiny",67.39666666666666,[],[]
8823,C45H74O15,3,"large, med, tiny",73.63,[],[]
8827,C45H74O9,3,"bigmed, large, med",64.84333333333333,[],[]
8338,C43H80NO8P,3,"bigmed, med, tiny",54.27666666666666,[],[]
8833,C45H75NO5,3,"large, med, tiny",55.17,[],[]
8332,C43H79O12P,3,"large, med, tiny",73.08999999999999,[],[]
8840,C45H76NO9P,3,"large, med, tiny",88.00333333333333,[],[]
8841,C45H76O10,3,"bigmed, med, tiny",56.446666666666665,[],[]
8316,C43H78O12S,3,"bigmed, med, tiny",62.376666666666665,[],[]
8309,C43H78NO7P,3,"bigmed, large, med",58.95333333333334,[],[]
8298,C43H77NO9,3,"large, med, tiny",61.63666666666666,[],[]
8861,C45H77NO6,3,"large, med, tiny",70.87333333333333,[],[]
8862,C45H77NO7,3,"large, med, tiny",59.95666666666667,[],[]
534,C13H21NO6,3,"bigmed, med, tiny",58.99666666666667,[],[]
8284,C43H76O4,3,"large, med, tiny",56.49,[],[]
8864,C45H77NO9,3,"bigmed, large, med",63.81666666666666,[],[]
8866,C45H77O12P,3,"large, med, tiny",73.31666666666666,[],[]
8278,C43H76O11P2,3,"bigmed, med, tiny",63.76,[],[]
8422,C43H89N2O6P,3,"bigmed, large, med",63.06666666666666,[],[]
8432,C44H62O6,3,"large, med, tiny",68.53666666666668,[],[]
8874,C45H78NO7P,3,"bigmed, large, tiny",56.25666666666667,[],[]
8662,C44H83NO5,3,"bigmed, large, tiny",55.71666666666667,[],[]
8541,C44H75O13P,3,"large, med, tiny",67.03666666666668,[],[]
8669,C44H83O13P,3,"bigmed, med, tiny",71.51333333333334,[],[]
8543,C44H76NO10P,3,"bigmed, large, large",64.54333333333334,[],[]
8668,C44H83O12P,3,"bigmed, large, large",51.1,[],[]
8666,C44H83O10P,3,"large, med, tiny",70.44666666666667,[],[]
8557,C44H76O9,3,"large, med, tiny",57.13333333333333,[],[]
8562,C44H77NO5,3,"large, med, tiny",57.76333333333333,[],[]
8442,C44H66NO8P,3,"large, med, tiny",62.93666666666667,[],[]
8564,C44H77NO6S,3,"large, med, tiny",61.07,[],[]
562,C13H24N6O6,3,"large, med, tiny",74.67666666666666,[],[]
8571,C44H77O12P,3,"large, med, tiny",62.07666666666666,[],[]
559,C13H24N4O5,3,"bigmed, med, tiny",68.67333333333333,[],[]
8592,C44H78O9,3,"large, med, tiny",59.16666666666666,[],[]
8600,C44H79NO4,3,"bigmed, large, large",62.76333333333334,[],[]
8528,C44H75N2O6P,3,"bigmed, med, tiny",73.70666666666666,[],[]
8525,C44H74O4,3,"large, med, tiny",64.56666666666666,[],[]
8679,C44H84NO8P,3,"large, med, tiny",55.39666666666667,[],[]
8682,C44H84O13S,3,"large, med, tiny",51.74,[],[]
8506,C44H73NO8,3,"large, med, tiny",59.89333333333334,[],[]
8695,C44H85NO3,3,"large, large, large",59.4,[],[]
8499,C44H73NO11S,3,"large, med, tiny",67.55999999999999,[],[]
8489,C44H72O10,3,"bigmed, med, tiny",62.02,[],[]
8480,C44H71NO7,3,"bigmed, med, tiny",70.70666666666666,[],[]
8701,C44H85NO9,3,"large, large, tiny",53.17666666666667,[],[]
8477,C44H70O15,3,"large, med, tiny",60.86000000000001,[],[]
8473,C44H70NO11P,3,"bigmed, large, med",56.836666666666666,[],[]
8469,C44H69NO7,3,"large, med, tiny",65.30333333333333,[],[]
8465,C44H69N5O10,3,"large, med, tiny",73.73,[],[]
8710,C44H86NO8P,3,"large, large, med",53.06333333333333,[],[]
8455,C44H68NO13P,3,"large, med, tiny",69.8,[],[]
8722,C44H87NO3,3,"large, large, tiny",64.66,[],[]
8274,C43H76NO12P,3,"bigmed, med, tiny",57.99333333333334,[],[]
8265,C43H75NO9,3,"bigmed, med, tiny",66.78,[],[]
9079,C46H70O,3,"large, med, tiny",60.88,[],[]
8066,C42H79O8P,3,"large, large, tiny",60.47666666666667,[],[]
603,C13H30NO6P,3,"large, med, tiny",54.8,[],[]
8041,C42H78NO8P,3,"bigmed, med, tiny",54.48666666666667,[],[]
8050,C42H78O5,3,"bigmed, large, tiny",55.85333333333333,[],[]
8056,C42H79NO15,3,"large, med, tiny",55.84333333333333,[],[]
602,C13H29O6P,3,"bigmed, large, med",71.60000000000001,[],[]
8065,C42H79O12P,3,"large, med, tiny",70.92999999999999,[],[]
8070,C42H80NO9P,3,"large, large, large",52.81333333333333,[],[]
8115,C42H83O11P,3,"bigmed, large, med",55.47666666666667,[],[]
8073,C42H80O13P2,3,"large, med, tiny",86.49000000000001,[],[]
8074,C42H80O13S,3,"bigmed, med, tiny",61.57666666666668,[],[]
8078,C42H80O5,3,"large, med, tiny",62.32333333333332,[],[]
8091,C42H81O11P,3,"large, med, tiny",57.26,[],[]
8992,C45H86NO8P,3,"bigmed, med, tiny",54.836666666666666,[],[]
525,C13H21N3O6S,3,"large, large, med",52.32333333333333,[],[]
9019,C45H88NO8P,3,"large, med, tiny",65.61,[],[]
9022,C45H88O16P2,3,"bigmed, large, med",61.76666666666666,[],[]
8019,C42H76O6,3,"large, med, tiny",50.98,[],[]
8012,C42H76NO7P,3,"bigmed, med, tiny",59.90333333333333,[],[]
8010,C42H75O9P,3,"bigmed, med, tiny",58.5,[],[]
8008,C42H75O13P,3,"large, med, tiny",63.45666666666667,[],[]
8005,C42H75O10P,3,"bigmed, med, tiny",59.05666666666667,[],[]
8004,C42H75NO9,3,"bigmed, large, tiny",58.16666666666666,[],[]
8000,C42H75NO4,3,"large, med, tiny",56.196666666666665,[],[]
7981,C42H74NO10P,3,"bigmed, med, tiny",61.11333333333334,[],[]
9064,C46H67O8P,3,"large, med, tiny",56.95666666666667,[],[]
7979,C42H73O8P,3,"bigmed, med, tiny",59.92666666666667,[],[]
612,C14H12N4O2S,3,"large, med, tiny",66.07000000000001,[],[]
7973,C42H73NO9,3,"bigmed, med, tiny",62.333333333333336,[],[]
616,C14H12O4,3,"bigmed, med, tiny",76.06333333333333,[],[]
7960,C42H72O12S,3,"bigmed, large, med",61.580000000000005,[],[]
9078,C46H70NO9P,3,"bigmed, med, tiny",62.876666666666665,[],[]
8109,C42H83NO3,3,"large, large, med",56.71333333333333,[],[]
8123,C42H85NO5,3,"large, large, tiny",63.03,[],[]
8263,C43H75NO6S,3,"bigmed, large, tiny",76.43,[],[]
8230,C43H73NO11S,3,"large, med, tiny",56.25666666666666,[],[]
8922,C45H81NO14,3,"bigmed, med, tiny",62.67666666666667,[],[]
8220,C43H72NO8P,3,"large, med, tiny",87.64,[],[]
8222,C43H72O11,3,"bigmed, med, tiny",56.04,[],[]
8223,C43H72O12,3,"bigmed, large, med",57.89666666666667,[],[]
8915,C45H80O4,3,"bigmed, med, tiny",64.79666666666667,[],[]
8229,C43H72O9,3,"bigmed, large, med",61.330000000000005,[],[]
8234,C43H73NO7,3,"bigmed, large, med",74.74333333333334,[],[]
8125,C42H85O7P,3,"large, large, tiny",54.07666666666666,[],[]
8908,C45H80NO8P,3,"bigmed, med, tiny",52.53,[],[]
8903,C45H79O8P,3,"bigmed, large, tiny",56.72,[],[]
8901,C45H79O14P,3,"bigmed, large, tiny",53.57,[],[]
8250,C43H74O14,3,"bigmed, large, large",58.01333333333333,[],[]
8887,C45H79N2O7P,3,"large, med, tiny",57.48333333333333,[],[]
8253,C43H74O7,3,"bigmed, large, tiny",55.22,[],[]
589,C13H26N6O5,3,"bigmed, med, tiny",77.96333333333334,[],[]
8202,C43H70O13S,3,"large, med, tiny",84.93333333333334,[],[]
8930,C45H81O11P,3,"bigmed, med, tiny",62.04333333333333,[],[]
8197,C43H70NO11P,3,"bigmed, med, tiny",52.403333333333336,[],[]
531,C13H21N5O6,3,"bigmed, large, tiny",69.22666666666667,[],[]
8186,C43H69NO6,3,"bigmed, large, med",53.57,[],[]
8948,C45H83NO4,3,"bigmed, large, tiny",60.73666666666667,[],[]
8952,C45H83O11P,3,"large, med, tiny",50.85,[],[]
8954,C45H83O13P,3,"large, med, tiny",58.13666666666666,[],[]
8152,C43H65N5O10,3,"large, med, tiny",68.14,[],[]
8965,C45H84O14,3,"bigmed, med, tiny",73.57333333333334,[],[]
8966,C45H84O15,3,"bigmed, med, tiny",58.88,[],[]
8141,C43H62O6,3,"large, med, tiny",60.23,[],[]
8973,C45H85NO10,3,"bigmed, med, tiny",64.11666666666666,[],[]
8130,C43H48N4O6,3,"large, med, tiny",73.84333333333333,[],[]
8129,C42H87N2O7P,3,"large, large, tiny",55.29666666666666,[],[]
8126,C42H86NO6P,3,"large, med, tiny",56.03,[],[]
7334,C40H54O4,3,"large, med, tiny",65.49333333333334,[],[]
9471,C47H81NO8,3,"large, large, med",52.72,[],[]
9477,C47H81O7P,3,"bigmed, med, tiny",58.17666666666667,[],[]
6516,C37H51NO6,3,"large, med, tiny",63.53666666666667,[],[]
6501,C36H73NO3,3,"bigmed, large, med",65.91,[],[]
6506,C36H75N2O6P,3,"bigmed, large, tiny",61.93333333333334,[],[]
10044,C49H86O11,3,"large, med, tiny",57.96666666666666,[],[]
6510,C37H48N4O5,3,"bigmed, med, tiny",68.42999999999999,[],[]
6513,C37H48O4,3,"bigmed, large, med",63.15,[],[]
859,C15H22O4,3,"large, med, tiny",74.14999999999999,[],[]
858,C15H22O3,3,"bigmed, med, tiny",68.96333333333332,[],[]
6561,C37H58N7O18P3S,3,"bigmed, large, tiny",79.10000000000001,[],[]
416,C12H23N,3,"large, med, tiny",68.85000000000001,[],[]
6543,C37H56NO9P,3,"bigmed, med, tiny",57.85333333333333,[],[]
6549,C37H56O4,3,"bigmed, large, tiny",55.876666666666665,[],[]
855,C15H22N6O7,3,"bigmed, med, tiny",63.41333333333333,[],[]
10009,C49H84NO11P,3,"bigmed, med, tiny",83.63333333333334,[],[]
10007,C49H83O9P,3,"large, large, med",55.946666666666665,[],[]
6499,C36H73N2O7P,3,"bigmed, large, med",61.93,[],[]
6497,C36H72O4,3,"bigmed, med, tiny",58.86333333333334,[],[]
10048,C49H86O4,3,"bigmed, med, tiny",60.51,[],[]
10055,C49H87NO7S,3,"bigmed, med, tiny",57.82666666666668,[],[]
6484,C36H71NO5,3,"bigmed, large, med",62.586666666666666,[],[]
864,C15H23N3O4,3,"bigmed, med, tiny",87.32333333333334,[],[]
6476,C36H70NO7P,3,"large, med, tiny",60.71,[],[]
6474,C36H70NO12P,3,"bigmed, med, tiny",62.54,[],[]
10067,C49H88O2,3,"bigmed, large, tiny",56.03666666666667,[],[]
866,C15H23N5O4,3,"bigmed, large, med",60.72,[],[]
870,C15H23NO3,3,"bigmed, large, med",61.63333333333333,[],[]
6457,C36H69NO10,3,"large, large, tiny",59.99,[],[]
6454,C36H68O9,3,"bigmed, large, med",63.85999999999999,[],[]
10082,C49H89O18P,3,"bigmed, med, tiny",54.14666666666667,[],[]
6450,C36H68O15,3,"large, med, tiny",68.23333333333333,[],[]
6445,C36H67O9P,3,"large, med, tiny",77.73,[],[]
412,C12H22O4,3,"bigmed, med, tiny",72.11999999999999,[],[]
853,C15H22N4O3,3,"bigmed, med, tiny",68.79,[],[]
852,C15H22N2O4,3,"bigmed, large, tiny",54.056666666666665,[],[]
10107,C49H93N2O6P,3,"bigmed, large, large",51.89333333333334,[],[]
6667,C37H66O5,3,"bigmed, large, med",55.04666666666666,[],[]
9934,C49H76NO11P,3,"bigmed, med, tiny",62.45,[],[]
9933,C49H76NO10P,3,"bigmed, large, med",55.25666666666667,[],[]
9927,C49H74O9,3,"large, med, tiny",60.403333333333336,[],[]
6660,C37H66NO13P,3,"large, med, tiny",64.28333333333333,[],[]
9921,C49H74NO10P,3,"bigmed, med, tiny",54.93333333333334,[],[]
9918,C49H73O10P,3,"bigmed, med, tiny",60.06,[],[]
6668,C37H66O6,3,"bigmed, med, tiny",53.156666666666666,[],[]
9995,C49H83NO3,3,"bigmed, large, med",57.833333333333336,[],[]
6672,C37H67NO12,3,"large, med, tiny",65.05,[],[]
822,C15H20,3,"bigmed, large, tiny",57.67666666666667,[],[]
6678,C37H67NO8,3,"large, large, tiny",57.55666666666667,[],[]
9907,C49H54NO10P,3,"large, med, tiny",53.57333333333333,[],[]
9892,C48H96NO9P,3,"bigmed, large, tiny",55.24333333333334,[],[]
6690,C37H68O12,3,"large, med, tiny",81.53666666666668,[],[]
9937,C49H76O11,3,"bigmed, med, tiny",63.72666666666667,[],[]
9939,C49H76O14,3,"bigmed, med, tiny",59.02,[],[]
6625,C37H63NO5,3,"bigmed, med, tiny",55.02666666666667,[],[]
9948,C49H78NO10P,3,"large, med, tiny",76.95666666666666,[],[]
6618,C37H62O5,3,"bigmed, med, tiny",68.21,[],[]
6607,C37H61O9P,3,"large, med, tiny",67.19,[],[]
9959,C49H79O7P,3,"large, med, tiny",58.20666666666667,[],[]
9961,C49H79O9P,3,"bigmed, med, tiny",60.53666666666666,[],[]
9966,C49H80O15,3,"bigmed, large, med",56.96666666666667,[],[]
9967,C49H80O2,3,"large, large, tiny",59.25,[],[]
6600,C37H61NO6,3,"large, med, tiny",73.99000000000001,[],[]
831,C15H20O6,3,"large, med, tiny",72.36,[],[]
6598,C37H61NO4,3,"bigmed, large, med",68.91666666666667,[],[]
834,C15H21N3O,3,"bigmed, large, tiny",71.29666666666667,[],[]
836,C15H21N3O3,3,"bigmed, med, tiny",78.45333333333333,[],[]
420,C12H23N5O2,3,"bigmed, med, tiny",63.03,[],[]
6576,C37H59NO6S,3,"large, med, tiny",55.056666666666665,[],[]
10101,C49H92NO11P,3,"bigmed, med, tiny",55.333333333333336,[],[]
411,C12H22O3,3,"bigmed, med, tiny",68.42333333333333,[],[]
473,C13H12O4,3,"bigmed, large, tiny",69.58666666666666,[],[]
901,C15H26N6O4S,3,"large, med, tiny",85.14666666666666,[],[]
10268,C50H80O13S,3,"bigmed, large, tiny",61.82666666666668,[],[]
6191,C35H66O6,3,"large, med, tiny",59.32333333333333,[],[]
907,C15H26N8O5,3,"bigmed, large, large",60.620000000000005,[],[]
902,C15H26N6O6,3,"bigmed, med, tiny",66.42333333333333,[],[]
6217,C35H69N2O6P,3,"bigmed, large, large",71.25333333333333,[],[]
381,C12H20O4,3,"bigmed, med, tiny",78.16000000000001,[],[]
6222,C35H69NO5,3,"large, large, med",64.98333333333333,[],[]
894,C15H25O8P,3,"bigmed, large, tiny",81.11,[],[]
383,C12H21N3O,3,"bigmed, med, tiny",63.15,[],[]
898,C15H26N4O7,3,"large, med, tiny",64.33,[],[]
3802,C27H41NO7,3,"large, med, tiny",59.32666666666668,[],[]
6243,C35H72NO6P,3,"bigmed, med, tiny",65.07,[],[]
10241,C50H77O8P,3,"large, med, tiny",61.34,[],[]
6246,C35H73N2O7P,3,"bigmed, large, med",58.89666666666667,[],[]
6183,C35H66NO12P,3,"large, med, tiny",82.15333333333334,[],[]
913,C15H27N3O4,3,"large, large, large",63.17666666666667,[],[]
379,C12H20O2,3,"bigmed, med, tiny",76.07333333333334,[],[]
10293,C50H83NO11S,3,"bigmed, med, tiny",61.85999999999999,[],[]
6169,C35H64O12S,3,"large, med, tiny",62.23333333333333,[],[]
10296,C50H83NO21,3,"bigmed, med, tiny",90.7,[],[]
10308,C50H84NO12P,3,"large, med, tiny",69.91333333333334,[],[]
6154,C35H63NO3,3,"bigmed, med, tiny",86.75333333333333,[],[]
10313,C50H84O4,3,"bigmed, large, med",53.656666666666666,[],[]
378,C12H20O10,3,"bigmed, med, tiny",73.22666666666667,[],[]
6141,C35H62NO13P,3,"bigmed, med, tiny",74.28666666666668,[],[]
6129,C35H61NO6,3,"bigmed, med, tiny",70.94333333333334,[],[]
377,C12H20O,3,"bigmed, med, tiny",78.76,[],[]
10336,C50H87NO6,3,"bigmed, large, tiny",52.02666666666667,[],[]
6112,C35H60NO9P,3,"large, med, tiny",80.81333333333333,[],[]
920,C15H27NO4,3,"bigmed, med, tiny",72.03666666666666,[],[]
10350,C50H89N2O6P,3,"bigmed, med, tiny",59.41333333333333,[],[]
10237,C50H77NO7,3,"bigmed, large, med",71.79,[],[]
6264,C36H52O2,3,"bigmed, large, tiny",62.223333333333336,[],[]
6425,C36H66O11S,3,"bigmed, med, tiny",62.10999999999999,[],[]
6384,C36H63NO8,3,"bigmed, large, med",55.76,[],[]
6325,C36H59O12P,3,"large, med, tiny",55.60333333333333,[],[]
398,C12H21NO6,3,"bigmed, med, tiny",71.61333333333333,[],[]
6339,C36H60O11S,3,"large, med, tiny",87.47666666666667,[],[]
882,C15H24O5,3,"bigmed, med, tiny",79.02,[],[]
10167,C4H10O3,3,"large, med, tiny",78.79,[],[]
6380,C36H63NO6,3,"bigmed, med, tiny",61.39333333333334,[],[]
10142,C49H96NO7P,3,"bigmed, large, tiny",52.98,[],[]
891,C15H25NO6,3,"bigmed, med, tiny",62.71666666666667,[],[]
407,C12H22O,3,"bigmed, med, tiny",76.74,[],[]
6412,C36H65O12P,3,"bigmed, med, tiny",55.31,[],[]
10121,C49H94NO8P,3,"bigmed, large, med",58.96666666666667,[],[]
876,C15H24N6O5,3,"bigmed, med, tiny",74.53333333333333,[],[]
10120,C49H94NO7P,3,"bigmed, med, tiny",57.05,[],[]
408,C12H22O11,3,"bigmed, med, tiny",82.34,[],[]
6321,C36H59NO3,3,"bigmed, med, tiny",57.13,[],[]
10201,C50H100NO9P,3,"bigmed, large, med",51.5,[],[]
6314,C36H58O4,3,"bigmed, large, large",58.39333333333334,[],[]
6313,C36H58O14,3,"large, med, tiny",64.36666666666666,[],[]
6311,C36H58O11,3,"large, med, tiny",60.52,[],[]
10208,C50H103N2O7P,3,"bigmed, large, tiny",61.23333333333333,[],[]
10209,C50H70O4,3,"bigmed, large, med",65.99,[],[]
6302,C36H57NO8,3,"bigmed, med, tiny",65.58333333333333,[],[]
10210,C50H70O6,3,"bigmed, large, med",64.42333333333333,[],[]
6297,C36H56O5,3,"large, med, tiny",70.70333333333333,[],[]
6293,C36H56O11,3,"bigmed, med, tiny",61.16,[],[]
10224,C50H75O10P,3,"large, med, tiny",62.82333333333333,[],[]
10225,C50H75O11P,3,"bigmed, med, tiny",72.70333333333333,[],[]
6286,C36H55NO7,3,"large, med, tiny",71.17,[],[]
10226,C50H75O7P,3,"large, large, tiny",53.41333333333333,[],[]
6268,C36H53NO11,3,"large, med, tiny",73.05,[],[]
6267,C36H53NO10,3,"bigmed, med, tiny",59.39333333333334,[],[]
9889,C48H95O9P,3,"bigmed, large, med",56.080000000000005,[],[]
9880,C48H94O5,3,"large, large, med",58.06,[],[]
9878,C48H94NO9P,3,"bigmed, med, tiny",65.47,[],[]
459,C12H27N,3,"bigmed, med, tiny",75.39999999999999,[],[]
9630,C48H71O9P,3,"large, med, tiny",56.3,[],[]
7091,C39H63NO3,3,"bigmed, med, tiny",65.88666666666666,[],[]
9621,C47H97N2O8P,3,"bigmed, large, med",54.696666666666665,[],[]
9620,C47H97N2O7P,3,"large, med, tiny",56.06333333333333,[],[]
7109,C39H64O9,3,"bigmed, med, tiny",59.02666666666666,[],[]
758,C14H28O6,3,"bigmed, med, tiny",68.76666666666667,[],[]
7115,C39H65NO6S,3,"large, med, tiny",63.27333333333333,[],[]
9586,C47H91N2O6P,3,"bigmed, large, tiny",54.14666666666667,[],[]
7116,C39H65O10P,3,"large, med, tiny",68.18,[],[]
9609,C47H93O7P,3,"bigmed, large, med",55.55666666666667,[],[]
9596,C47H91O9P,3,"bigmed, large, tiny",54.55666666666667,[],[]
9590,C47H91NO3,3,"large, large, med",56.77666666666666,[],[]
7148,C39H67NO9,3,"bigmed, large, med",59.28666666666667,[],[]
7155,C39H68NO11P,3,"bigmed, med, tiny",69.66333333333334,[],[]
9631,C48H72NO10P,3,"large, large, med",56.28,[],[]
7082,C39H62O12,3,"large, med, tiny",82.34666666666668,[],[]
451,C12H25NO,3,"bigmed, med, tiny",71.84666666666666,[],[]
7080,C39H62O11P2,3,"bigmed, med, tiny",59.03,[],[]
7074,C39H61O13P,3,"bigmed, med, tiny",60.09333333333333,[],[]
7070,C39H61NO9,3,"large, med, tiny",65.75333333333333,[],[]
9641,C48H73NO9,3,"large, med, tiny",56.54333333333333,[],[]
7065,C39H60O13S,3,"bigmed, med, tiny",58.24333333333333,[],[]
7063,C39H60O12,3,"bigmed, med, tiny",59.60333333333333,[],[]
9650,C48H74NO9P,3,"large, med, tiny",67.50333333333333,[],[]
448,C12H24O3,3,"bigmed, large, tiny",73.83333333333333,[],[]
7044,C39H56O11,3,"large, med, tiny",74.53,[],[]
7038,C39H47N5O5,3,"large, med, tiny",66.52333333333333,[],[]
7033,C38H79N2O6P,3,"bigmed, med, tiny",58.82333333333333,[],[]
7032,C38H78O12P2,3,"bigmed, med, tiny",77.48,[],[]
7028,C38H77N2O7P,3,"large, med, tiny",76.59333333333333,[],[]
9653,C48H74O15,3,"bigmed, large, tiny",52.723333333333336,[],[]
7156,C39H68NO13P,3,"bigmed, med, tiny",70.33999999999999,[],[]
7162,C39H68O15,3,"large, med, tiny",54.78333333333333,[],[]
6723,C37H70O9,3,"bigmed, large, large",70.05,[],[]
7270,C39H77NO11S,3,"large, med, tiny",63.49,[],[]
7252,C39H75O11P,3,"bigmed, med, tiny",58.93666666666667,[],[]
734,C14H27N3O5S,3,"large, med, tiny",58.03,[],[]
7256,C39H76NO11P,3,"bigmed, med, tiny",58.26,[],[]
732,C14H26O7,3,"large, med, tiny",69.42333333333333,[],[]
9503,C47H83NO9,3,"bigmed, large, med",58.96,[],[]
7269,C39H77N2O8P,3,"bigmed, med, tiny",72.24,[],[]
7292,C39H79NO3,3,"large, large, tiny",70.31666666666666,[],[]
9580,C47H90NO8P,3,"large, large, tiny",56.09666666666666,[],[]
7304,C3H10NO4P,3,"bigmed, med, tiny",84.52666666666666,[],[]
7308,C3H4Cl2,3,"large, large, med",63.07666666666666,[],[]
9490,C47H82O6,3,"bigmed, med, tiny",80.62,[],[]
7315,C3H7O4P,3,"bigmed, med, tiny",84.53333333333333,[],[]
7316,C3H7O5P,3,"bigmed, med, tiny",74.80666666666667,[],[]
9486,C47H82O14,3,"bigmed, med, tiny",60.63333333333333,[],[]
7246,C39H75NO13,3,"bigmed, med, tiny",79.35666666666667,[],[]
7239,C39H74O5,3,"bigmed, large, med",67.66666666666667,[],[]
7238,C39H74O4,3,"large, med, tiny",55.35999999999999,[],[]
739,C14H27NO2,3,"bigmed, large, tiny",58.59333333333333,[],[]
7226,C39H73O7P,3,"large, med, tiny",63.26,[],[]
740,C14H27NO3,3,"bigmed, med, tiny",69.44333333333333,[],[]
9535,C47H85O7P,3,"bigmed, large, tiny",58.556666666666665,[],[]
7214,C39H72O6,3,"large, large, med",54.19,[],[]
9553,C47H87O18P,3,"bigmed, med, tiny",55.47666666666667,[],[]
741,C14H27NO3S,3,"large, med, tiny",62.93666666666667,[],[]
